player,nationality,squad,age,birth_year,games_gk,games_starts_gk,minutes_gk,goals_against_gk,goals_against_per90_gk,shots_on_target_against,saves,save_pct,wins_gk,draws_gk,losses_gk,clean_sheets,clean_sheets_pct,pens_att_gk,pens_allowed,pens_saved,pens_missed_gk,free_kick_goals_against_gk,corner_kick_goals_against_gk,own_goals_against_gk,psxg_gk,psnpxg_per_shot_on_target_against,psxg_net_gk,psxg_net_per90_gk,passes_completed_launched_gk,passes_launched_gk,passes_pct_launched_gk,passes_gk,passes_throws_gk,pct_passes_launched_gk,passes_length_avg_gk,goal_kicks,pct_goal_kicks_launched,goal_kick_length_avg,crosses_gk,crosses_stopped_gk,crosses_stopped_pct_gk,def_actions_outside_pen_area_gk,def_actions_outside_pen_area_per90_gk,avg_distance_def_actions_gk,season
Alisson,br BRA,Liverpool,29-060,1992,12.0,12.0,1080.0,11.0,0.92,39.0,28.0,71.8,7.0,4.0,1.0,7.0,58.3,0.0,0.0,0.0,0.0,0.0,2.0,1.0,10.9,0.29,0.9,0.08,62.0,108.0,57.4,402.0,65.0,19.9,29.0,62.0,45.2,39.3,97.0,9.0,9.3,17.0,1.42,16.7,2021
Kepa Arrizabalaga,es ESP,Chelsea,27-059,1994,1.0,1.0,90.0,0.0,0.0,2.0,2.0,100.0,1.0,0.0,0.0,1.0,100.0,0.0,0.0,0.0,0.0,0.0,0.0,0.0,0.3,0.17,0.3,0.34,6.0,8.0,75.0,26.0,6.0,30.8,30.0,4.0,0.0,9.3,8.0,1.0,12.5,1.0,1.0,18.8,2021
Daniel Bachmann,at AUT,Watford,27-145,1994,5.0,5.0,450.0,11.0,2.2,25.0,16.0,60.0,1.0,0.0,4.0,0.0,0.0,1.0,1.0,0.0,0.0,1.0,2.0,1.0,9.0,0.33,-1.0,-0.19,24.0,69.0,34.8,116.0,29.0,44.0,39.6,41.0,43.9,40.3,42.0,2.0,4.8,2.0,0.4,13.8,2021
Asmir Begović,ba BIH,Everton,34-164,1987,1.0,1.0,90.0,3.0,3.0,3.0,1.0,0.0,0.0,0.0,1.0,0.0,0.0,0.0,0.0,0.0,0.0,0.0,0.0,1.0,0.9,0.31,-1.1,-1.08,5.0,16.0,31.3,11.0,2.0,72.7,50.5,12.0,66.7,49.6,5.0,1.0,20.0,0.0,0.0,15.0,2021
Karl Darlow,eng ENG,Newcastle Utd,31-054,1990,8.0,8.0,720.0,15.0,1.87,37.0,25.0,64.9,0.0,5.0,3.0,0.0,0.0,2.0,2.0,0.0,0.0,0.0,1.0,1.0,10.6,0.24,-3.4,-0.42,75.0,172.0,43.6,189.0,29.0,64.6,49.8,64.0,78.1,59.8,69.0,8.0,11.6,4.0,0.5,14.9,2021
Martin Dúbravka,sk SVK,Newcastle Utd,32-320,1989,2.0,2.0,180.0,3.0,1.5,12.0,9.0,75.0,0.0,1.0,1.0,0.0,0.0,0.0,0.0,0.0,0.0,0.0,0.0,0.0,4.0,0.34,1.0,0.52,14.0,44.0,31.8,55.0,13.0,43.6,40.9,25.0,80.0,57.4,21.0,1.0,4.8,0.0,0.0,9.2,2021
Ederson,br BRA,Manchester City,28-106,1993,12.0,12.0,1080.0,7.0,0.58,21.0,15.0,71.4,8.0,2.0,2.0,7.0,58.3,1.0,1.0,0.0,0.0,0.0,0.0,0.0,5.0,0.19,-2.0,-0.17,43.0,77.0,55.8,308.0,63.0,21.1,28.8,46.0,26.1,34.2,65.0,6.0,9.2,14.0,1.17,16.9,2021
Łukasz Fabiański,pl POL,West Ham,36-227,1985,13.0,13.0,1170.0,16.0,1.23,56.0,38.0,71.4,7.0,2.0,4.0,3.0,23.1,0.0,0.0,0.0,0.0,0.0,2.0,0.0,16.8,0.31,0.8,0.06,79.0,183.0,43.2,233.0,56.0,48.9,40.9,102.0,67.6,52.0,120.0,6.0,5.0,1.0,0.08,11.8,2021
Álvaro Fernández,es ESP,Brentford,23-232,1998,4.0,4.0,360.0,8.0,2.0,20.0,13.0,65.0,1.0,1.0,2.0,1.0,25.0,1.0,1.0,0.0,0.0,0.0,1.0,0.0,8.3,0.37,0.3,0.07,35.0,84.0,41.7,158.0,23.0,44.9,38.1,26.0,50.0,36.9,47.0,3.0,6.4,6.0,1.5,15.2,2021
Ben Foster,eng ENG,Watford,38-242,1983,8.0,8.0,720.0,13.0,1.62,34.0,21.0,61.8,3.0,1.0,4.0,0.0,0.0,1.0,0.0,1.0,0.0,0.0,2.0,0.0,13.6,0.37,0.6,0.07,79.0,197.0,40.1,206.0,22.0,66.5,51.4,69.0,87.0,63.9,73.0,4.0,5.5,8.0,1.0,16.8,2021
David de Gea,es ESP,Manchester Utd,31-024,1990,13.0,13.0,1170.0,22.0,1.69,59.0,38.0,64.4,5.0,3.0,5.0,2.0,15.4,4.0,1.0,3.0,0.0,0.0,3.0,2.0,22.9,0.37,2.9,0.22,43.0,107.0,40.2,191.0,37.0,28.3,32.0,113.0,46.9,40.3,103.0,4.0,3.9,3.0,0.23,13.9,2021
Vicente Guaita,es ESP,Crystal Palace,34-325,1987,14.0,14.0,1260.0,20.0,1.43,59.0,40.0,67.8,3.0,7.0,4.0,4.0,28.6,1.0,1.0,0.0,0.0,1.0,8.0,0.0,15.6,0.26,-4.4,-0.31,72.0,164.0,43.9,345.0,73.0,33.6,32.6,93.0,51.6,38.3,103.0,7.0,6.8,8.0,0.57,14.1,2021
Caoimhín Kelleher,ie IRL,Liverpool,23-008,1998,1.0,1.0,90.0,0.0,0.0,1.0,1.0,100.0,1.0,0.0,0.0,1.0,100.0,0.0,0.0,0.0,0.0,0.0,0.0,0.0,0.0,0.01,0.0,0.01,5.0,7.0,71.4,38.0,3.0,15.8,24.6,5.0,20.0,20.6,3.0,0.0,0.0,1.0,1.0,14.6,2021
Tim Krul,nl NED,Norwich City,33-242,1988,14.0,14.0,1260.0,28.0,2.0,68.0,43.0,63.2,2.0,4.0,8.0,3.0,21.4,4.0,3.0,1.0,0.0,0.0,3.0,2.0,25.3,0.34,-0.7,-0.05,104.0,268.0,38.8,425.0,70.0,47.3,40.7,117.0,57.3,46.7,128.0,6.0,4.7,5.0,0.36,12.7,2021
Bernd Leno,de GER,Arsenal,29-272,1992,3.0,3.0,270.0,9.0,3.0,18.0,8.0,50.0,0.0,0.0,3.0,0.0,0.0,0.0,0.0,0.0,0.0,0.0,1.0,0.0,7.1,0.39,-1.9,-0.65,11.0,39.0,28.2,61.0,11.0,37.7,36.3,26.0,61.5,45.7,30.0,2.0,6.7,1.0,0.33,13.1,2021
Hugo Lloris,fr FRA,Tottenham,34-340,1986,12.0,12.0,1080.0,17.0,1.42,51.0,36.0,68.6,6.0,1.0,5.0,4.0,33.3,1.0,1.0,0.0,0.0,0.0,3.0,1.0,16.2,0.3,0.2,0.02,69.0,154.0,44.8,211.0,41.0,46.4,38.1,104.0,53.8,41.2,110.0,3.0,2.7,5.0,0.42,14.1,2021
Emiliano Martínez,ar ARG,Aston Villa,29-090,1992,12.0,12.0,1080.0,18.0,1.5,50.0,33.0,64.0,5.0,1.0,6.0,4.0,33.3,2.0,0.0,1.0,1.0,1.0,4.0,1.0,14.2,0.27,-2.8,-0.23,74.0,181.0,40.9,289.0,42.0,47.1,40.2,93.0,48.4,41.5,92.0,5.0,5.4,12.0,1.0,15.7,2021
Alex McCarthy,eng ENG,Southampton,31-363,1989,13.0,13.0,1170.0,18.0,1.38,50.0,31.0,64.0,3.0,5.0,5.0,5.0,38.5,0.0,0.0,0.0,0.0,0.0,5.0,0.0,17.0,0.34,-1.0,-0.08,65.0,214.0,30.4,311.0,53.0,44.4,39.2,98.0,77.6,58.0,122.0,16.0,13.1,2.0,0.15,12.7,2021
Edouard Mendy,sn SEN,Chelsea,29-275,1992,12.0,12.0,1080.0,5.0,0.42,34.0,30.0,91.2,8.0,3.0,1.0,7.0,58.3,2.0,2.0,0.0,0.0,0.0,1.0,0.0,8.6,0.2,3.6,0.3,41.0,95.0,43.2,284.0,42.0,26.1,29.4,69.0,30.4,29.0,89.0,6.0,6.7,4.0,0.33,13.1,2021
Illan Meslier,fr FRA,Leeds United,21-274,2000,14.0,14.0,1260.0,20.0,1.43,63.0,42.0,69.8,3.0,6.0,5.0,3.0,21.4,1.0,1.0,0.0,0.0,0.0,4.0,1.0,19.5,0.3,0.5,0.04,58.0,179.0,32.4,438.0,94.0,31.1,31.0,122.0,35.2,34.7,84.0,8.0,9.5,16.0,1.14,15.7,2021
Jordan Pickford,eng ENG,Everton,27-269,1994,12.0,12.0,1080.0,17.0,1.42,49.0,33.0,67.3,4.0,3.0,5.0,3.0,25.0,1.0,1.0,0.0,0.0,0.0,4.0,0.0,15.4,0.3,-1.6,-0.13,71.0,247.0,28.7,267.0,40.0,64.8,49.6,93.0,79.6,64.0,111.0,10.0,9.0,9.0,0.75,14.6,2021
Nick Pope,eng ENG,Burnley,29-226,1992,12.0,12.0,1080.0,20.0,1.67,55.0,34.0,63.6,1.0,6.0,5.0,1.0,8.3,0.0,0.0,0.0,0.0,1.0,3.0,0.0,16.5,0.31,-3.5,-0.3,107.0,270.0,39.6,251.0,45.0,73.3,54.2,95.0,90.5,65.7,120.0,14.0,11.7,17.0,1.42,16.6,2021
Aaron Ramsdale,eng ENG,Arsenal,23-201,1998,10.0,10.0,900.0,8.0,0.8,43.0,31.0,81.4,7.0,2.0,1.0,6.0,60.0,0.0,0.0,0.0,0.0,0.0,0.0,0.0,10.7,0.26,2.7,0.27,64.0,166.0,38.6,274.0,53.0,42.7,37.3,67.0,73.1,56.5,92.0,9.0,9.8,5.0,0.5,14.8,2021
David Raya,es ESP,Brentford,26-077,1995,9.0,9.0,810.0,9.0,1.0,29.0,20.0,69.0,3.0,3.0,3.0,3.0,33.3,0.0,0.0,0.0,0.0,0.0,1.0,0.0,8.2,0.28,-0.8,-0.09,83.0,221.0,37.6,336.0,45.0,49.4,41.8,77.0,71.4,52.8,74.0,9.0,12.2,13.0,1.44,15.7,2021
José Sá,pt POR,Wolves,28-318,1993,13.0,13.0,1170.0,12.0,0.92,50.0,41.0,82.0,6.0,2.0,5.0,4.0,30.8,3.0,3.0,0.0,0.0,0.0,0.0,0.0,15.1,0.25,3.1,0.24,57.0,157.0,36.3,260.0,80.0,41.5,40.4,89.0,55.1,45.7,102.0,10.0,9.8,12.0,0.92,15.3,2021
Robert Sánchez,es ESP,Brighton,24-013,1997,12.0,12.0,1079.0,12.0,1.0,40.0,30.0,75.0,4.0,6.0,2.0,5.0,41.7,2.0,2.0,0.0,0.0,0.0,1.0,0.0,12.2,0.26,0.2,0.01,70.0,210.0,33.3,478.0,58.0,33.7,36.3,78.0,62.8,51.4,101.0,17.0,16.8,13.0,1.08,15.3,2021
Kasper Schmeichel,dk DEN,Leicester City,35-026,1986,13.0,13.0,1170.0,23.0,1.77,63.0,44.0,68.3,5.0,3.0,5.0,1.0,7.7,3.0,3.0,0.0,0.0,1.0,3.0,1.0,18.0,0.25,-4.0,-0.3,87.0,239.0,36.4,397.0,64.0,45.8,39.7,123.0,46.3,40.5,116.0,10.0,8.6,7.0,0.54,12.7,2021
Jason Steele,eng ENG,Brighton,31-105,1990,1.0,1.0,90.0,2.0,2.0,5.0,3.0,60.0,0.0,0.0,1.0,0.0,0.0,0.0,0.0,0.0,0.0,0.0,1.0,0.0,1.1,0.21,-0.9,-0.93,3.0,7.0,42.9,32.0,2.0,12.5,26.2,6.0,50.0,43.8,11.0,1.0,9.1,0.0,0.0,13.0,2021
Jed Steer,eng ENG,Aston Villa,29-069,1992,1.0,1.0,90.0,3.0,3.0,4.0,1.0,25.0,0.0,0.0,1.0,0.0,0.0,0.0,0.0,0.0,0.0,0.0,0.0,0.0,1.8,0.45,-1.2,-1.2,5.0,13.0,38.5,30.0,6.0,30.0,34.4,6.0,66.7,53.8,8.0,1.0,12.5,1.0,1.0,14.3,2021
Zack Steffen,us USA,Manchester City,26-243,1995,1.0,1.0,90.0,0.0,0.0,2.0,2.0,100.0,1.0,0.0,0.0,1.0,100.0,0.0,0.0,0.0,0.0,0.0,0.0,0.0,0.3,0.16,0.3,0.31,4.0,9.0,44.4,31.0,6.0,22.6,26.0,7.0,28.6,25.3,7.0,0.0,0.0,2.0,2.0,17.5,2021
Freddie Woodman,eng ENG,Newcastle Utd,24-272,1997,4.0,4.0,360.0,12.0,3.0,19.0,9.0,47.4,0.0,1.0,3.0,0.0,0.0,3.0,2.0,1.0,0.0,0.0,0.0,0.0,8.7,0.35,-3.3,-0.83,22.0,71.0,31.0,80.0,11.0,53.8,43.3,43.0,65.1,52.0,33.0,2.0,6.1,0.0,0.0,11.6,2021
Adrián,es ESP,Liverpool,33,1987,3.0,3.0,270.0,9.0,3.0,19.0,10.0,52.6,1.0,1.0,1.0,1.0,33.3,0.0,0.0,0.0,0.0,0.0,2.0,0.0,7.9,0.42,-1.1,-0.36,12.0,32.0,37.5,77.0,20.0,31.2,34.9,22.0,36.4,32.6,29.0,2.0,6.9,1.0,0.33,13.2,2020
Rúnar Alex Rúnarsson,is ISL,Arsenal,25,1995,1.0,0.0,16.0,0.0,0.0,2.0,2.0,100.0,0.0,0.0,0.0,0.0,0.0,0.0,0.0,0.0,0.0,0.0,0.0,0.0,0.1,0.04,0.1,0.5,0.0,3.0,0.0,10.0,2.0,30.0,31.8,1.0,0.0,30.0,4.0,0.0,0.0,0.0,0.0,17.5,2020
Alisson,br BRA,Liverpool,27,1992,33.0,33.0,2970.0,32.0,0.97,111.0,82.0,74.8,18.0,8.0,7.0,10.0,30.3,8.0,4.0,1.0,3.0,1.0,4.0,0.0,37.9,0.31,5.9,0.18,127.0,275.0,46.2,964.0,159.0,22.6,30.2,173.0,32.9,35.5,218.0,22.0,10.1,44.0,1.33,17.9,2020
Alphonse Areola,fr FRA,Fulham,27,1993,36.0,36.0,3240.0,48.0,1.33,156.0,114.0,73.1,5.0,13.0,18.0,9.0,25.0,6.0,6.0,0.0,0.0,0.0,4.0,1.0,54.6,0.32,7.6,0.21,171.0,431.0,39.7,752.0,158.0,38.2,34.0,249.0,57.8,43.1,325.0,32.0,9.8,20.0,0.56,13.9,2020
Kepa Arrizabalaga,es ESP,Chelsea,25,1994,7.0,6.0,585.0,8.0,1.23,22.0,15.0,68.2,2.0,2.0,2.0,2.0,33.3,1.0,1.0,0.0,0.0,0.0,0.0,0.0,7.4,0.31,-0.6,-0.09,38.0,78.0,48.7,198.0,39.0,29.8,30.8,45.0,42.2,35.0,40.0,5.0,12.5,6.0,0.92,18.1,2020
Jack Butland,eng ENG,Crystal Palace,27,1993,1.0,1.0,90.0,2.0,2.0,5.0,3.0,60.0,1.0,0.0,0.0,0.0,0.0,0.0,0.0,0.0,0.0,0.0,0.0,0.0,0.8,0.17,-1.2,-1.17,3.0,18.0,16.7,13.0,2.0,76.9,55.2,8.0,100.0,77.1,10.0,1.0,10.0,2.0,2.0,23.0,2020
David Button,eng ENG,West Brom,31,1989,1.0,1.0,90.0,2.0,2.0,7.0,5.0,71.4,1.0,0.0,0.0,0.0,0.0,0.0,0.0,0.0,0.0,0.0,1.0,0.0,1.7,0.24,-0.3,-0.31,8.0,29.0,27.6,25.0,2.0,68.0,49.2,12.0,100.0,67.0,10.0,1.0,10.0,0.0,0.0,10.0,2020
Willy Caballero,ar ARG,Chelsea,38,1981,1.0,1.0,90.0,3.0,3.0,3.0,0.0,0.0,0.0,1.0,0.0,0.0,0.0,0.0,0.0,0.0,0.0,0.0,1.0,0.0,1.5,0.49,-1.5,-1.54,1.0,3.0,33.3,20.0,2.0,15.0,24.6,6.0,0.0,19.7,8.0,0.0,0.0,2.0,2.0,22.0,2020
Scott Carson,eng ENG,Manchester City,34,1985,1.0,1.0,90.0,3.0,3.0,3.0,1.0,33.3,1.0,0.0,0.0,0.0,0.0,2.0,1.0,1.0,0.0,0.0,1.0,0.0,2.4,0.21,-0.6,-0.58,0.0,1.0,0.0,14.0,6.0,0.0,21.4,2.0,50.0,47.0,7.0,0.0,0.0,0.0,0.0,14.6,2020
Kiko Casilla,es ESP,Leeds United,33,1986,3.0,3.0,270.0,2.0,0.67,12.0,10.0,83.3,2.0,0.0,1.0,1.0,33.3,0.0,0.0,0.0,0.0,0.0,0.0,0.0,4.3,0.36,2.3,0.77,16.0,26.0,61.5,63.0,21.0,20.6,26.0,31.0,41.9,34.0,18.0,3.0,16.7,1.0,0.33,14.9,2020
Karl Darlow,eng ENG,Newcastle Utd,29,1990,25.0,25.0,2250.0,43.0,1.72,120.0,81.0,66.7,7.0,4.0,14.0,4.0,16.0,4.0,3.0,1.0,0.0,1.0,4.0,2.0,37.0,0.28,-4.0,-0.16,184.0,532.0,34.6,506.0,88.0,68.4,50.5,220.0,84.5,60.2,239.0,22.0,9.2,6.0,0.24,12.2,2020
Martin Dúbravka,sk SVK,Newcastle Utd,31,1989,13.0,13.0,1170.0,19.0,1.46,59.0,42.0,69.5,5.0,5.0,3.0,3.0,23.1,1.0,1.0,0.0,0.0,0.0,1.0,1.0,19.4,0.31,1.4,0.11,79.0,186.0,42.5,306.0,64.0,38.2,36.9,121.0,57.0,47.3,161.0,13.0,8.1,6.0,0.46,12.2,2020
Ederson,br BRA,Manchester City,26,1993,36.0,36.0,3240.0,28.0,0.78,84.0,63.0,75.0,25.0,5.0,6.0,19.0,52.8,8.0,7.0,1.0,0.0,0.0,2.0,1.0,29.2,0.28,2.2,0.06,139.0,305.0,45.6,932.0,148.0,24.9,31.5,158.0,46.2,43.0,179.0,14.0,7.8,23.0,0.64,15.7,2020
Łukasz Fabiański,pl POL,West Ham,35,1985,35.0,35.0,3150.0,44.0,1.26,134.0,96.0,69.4,17.0,8.0,10.0,10.0,28.6,6.0,3.0,2.0,1.0,0.0,4.0,4.0,44.8,0.31,4.8,0.14,281.0,662.0,42.4,731.0,141.0,60.9,46.2,271.0,80.1,57.0,357.0,27.0,7.6,11.0,0.31,12.4,2020
Fraser Forster,eng ENG,Southampton,32,1988,8.0,8.0,720.0,11.0,1.37,28.0,19.0,67.9,4.0,0.0,4.0,2.0,25.0,3.0,2.0,1.0,0.0,0.0,1.0,0.0,8.8,0.25,-2.2,-0.27,43.0,153.0,28.1,210.0,29.0,51.4,41.0,64.0,70.3,49.6,88.0,7.0,8.0,7.0,0.88,15.2,2020
David de Gea,es ESP,Manchester Utd,29,1990,26.0,26.0,2295.0,32.0,1.25,85.0,58.0,67.1,12.0,9.0,5.0,9.0,34.6,4.0,4.0,0.0,0.0,1.0,5.0,2.0,29.8,0.31,-0.2,-0.01,94.0,218.0,43.1,422.0,80.0,35.5,33.7,172.0,39.5,34.9,195.0,9.0,4.6,9.0,0.35,14.1,2020
Vicente Guaita,es ESP,Crystal Palace,33,1987,37.0,37.0,3330.0,64.0,1.73,168.0,105.0,63.7,11.0,8.0,18.0,8.0,21.6,4.0,3.0,1.0,0.0,1.0,9.0,0.0,61.8,0.36,-2.2,-0.06,253.0,721.0,35.1,766.0,147.0,58.9,43.9,314.0,86.0,60.9,367.0,26.0,7.1,15.0,0.41,13.1,2020
Dean Henderson,eng ENG,Manchester Utd,23,1997,13.0,12.0,1125.0,12.0,0.96,50.0,38.0,76.0,9.0,2.0,1.0,4.0,33.3,0.0,0.0,0.0,0.0,0.0,4.0,0.0,12.3,0.26,0.3,0.02,41.0,110.0,37.3,220.0,61.0,35.9,35.4,94.0,33.0,33.5,105.0,9.0,8.6,14.0,1.12,15.3,2020
Sam Johnstone,eng ENG,West Brom,27,1993,37.0,37.0,3330.0,74.0,2.0,228.0,161.0,70.6,4.0,11.0,22.0,6.0,16.2,12.0,7.0,2.0,3.0,2.0,13.0,3.0,75.3,0.3,4.3,0.12,336.0,961.0,35.0,987.0,169.0,71.2,51.3,295.0,87.5,60.9,348.0,25.0,7.2,26.0,0.7,14.5,2020
Caoimhín Kelleher,ie IRL,Liverpool,21,1998,2.0,2.0,180.0,1.0,0.5,7.0,6.0,85.7,1.0,0.0,1.0,1.0,50.0,0.0,0.0,0.0,0.0,0.0,0.0,0.0,2.2,0.32,1.2,0.62,8.0,19.0,42.1,48.0,10.0,31.3,34.1,14.0,28.6,33.7,19.0,2.0,10.5,1.0,0.5,18.3,2020
Bernd Leno,de GER,Arsenal,28,1992,35.0,35.0,3131.0,37.0,1.06,117.0,84.0,69.2,17.0,6.0,12.0,11.0,31.4,2.0,1.0,1.0,0.0,0.0,5.0,4.0,37.1,0.31,4.1,0.12,110.0,338.0,32.5,930.0,166.0,22.0,28.6,226.0,58.8,46.6,310.0,26.0,8.4,22.0,0.63,14.5,2020
Hugo Lloris,fr FRA,Tottenham,33,1986,38.0,38.0,3420.0,45.0,1.18,144.0,111.0,75.7,18.0,8.0,12.0,12.0,31.6,10.0,10.0,0.0,0.0,0.0,3.0,3.0,47.0,0.28,5.0,0.13,202.0,489.0,41.3,799.0,158.0,46.3,37.3,268.0,44.4,36.7,366.0,18.0,4.9,16.0,0.42,13.4,2020
Emiliano Martínez,ar ARG,Aston Villa,27,1992,38.0,38.0,3420.0,46.0,1.21,177.0,135.0,76.8,16.0,7.0,15.0,15.0,39.5,6.0,5.0,1.0,0.0,2.0,4.0,1.0,52.4,0.27,7.4,0.2,289.0,728.0,39.7,1041.0,162.0,52.7,42.5,254.0,70.5,52.9,393.0,33.0,8.4,21.0,0.55,13.1,2020
Alex McCarthy,eng ENG,Southampton,30,1989,30.0,30.0,2700.0,57.0,1.9,141.0,90.0,63.8,8.0,7.0,15.0,7.0,23.3,6.0,6.0,0.0,0.0,1.0,4.0,1.0,47.9,0.31,-8.1,-0.27,155.0,525.0,29.5,898.0,124.0,45.8,36.8,171.0,66.7,47.6,239.0,22.0,9.2,20.0,0.67,15.1,2020
Edouard Mendy,sn SEN,Chelsea,28,1992,31.0,31.0,2745.0,25.0,0.82,78.0,55.0,70.5,17.0,7.0,7.0,16.0,51.6,3.0,2.0,1.0,0.0,1.0,4.0,1.0,24.1,0.27,0.1,0.0,126.0,265.0,47.5,826.0,125.0,24.5,28.7,181.0,34.8,32.3,207.0,13.0,6.3,20.0,0.66,15.3,2020
Illan Meslier,fr FRA,Leeds United,20,2000,35.0,35.0,3150.0,52.0,1.49,177.0,134.0,75.1,16.0,5.0,14.0,11.0,31.4,9.0,8.0,1.0,0.0,1.0,11.0,2.0,55.3,0.27,5.3,0.15,181.0,409.0,44.3,1082.0,269.0,28.4,30.6,266.0,38.3,34.0,198.0,21.0,10.6,20.0,0.57,13.6,2020
Will Norris,eng ENG,Burnley,26,1993,2.0,2.0,180.0,4.0,2.0,6.0,2.0,33.3,0.0,0.0,2.0,0.0,0.0,0.0,0.0,0.0,0.0,0.0,2.0,0.0,1.1,0.19,-2.9,-1.44,21.0,50.0,42.0,37.0,1.0,89.2,62.6,19.0,89.5,67.7,18.0,1.0,5.6,1.0,0.5,15.1,2020
Robin Olsen,se SWE,Everton,30,1990,7.0,7.0,630.0,9.0,1.29,27.0,18.0,70.4,2.0,3.0,2.0,2.0,28.6,1.0,1.0,0.0,0.0,0.0,0.0,0.0,9.5,0.33,0.5,0.08,50.0,104.0,48.1,148.0,21.0,49.3,41.1,51.0,60.8,46.3,51.0,4.0,7.8,1.0,0.14,11.0,2020
Rui Patrício,pt POR,Wolves,32,1988,37.0,37.0,3329.0,51.0,1.38,140.0,96.0,68.6,12.0,9.0,16.0,10.0,27.0,8.0,7.0,1.0,0.0,1.0,9.0,3.0,44.6,0.28,-3.4,-0.09,205.0,453.0,45.3,536.0,130.0,52.8,40.5,265.0,64.2,44.9,374.0,22.0,5.9,6.0,0.16,11.5,2020
Bailey Peacock-Farrell,nir NIR,Burnley,23,1996,4.0,4.0,360.0,14.0,3.5,25.0,11.0,44.0,0.0,0.0,4.0,0.0,0.0,0.0,0.0,0.0,0.0,0.0,2.0,0.0,9.5,0.38,-4.5,-1.14,41.0,94.0,43.6,84.0,5.0,81.0,57.6,29.0,89.7,68.0,36.0,0.0,0.0,3.0,0.75,15.4,2020
Jordan Pickford,eng ENG,Everton,26,1994,31.0,31.0,2742.0,39.0,1.28,128.0,90.0,71.1,15.0,5.0,11.0,10.0,32.3,3.0,2.0,0.0,1.0,1.0,5.0,1.0,38.7,0.29,0.7,0.02,275.0,650.0,42.3,945.0,135.0,53.3,43.4,207.0,70.5,56.5,295.0,24.0,8.1,19.0,0.62,14.7,2020
Nick Pope,eng ENG,Burnley,28,1992,32.0,32.0,2880.0,37.0,1.16,148.0,114.0,77.0,10.0,9.0,13.0,11.0,34.4,3.0,3.0,0.0,0.0,0.0,7.0,1.0,40.9,0.26,4.9,0.15,292.0,757.0,38.6,728.0,128.0,74.3,53.0,251.0,86.1,62.3,325.0,42.0,12.9,41.0,1.28,16.5,2020
Aaron Ramsdale,eng ENG,Sheffield Utd,22,1998,38.0,38.0,3420.0,63.0,1.66,205.0,145.0,70.7,7.0,2.0,29.0,5.0,13.2,4.0,3.0,0.0,1.0,0.0,8.0,3.0,61.9,0.29,1.9,0.05,290.0,859.0,33.8,860.0,124.0,70.0,52.8,281.0,91.5,69.7,336.0,32.0,9.5,22.0,0.58,15.3,2020
Darren Randolph,ie IRL,West Ham,33,1987,3.0,3.0,270.0,3.0,1.0,9.0,6.0,66.7,2.0,0.0,1.0,1.0,33.3,0.0,0.0,0.0,0.0,0.0,3.0,0.0,3.6,0.4,0.6,0.21,13.0,43.0,30.2,44.0,5.0,65.9,47.3,22.0,63.6,47.0,32.0,0.0,0.0,1.0,0.33,12.2,2020
Marek Rodák,sk SVK,Fulham,23,1996,2.0,2.0,180.0,5.0,2.5,8.0,4.0,50.0,0.0,0.0,2.0,0.0,0.0,1.0,1.0,0.0,0.0,0.0,1.0,0.0,4.0,0.45,-1.0,-0.52,7.0,14.0,50.0,39.0,7.0,28.2,30.6,7.0,42.9,37.4,16.0,2.0,12.5,1.0,0.5,13.7,2020
John Ruddy,eng ENG,Wolves,33,1986,2.0,1.0,91.0,1.0,0.99,4.0,3.0,75.0,0.0,0.0,1.0,0.0,0.0,0.0,0.0,0.0,0.0,0.0,1.0,0.0,1.1,0.28,0.1,0.13,1.0,6.0,16.7,19.0,10.0,26.3,33.5,5.0,20.0,39.6,9.0,0.0,0.0,0.0,0.0,10.4,2020
Mathew Ryan,au AUS,Brighton,28,1992,11.0,11.0,990.0,19.0,1.73,30.0,16.0,50.0,2.0,4.0,5.0,2.0,18.2,4.0,4.0,0.0,0.0,0.0,3.0,1.0,14.8,0.37,-3.2,-0.29,57.0,141.0,40.4,341.0,56.0,33.4,32.5,58.0,46.6,40.2,103.0,7.0,6.8,6.0,0.55,14.4,2020
Mathew Ryan,au AUS,Arsenal,28,1992,3.0,3.0,270.0,2.0,0.67,9.0,8.0,88.9,1.0,1.0,1.0,1.0,33.3,1.0,1.0,0.0,0.0,0.0,0.0,0.0,4.2,0.36,2.2,0.73,6.0,11.0,54.5,58.0,19.0,13.8,26.3,9.0,33.3,33.0,20.0,4.0,20.0,1.0,0.33,13.4,2020
Robert Sánchez,es ESP,Brighton,22,1997,27.0,27.0,2430.0,27.0,1.0,87.0,63.0,71.3,7.0,10.0,10.0,10.0,37.0,3.0,2.0,0.0,1.0,0.0,6.0,1.0,30.8,0.34,4.8,0.18,182.0,472.0,38.6,918.0,107.0,40.5,38.3,177.0,56.5,46.7,210.0,11.0,5.2,14.0,0.52,14.4,2020
Kasper Schmeichel,dk DEN,Leicester City,33,1986,38.0,38.0,3420.0,50.0,1.32,134.0,87.0,65.7,20.0,6.0,12.0,11.0,28.9,4.0,4.0,0.0,0.0,0.0,9.0,2.0,48.5,0.34,0.5,0.01,226.0,533.0,42.4,1009.0,164.0,42.4,38.0,209.0,50.2,42.7,297.0,24.0,8.1,14.0,0.37,13.0,2020
Zack Steffen,us USA,Manchester City,25,1995,1.0,1.0,90.0,1.0,1.0,2.0,1.0,50.0,1.0,0.0,0.0,0.0,0.0,0.0,0.0,0.0,0.0,0.0,0.0,0.0,0.6,0.32,-0.4,-0.37,2.0,6.0,33.3,20.0,4.0,25.0,31.1,8.0,12.5,20.5,10.0,0.0,0.0,0.0,0.0,7.0,2020
João Virgínia,pt POR,Everton,20,1999,1.0,0.0,48.0,0.0,0.0,3.0,3.0,100.0,0.0,0.0,0.0,0.0,0.0,0.0,0.0,0.0,0.0,0.0,0.0,0.0,0.2,0.07,0.2,0.39,3.0,11.0,27.3,13.0,3.0,61.5,50.9,4.0,75.0,54.5,2.0,0.0,0.0,0.0,0.0,21.0,2020
Adrián,es ESP,Liverpool,32,1987,11.0,9.0,875.0,10.0,1.03,28.0,17.0,64.3,9.0,0.0,0.0,2.0,22.2,0.0,0.0,0.0,0.0,1.0,1.0,0.0,9.0,0.32,-1.0,-0.11,60.0,142.0,42.3,246.0,49.0,44.3,38.3,68.0,48.5,40.2,91.0,8.0,8.8,7.0,0.72,13.0,2019
Alisson,br BRA,Liverpool,26,1992,29.0,29.0,2543.0,23.0,0.81,79.0,58.0,72.2,23.0,3.0,3.0,13.0,44.8,1.0,1.0,0.0,0.0,0.0,1.0,1.0,22.6,0.28,0.6,0.02,138.0,255.0,54.1,755.0,132.0,24.9,31.7,170.0,39.4,38.8,197.0,16.0,8.1,37.0,1.31,17.5,2019
Kepa Arrizabalaga,es ESP,Chelsea,24,1994,33.0,33.0,2970.0,47.0,1.42,99.0,55.0,54.5,18.0,4.0,11.0,8.0,24.2,2.0,2.0,0.0,0.0,2.0,8.0,2.0,35.5,0.35,-9.5,-0.29,142.0,333.0,42.6,887.0,145.0,28.2,31.8,199.0,41.7,39.1,238.0,18.0,7.6,21.0,0.64,15.9,2019
Claudio Bravo,cl CHI,Manchester City,36,1983,4.0,3.0,347.0,7.0,1.82,15.0,8.0,53.3,2.0,0.0,1.0,1.0,33.3,0.0,0.0,0.0,0.0,0.0,0.0,0.0,4.2,0.28,-2.8,-0.72,19.0,47.0,40.4,104.0,13.0,27.9,31.5,28.0,64.3,48.2,35.0,3.0,8.6,1.0,0.26,12.4,2019
Willy Caballero,ar ARG,Chelsea,37,1981,5.0,5.0,450.0,7.0,1.4,16.0,10.0,56.3,2.0,2.0,1.0,1.0,20.0,0.0,0.0,0.0,0.0,0.0,3.0,1.0,5.9,0.37,-0.1,-0.02,32.0,74.0,43.2,137.0,15.0,45.3,35.8,28.0,42.9,36.8,20.0,0.0,0.0,2.0,0.4,12.4,2019
Martin Dúbravka,sk SVK,Newcastle Utd,30,1989,38.0,38.0,3420.0,58.0,1.53,190.0,134.0,70.5,11.0,11.0,16.0,11.0,28.9,2.0,2.0,0.0,0.0,2.0,11.0,2.0,66.0,0.34,10.0,0.26,295.0,778.0,37.9,756.0,121.0,63.6,48.4,337.0,88.1,64.4,384.0,20.0,5.2,14.0,0.37,12.3,2019
Ederson,br BRA,Manchester City,25,1993,35.0,35.0,3071.0,28.0,0.82,92.0,65.0,72.8,24.0,3.0,8.0,16.0,45.7,3.0,3.0,0.0,0.0,1.0,4.0,1.0,29.5,0.3,2.5,0.07,127.0,248.0,51.2,924.0,161.0,21.9,29.7,139.0,33.1,35.0,172.0,12.0,7.0,38.0,1.11,17.6,2019
Łukasz Fabiański,pl POL,West Ham,34,1985,25.0,25.0,2117.0,34.0,1.45,98.0,69.0,68.4,8.0,7.0,10.0,5.0,20.0,4.0,3.0,1.0,0.0,1.0,2.0,2.0,30.3,0.28,-1.7,-0.07,220.0,506.0,43.5,478.0,90.0,68.8,49.8,194.0,91.2,63.9,239.0,10.0,4.2,5.0,0.21,11.5,2019
Ralf Fährmann,de GER,Norwich City,30,1988,1.0,1.0,21.0,1.0,4.29,1.0,1.0,100.0,0.0,0.0,1.0,0.0,0.0,1.0,1.0,0.0,0.0,0.0,0.0,0.0,1.1,0.08,0.1,0.29,1.0,3.0,33.3,7.0,2.0,42.9,29.9,3.0,0.0,15.3,4.0,0.0,0.0,0.0,0.0,7.0,2019
Ben Foster,eng ENG,Watford,36,1983,38.0,38.0,3420.0,64.0,1.68,166.0,109.0,66.3,8.0,10.0,20.0,9.0,23.7,9.0,8.0,1.0,0.0,3.0,7.0,3.0,58.3,0.31,-2.7,-0.07,322.0,975.0,33.0,909.0,121.0,77.4,54.3,292.0,92.8,67.6,367.0,37.0,10.1,44.0,1.16,15.6,2019
Paulo Gazzaniga,ar ARG,Tottenham,27,1992,18.0,17.0,1613.0,26.0,1.45,79.0,56.0,70.9,5.0,5.0,7.0,2.0,11.8,4.0,3.0,1.0,0.0,1.0,2.0,1.0,25.4,0.29,0.4,0.02,81.0,273.0,29.7,376.0,58.0,45.7,38.9,140.0,72.1,58.0,168.0,9.0,5.4,12.0,0.67,14.2,2019
David de Gea,es ESP,Manchester Utd,28,1990,38.0,38.0,3420.0,36.0,0.95,125.0,92.0,73.6,18.0,12.0,8.0,13.0,34.2,3.0,3.0,0.0,0.0,1.0,8.0,1.0,37.1,0.28,2.1,0.05,120.0,311.0,38.6,669.0,148.0,33.8,34.3,265.0,32.1,33.9,285.0,15.0,5.3,11.0,0.29,13.3,2019
Vicente Guaita,es ESP,Crystal Palace,32,1987,35.0,35.0,3150.0,42.0,1.2,147.0,106.0,71.4,11.0,9.0,15.0,10.0,28.6,1.0,0.0,0.0,1.0,0.0,5.0,2.0,46.8,0.33,6.8,0.19,225.0,674.0,33.4,780.0,163.0,57.4,44.3,273.0,82.8,61.9,331.0,30.0,9.1,16.0,0.46,13.0,2019
Angus Gunn,eng ENG,Southampton,23,1996,10.0,10.0,900.0,25.0,2.5,53.0,30.0,56.6,2.0,2.0,6.0,2.0,20.0,2.0,2.0,0.0,0.0,1.0,1.0,0.0,18.1,0.31,-6.9,-0.69,46.0,190.0,24.2,177.0,24.0,68.9,50.4,79.0,86.1,60.4,81.0,6.0,7.4,8.0,0.8,16.4,2019
Tom Heaton,eng ENG,Aston Villa,33,1986,20.0,20.0,1794.0,35.0,1.76,99.0,67.0,67.7,6.0,3.0,11.0,4.0,20.0,3.0,3.0,0.0,0.0,1.0,7.0,1.0,32.6,0.31,-1.4,-0.07,129.0,384.0,33.6,418.0,95.0,57.7,45.9,196.0,73.0,56.5,225.0,17.0,7.6,8.0,0.4,11.7,2019
Dean Henderson,eng ENG,Sheffield Utd,22,1997,36.0,36.0,3240.0,33.0,0.92,129.0,97.0,75.2,14.0,11.0,11.0,13.0,36.1,3.0,1.0,1.0,1.0,0.0,2.0,0.0,38.2,0.3,5.2,0.14,252.0,853.0,29.5,777.0,99.0,77.7,58.7,258.0,96.5,75.7,291.0,23.0,7.9,17.0,0.47,13.8,2019
Wayne Hennessey,wls WAL,Crystal Palace,32,1987,3.0,3.0,270.0,8.0,2.67,22.0,14.0,63.6,0.0,1.0,2.0,0.0,0.0,0.0,0.0,0.0,0.0,1.0,2.0,0.0,8.8,0.4,0.8,0.28,31.0,88.0,35.2,64.0,6.0,82.8,56.2,39.0,89.7,67.2,35.0,3.0,8.6,1.0,0.33,14.7,2019
Tim Krul,nl NED,Norwich City,31,1988,36.0,36.0,3240.0,68.0,1.89,189.0,123.0,65.6,5.0,6.0,25.0,5.0,13.9,5.0,3.0,2.0,0.0,1.0,13.0,3.0,65.0,0.32,0.0,0.0,261.0,733.0,35.6,1217.0,178.0,45.1,39.8,333.0,55.3,45.1,383.0,28.0,7.3,17.0,0.47,14.0,2019
Bernd Leno,de GER,Arsenal,27,1992,30.0,30.0,2649.0,39.0,1.33,147.0,110.0,77.6,9.0,13.0,8.0,7.0,23.3,7.0,6.0,1.0,0.0,0.0,6.0,0.0,45.1,0.27,6.1,0.21,90.0,320.0,28.1,739.0,174.0,28.1,31.9,251.0,44.6,40.0,273.0,18.0,6.6,18.0,0.61,13.5,2019
Hugo Lloris,fr FRA,Tottenham,32,1986,21.0,21.0,1807.0,21.0,1.05,93.0,74.0,79.6,11.0,6.0,4.0,6.0,28.6,3.0,2.0,1.0,0.0,0.0,2.0,1.0,27.3,0.27,7.3,0.36,133.0,300.0,44.3,419.0,82.0,49.9,40.7,149.0,61.1,44.1,189.0,11.0,5.8,4.0,0.2,11.4,2019
David Martin,eng ENG,West Ham,33,1986,5.0,4.0,436.0,6.0,1.24,20.0,14.0,70.0,2.0,0.0,2.0,2.0,50.0,0.0,0.0,0.0,0.0,0.0,1.0,0.0,7.8,0.39,1.8,0.38,39.0,106.0,36.8,80.0,10.0,80.0,55.3,44.0,95.5,65.4,55.0,1.0,1.8,0.0,0.0,9.0,2019
Emiliano Martínez,ar ARG,Arsenal,26,1992,9.0,8.0,771.0,9.0,1.05,42.0,33.0,81.0,5.0,1.0,2.0,3.0,37.5,1.0,1.0,0.0,0.0,0.0,3.0,0.0,12.9,0.29,3.9,0.46,38.0,113.0,33.6,232.0,46.0,34.5,35.1,61.0,54.1,47.0,80.0,5.0,6.3,3.0,0.35,12.3,2019
Alex McCarthy,eng ENG,Southampton,29,1989,28.0,28.0,2520.0,35.0,1.25,110.0,77.0,69.1,13.0,5.0,10.0,7.0,25.0,2.0,1.0,1.0,0.0,0.0,4.0,1.0,40.5,0.36,6.5,0.23,198.0,556.0,35.6,638.0,74.0,63.9,48.0,177.0,83.6,61.4,258.0,20.0,7.8,14.0,0.5,14.8,2019
Michael McGovern,nir NIR,Norwich City,35,1984,2.0,1.0,159.0,6.0,3.4,11.0,5.0,45.5,0.0,0.0,1.0,0.0,0.0,1.0,0.0,1.0,0.0,0.0,0.0,0.0,4.9,0.36,-1.1,-0.62,9.0,29.0,31.0,37.0,10.0,54.1,38.4,14.0,64.3,45.8,16.0,0.0,0.0,1.0,0.57,15.3,2019
Simon Moore,eng ENG,Sheffield Utd,29,1990,2.0,2.0,180.0,6.0,3.0,12.0,6.0,50.0,0.0,1.0,1.0,0.0,0.0,0.0,0.0,0.0,0.0,0.0,0.0,0.0,4.3,0.36,-1.7,-0.86,10.0,39.0,25.6,37.0,4.0,75.7,58.9,11.0,100.0,76.5,5.0,0.0,0.0,0.0,0.0,11.4,2019
Ørjan Nyland,no NOR,Aston Villa,28,1990,7.0,5.0,539.0,12.0,2.0,26.0,14.0,53.8,0.0,2.0,3.0,1.0,20.0,0.0,0.0,0.0,0.0,0.0,0.0,0.0,8.6,0.33,-3.4,-0.57,37.0,109.0,33.9,129.0,28.0,49.6,44.0,53.0,84.9,62.5,56.0,2.0,3.6,3.0,0.5,13.2,2019
Rui Patrício,pt POR,Wolves,31,1988,38.0,38.0,3420.0,40.0,1.05,120.0,80.0,67.5,15.0,14.0,9.0,13.0,34.2,3.0,1.0,2.0,0.0,1.0,7.0,1.0,40.2,0.32,1.2,0.03,282.0,583.0,48.4,580.0,124.0,59.7,44.6,282.0,84.0,55.6,349.0,15.0,4.3,8.0,0.21,12.4,2019
Jordan Pickford,eng ENG,Everton,25,1994,38.0,38.0,3420.0,56.0,1.47,145.0,95.0,63.4,13.0,10.0,15.0,9.0,23.7,4.0,3.0,0.0,1.0,3.0,6.0,3.0,48.7,0.32,-4.3,-0.11,313.0,784.0,39.9,1100.0,179.0,55.6,45.8,273.0,63.0,53.4,315.0,25.0,7.9,23.0,0.61,14.6,2019
Nick Pope,eng ENG,Burnley,27,1992,38.0,38.0,3420.0,50.0,1.32,159.0,112.0,71.1,15.0,9.0,14.0,15.0,39.5,5.0,4.0,1.0,0.0,0.0,8.0,1.0,47.2,0.27,-1.8,-0.05,285.0,916.0,31.1,875.0,168.0,73.0,54.4,305.0,90.8,69.9,373.0,53.0,14.2,35.0,0.92,16.5,2019
Aaron Ramsdale,eng ENG,Bournemouth,21,1998,37.0,37.0,3330.0,62.0,1.68,177.0,120.0,67.8,9.0,7.0,21.0,5.0,13.5,6.0,5.0,1.0,0.0,4.0,5.0,0.0,61.7,0.32,-0.3,-0.01,199.0,655.0,30.4,835.0,184.0,53.7,44.8,289.0,71.6,58.9,321.0,20.0,6.2,17.0,0.46,14.2,2019
Darren Randolph,ie IRL,West Ham,32,1987,2.0,2.0,180.0,5.0,2.5,9.0,5.0,55.6,0.0,1.0,1.0,0.0,0.0,1.0,1.0,0.0,0.0,0.0,1.0,0.0,4.5,0.39,-0.5,-0.27,18.0,36.0,50.0,26.0,3.0,84.6,55.5,14.0,100.0,66.0,19.0,2.0,10.5,2.0,1.0,13.6,2019
Pepe Reina,es ESP,Aston Villa,36,1982,12.0,12.0,1080.0,20.0,1.67,50.0,32.0,64.0,3.0,3.0,6.0,2.0,16.7,3.0,2.0,1.0,0.0,0.0,3.0,0.0,18.6,0.33,-1.4,-0.12,113.0,229.0,49.3,302.0,47.0,54.3,42.4,93.0,69.9,49.3,110.0,7.0,6.4,8.0,0.67,15.3,2019
Roberto,es ESP,West Ham,33,1986,8.0,7.0,687.0,17.0,2.23,51.0,36.0,68.6,0.0,1.0,6.0,0.0,0.0,1.0,1.0,0.0,0.0,1.0,3.0,1.0,16.2,0.3,0.2,0.02,49.0,167.0,29.3,192.0,26.0,67.2,49.0,40.0,95.0,66.0,59.0,3.0,5.1,5.0,0.66,13.1,2019
Mathew Ryan,au AUS,Brighton,27,1992,38.0,38.0,3420.0,54.0,1.42,164.0,114.0,68.3,9.0,14.0,15.0,9.0,23.7,2.0,2.0,0.0,0.0,0.0,8.0,3.0,54.5,0.32,3.5,0.09,272.0,527.0,51.6,1188.0,232.0,33.8,33.8,274.0,45.6,38.7,314.0,24.0,7.6,19.0,0.5,13.9,2019
Kasper Schmeichel,dk DEN,Leicester City,32,1986,38.0,38.0,3420.0,41.0,1.08,126.0,95.0,73.8,18.0,8.0,12.0,13.0,34.2,10.0,8.0,2.0,0.0,0.0,7.0,2.0,42.2,0.28,3.2,0.08,239.0,488.0,49.0,936.0,151.0,39.9,37.4,242.0,47.5,40.8,293.0,10.0,3.4,27.0,0.71,15.7,2019
Jed Steer,eng ENG,Aston Villa,26,1992,1.0,1.0,7.0,0.0,0.0,0.0,0.0,0.0,0.0,0.0,1.0,0.0,0.0,0.0,0.0,0.0,0.0,0.0,0.0,0.0,0.0,0.0,0.0,0.0,0.0,1.0,0.0,1.0,0.0,0.0,26.0,1.0,100.0,70.0,0.0,0.0,0.0,0.0,0.0,0.0,2019
Mark Travers,ie IRL,Bournemouth,20,1999,1.0,1.0,90.0,3.0,3.0,5.0,2.0,40.0,0.0,0.0,1.0,0.0,0.0,0.0,0.0,0.0,0.0,0.0,0.0,0.0,2.6,0.52,-0.4,-0.39,7.0,13.0,53.8,24.0,5.0,33.3,34.5,8.0,62.5,45.4,7.0,0.0,0.0,0.0,0.0,14.9,2019
Alisson,br BRA,Liverpool,25,1992,38.0,38.0,3420.0,22.0,0.58,96.0,74.0,77.1,30.0,7.0,1.0,21.0,55.3,1.0,0.0,0.0,1.0,0.0,5.0,0.0,27.8,0.29,5.8,0.15,197.0,397.0,49.6,1055.0,196.0,27.2,32.5,213.0,51.6,46.3,272.0,22.0,8.1,39.0,1.03,16.7,2018
Kepa Arrizabalaga,es ESP,Chelsea,23,1994,36.0,36.0,3240.0,39.0,1.08,117.0,78.0,67.5,20.0,8.0,8.0,14.0,38.9,2.0,1.0,1.0,0.0,0.0,6.0,0.0,37.0,0.3,-2.0,-0.06,186.0,323.0,57.6,898.0,168.0,22.5,29.0,259.0,46.7,41.6,245.0,17.0,6.9,22.0,0.61,15.7,2018
Asmir Begović,ba BIH,Bournemouth,31,1987,24.0,24.0,2160.0,47.0,1.96,102.0,58.0,55.9,8.0,3.0,13.0,5.0,20.8,2.0,2.0,0.0,0.0,0.0,6.0,2.0,37.9,0.36,-7.1,-0.3,135.0,340.0,39.7,472.0,120.0,44.9,39.8,185.0,69.2,54.1,234.0,24.0,10.3,9.0,0.38,14.0,2018
Marcus Bettinelli,eng ENG,Fulham,26,1992,7.0,7.0,630.0,20.0,2.86,38.0,18.0,50.0,1.0,2.0,4.0,0.0,0.0,3.0,1.0,1.0,1.0,0.0,1.0,0.0,17.8,0.43,-2.2,-0.31,68.0,147.0,46.3,178.0,33.0,51.7,42.1,67.0,82.1,57.6,71.0,6.0,8.5,5.0,0.71,13.9,2018
Artur Boruc,pl POL,Bournemouth,38,1980,12.0,12.0,1080.0,18.0,1.5,52.0,36.0,71.2,4.0,3.0,5.0,4.0,33.3,3.0,3.0,0.0,0.0,2.0,2.0,0.0,16.9,0.28,-1.1,-0.09,64.0,186.0,34.4,236.0,59.0,45.3,40.9,114.0,69.3,53.7,125.0,4.0,3.2,4.0,0.33,13.5,2018
David Button,eng ENG,Brighton,29,1989,4.0,4.0,360.0,5.0,1.25,16.0,12.0,81.3,1.0,1.0,2.0,1.0,25.0,2.0,2.0,0.0,0.0,0.0,0.0,0.0,5.0,0.2,0.0,0.0,27.0,88.0,30.7,72.0,10.0,75.0,53.3,34.0,100.0,70.0,36.0,1.0,2.8,1.0,0.25,11.5,2018
Willy Caballero,ar ARG,Chelsea,36,1981,2.0,2.0,180.0,0.0,0.0,3.0,3.0,100.0,1.0,1.0,0.0,2.0,100.0,0.0,0.0,0.0,0.0,0.0,0.0,0.0,0.4,0.14,0.4,0.2,14.0,26.0,53.8,47.0,9.0,29.8,31.1,16.0,75.0,48.9,18.0,4.0,22.2,0.0,0.0,8.8,2018
Petr Čech,cz CZE,Arsenal,36,1982,7.0,7.0,585.0,9.0,1.38,35.0,26.0,74.3,5.0,0.0,2.0,2.0,28.6,0.0,0.0,0.0,0.0,0.0,1.0,0.0,11.1,0.33,2.1,0.32,32.0,102.0,31.4,213.0,49.0,33.3,35.9,54.0,57.4,50.4,72.0,6.0,8.3,4.0,0.62,14.1,2018
Joel Coleman,eng ENG,Huddersfield,22,1995,1.0,1.0,90.0,1.0,1.0,3.0,1.0,66.7,0.0,1.0,0.0,0.0,0.0,0.0,0.0,0.0,0.0,0.0,0.0,0.0,0.8,0.27,-0.2,-0.19,6.0,30.0,20.0,31.0,0.0,77.4,54.8,6.0,100.0,68.3,10.0,0.0,0.0,0.0,0.0,12.7,2018
Martin Dúbravka,sk SVK,Newcastle Utd,29,1989,38.0,38.0,3420.0,48.0,1.26,136.0,95.0,69.1,12.0,9.0,17.0,11.0,28.9,6.0,6.0,0.0,0.0,2.0,10.0,1.0,49.2,0.33,2.2,0.06,276.0,740.0,37.3,854.0,145.0,54.6,43.9,322.0,85.1,62.5,412.0,36.0,8.7,23.0,0.61,13.2,2018
Ederson,br BRA,Manchester City,24,1993,38.0,38.0,3420.0,23.0,0.61,76.0,57.0,75.0,32.0,2.0,4.0,20.0,52.6,4.0,4.0,0.0,0.0,1.0,5.0,0.0,27.5,0.32,4.5,0.12,148.0,290.0,51.0,912.0,176.0,21.9,30.0,187.0,48.1,47.8,182.0,17.0,9.3,27.0,0.71,16.8,2018
Neil Etheridge,ph PHI,Cardiff City,28,1990,38.0,38.0,3420.0,69.0,1.82,201.0,135.0,67.7,10.0,4.0,24.0,10.0,26.3,7.0,4.0,3.0,0.0,1.0,12.0,0.0,71.1,0.33,2.1,0.06,335.0,1119.0,29.9,883.0,50.0,90.8,61.9,320.0,99.1,70.3,293.0,20.0,6.8,35.0,0.92,15.6,2018
Łukasz Fabiański,pl POL,West Ham,33,1985,38.0,38.0,3420.0,55.0,1.45,192.0,140.0,73.4,15.0,7.0,16.0,7.0,18.4,5.0,4.0,1.0,0.0,0.0,10.0,1.0,65.4,0.33,11.4,0.3,323.0,871.0,37.1,928.0,155.0,62.9,49.4,308.0,93.2,68.2,367.0,36.0,9.8,17.0,0.45,13.5,2018
Fabricio,es ESP,Fulham,30,1987,2.0,2.0,180.0,5.0,2.5,22.0,16.0,77.3,0.0,0.0,2.0,0.0,0.0,0.0,0.0,0.0,0.0,1.0,0.0,0.0,7.2,0.33,2.2,1.1,16.0,29.0,55.2,47.0,14.0,42.6,38.6,14.0,64.3,41.5,18.0,0.0,0.0,2.0,1.0,14.4,2018
Fraser Forster,eng ENG,Southampton,30,1988,1.0,1.0,90.0,3.0,3.0,6.0,3.0,50.0,0.0,0.0,1.0,0.0,0.0,0.0,0.0,0.0,0.0,0.0,0.0,0.0,1.9,0.32,-1.1,-1.08,5.0,18.0,27.8,16.0,4.0,68.8,47.9,7.0,100.0,74.3,4.0,0.0,0.0,0.0,0.0,10.0,2018
Ben Foster,eng ENG,Watford,35,1983,38.0,38.0,3420.0,59.0,1.55,170.0,114.0,67.6,14.0,8.0,16.0,7.0,18.4,5.0,4.0,1.0,0.0,2.0,7.0,3.0,56.3,0.32,0.3,0.01,366.0,979.0,37.4,944.0,106.0,73.7,52.8,307.0,92.2,68.3,380.0,35.0,9.2,48.0,1.26,15.7,2018
Paulo Gazzaniga,ar ARG,Tottenham,26,1992,3.0,3.0,270.0,2.0,0.67,13.0,11.0,84.6,2.0,0.0,1.0,1.0,33.3,0.0,0.0,0.0,0.0,0.0,0.0,0.0,4.7,0.36,2.7,0.9,18.0,50.0,36.0,80.0,12.0,35.0,35.4,26.0,84.6,59.3,36.0,2.0,5.6,1.0,0.33,13.9,2018
David de Gea,es ESP,Manchester Utd,27,1990,38.0,38.0,3420.0,54.0,1.42,169.0,124.0,71.6,19.0,9.0,10.0,7.0,18.4,6.0,6.0,0.0,0.0,2.0,7.0,3.0,49.6,0.27,-1.4,-0.04,321.0,686.0,46.8,772.0,145.0,54.0,44.5,332.0,81.0,60.6,307.0,18.0,5.9,13.0,0.34,12.4,2018
Vicente Guaita,es ESP,Crystal Palace,31,1987,20.0,20.0,1755.0,23.0,1.18,84.0,60.0,73.8,10.0,4.0,6.0,7.0,35.0,1.0,1.0,0.0,0.0,0.0,2.0,1.0,21.6,0.25,-0.4,-0.02,134.0,418.0,32.1,403.0,83.0,60.5,47.4,190.0,91.6,64.3,207.0,17.0,8.2,4.0,0.21,12.1,2018
Angus Gunn,eng ENG,Southampton,22,1996,12.0,12.0,1080.0,18.0,1.5,48.0,30.0,62.5,4.0,4.0,4.0,3.0,25.0,1.0,0.0,1.0,0.0,0.0,4.0,0.0,15.2,0.31,-2.8,-0.23,73.0,257.0,28.4,216.0,15.0,80.1,55.8,91.0,92.3,67.3,101.0,6.0,5.9,8.0,0.67,13.5,2018
Ben Hamer,eng ENG,Huddersfield,30,1987,7.0,7.0,553.0,21.0,3.42,38.0,21.0,52.6,0.0,1.0,6.0,1.0,14.3,3.0,3.0,0.0,0.0,2.0,2.0,1.0,15.9,0.35,-4.1,-0.67,63.0,167.0,37.7,154.0,12.0,79.2,53.6,52.0,86.5,62.3,53.0,4.0,7.5,2.0,0.33,14.2,2018
Joe Hart,eng ENG,Burnley,31,1987,19.0,19.0,1710.0,41.0,2.16,116.0,77.0,65.5,3.0,3.0,13.0,4.0,21.1,2.0,1.0,1.0,0.0,1.0,8.0,1.0,38.2,0.32,-1.8,-0.09,189.0,503.0,37.6,420.0,47.0,79.0,56.9,178.0,96.1,72.5,203.0,12.0,5.9,15.0,0.79,14.4,2018
Tom Heaton,eng ENG,Burnley,32,1986,19.0,19.0,1710.0,27.0,1.42,81.0,57.0,67.9,8.0,4.0,7.0,4.0,21.1,1.0,1.0,0.0,0.0,1.0,2.0,3.0,23.0,0.28,-1.0,-0.05,172.0,473.0,36.4,416.0,45.0,77.2,55.2,171.0,88.9,66.1,228.0,10.0,4.4,15.0,0.79,15.2,2018
Wayne Hennessey,wls WAL,Crystal Palace,31,1987,18.0,17.0,1575.0,26.0,1.49,65.0,42.0,64.6,4.0,3.0,10.0,5.0,29.4,4.0,3.0,1.0,0.0,1.0,5.0,0.0,22.1,0.29,-3.9,-0.22,115.0,352.0,32.7,366.0,60.0,62.3,49.2,145.0,85.5,68.4,183.0,8.0,4.4,13.0,0.74,15.1,2018
Bernd Leno,de GER,Arsenal,26,1992,32.0,31.0,2835.0,42.0,1.33,137.0,103.0,74.5,16.0,7.0,8.0,7.0,22.6,7.0,7.0,0.0,0.0,1.0,4.0,2.0,44.4,0.29,4.4,0.14,140.0,434.0,32.3,877.0,174.0,33.9,35.7,226.0,60.6,49.7,257.0,16.0,6.2,19.0,0.6,14.7,2018
Hugo Lloris,fr FRA,Tottenham,31,1986,33.0,33.0,2970.0,33.0,1.0,121.0,92.0,75.2,21.0,2.0,10.0,12.0,36.4,5.0,3.0,2.0,0.0,1.0,5.0,3.0,40.2,0.31,10.2,0.31,224.0,485.0,46.2,940.0,158.0,37.0,36.1,251.0,54.6,46.0,285.0,11.0,3.9,15.0,0.45,14.4,2018
Jonas Lössl,dk DEN,Huddersfield,29,1989,31.0,30.0,2777.0,54.0,1.75,136.0,86.0,63.2,3.0,5.0,22.0,5.0,16.7,5.0,4.0,1.0,0.0,1.0,6.0,0.0,47.3,0.33,-6.7,-0.22,318.0,702.0,45.3,891.0,94.0,59.1,45.8,221.0,79.2,60.2,217.0,24.0,11.1,21.0,0.68,14.2,2018
Alex McCarthy,eng ENG,Southampton,28,1989,25.0,25.0,2250.0,44.0,1.76,116.0,77.0,63.8,5.0,8.0,12.0,4.0,16.0,2.0,2.0,0.0,0.0,0.0,4.0,3.0,37.8,0.31,-3.2,-0.13,141.0,449.0,31.4,471.0,79.0,62.2,48.5,186.0,83.9,62.8,250.0,22.0,8.8,12.0,0.48,14.3,2018
Will Norris,eng ENG,Wolves,24,1993,1.0,0.0,0.0,0.0,0.0,0.0,0.0,0.0,0.0,0.0,0.0,1.0,0.0,0.0,0.0,0.0,0.0,0.0,0.0,0.0,0.0,0.0,0.0,0.0,0.0,0.0,0.0,0.0,0.0,0.0,0.0,0.0,0.0,0.0,0.0,0.0,0.0,0.0,0.0,0.0,2018
Rui Patrício,pt POR,Wolves,30,1988,37.0,37.0,3330.0,46.0,1.24,136.0,95.0,68.4,15.0,9.0,13.0,8.0,21.6,4.0,3.0,0.0,1.0,1.0,7.0,4.0,38.7,0.27,-3.3,-0.09,250.0,588.0,42.5,579.0,107.0,60.8,44.0,285.0,82.8,56.9,299.0,20.0,6.7,13.0,0.35,12.7,2018
Jordan Pickford,eng ENG,Everton,24,1994,38.0,38.0,3420.0,46.0,1.21,130.0,87.0,66.2,15.0,9.0,14.0,14.0,36.8,5.0,2.0,3.0,0.0,2.0,11.0,2.0,47.8,0.34,3.8,0.1,290.0,784.0,37.0,980.0,156.0,59.3,49.0,290.0,70.0,60.2,277.0,25.0,9.0,32.0,0.84,15.3,2018
Sergio Rico,es ESP,Fulham,24,1993,29.0,29.0,2610.0,56.0,1.93,161.0,110.0,67.7,6.0,3.0,20.0,5.0,17.2,4.0,4.0,0.0,0.0,0.0,8.0,2.0,51.9,0.31,-2.1,-0.07,259.0,623.0,41.6,618.0,91.0,63.3,46.1,273.0,85.0,60.4,304.0,21.0,6.9,12.0,0.41,12.7,2018
John Ruddy,eng ENG,Wolves,31,1986,1.0,1.0,90.0,0.0,0.0,3.0,3.0,100.0,1.0,0.0,0.0,1.0,100.0,0.0,0.0,0.0,0.0,0.0,0.0,0.0,0.9,0.29,0.9,0.87,7.0,13.0,53.8,14.0,3.0,50.0,41.8,7.0,85.7,54.6,9.0,1.0,11.1,0.0,0.0,8.0,2018
Mathew Ryan,au AUS,Brighton,26,1992,34.0,34.0,3060.0,55.0,1.62,141.0,94.0,66.7,8.0,8.0,18.0,6.0,17.6,8.0,8.0,0.0,0.0,1.0,6.0,0.0,51.6,0.32,-3.4,-0.1,334.0,782.0,42.7,697.0,97.0,68.0,49.2,327.0,94.2,64.0,317.0,19.0,6.0,10.0,0.29,13.2,2018
Kasper Schmeichel,dk DEN,Leicester City,31,1986,38.0,38.0,3420.0,48.0,1.26,135.0,92.0,68.1,15.0,7.0,16.0,10.0,26.3,5.0,5.0,0.0,0.0,0.0,7.0,0.0,45.2,0.3,-2.8,-0.07,348.0,716.0,48.6,920.0,119.0,51.8,42.2,315.0,75.9,57.6,346.0,29.0,8.4,15.0,0.39,13.6,2018
Julián Speroni,ar ARG,Crystal Palace,39,1979,1.0,1.0,90.0,4.0,4.0,9.0,5.0,55.6,0.0,0.0,1.0,0.0,0.0,0.0,0.0,0.0,0.0,0.0,1.0,0.0,3.7,0.41,-0.3,-0.29,13.0,33.0,39.4,23.0,3.0,95.7,57.7,13.0,84.6,57.8,9.0,0.0,0.0,0.0,0.0,10.6,2018
Mark Travers,ie IRL,Bournemouth,19,1999,2.0,2.0,180.0,5.0,2.5,13.0,9.0,61.5,1.0,0.0,1.0,1.0,50.0,0.0,0.0,0.0,0.0,0.0,0.0,1.0,3.1,0.24,-0.9,-0.46,11.0,23.0,47.8,43.0,14.0,37.2,32.7,14.0,50.0,44.0,9.0,0.0,0.0,4.0,2.0,17.4,2018
Michel Vorm,nl NED,Tottenham,34,1983,2.0,2.0,180.0,4.0,2.0,13.0,9.0,69.2,0.0,0.0,2.0,0.0,0.0,0.0,0.0,0.0,0.0,0.0,2.0,0.0,5.6,0.43,1.6,0.79,5.0,13.0,38.5,52.0,17.0,17.3,26.7,10.0,40.0,37.6,17.0,1.0,5.9,1.0,0.5,12.1,2018
Adrián,es ESP,West Ham,30,1987,19.0,19.0,1710.0,29.0,1.53,96.0,66.0,70.8,7.0,6.0,6.0,6.0,31.6,1.0,1.0,0.0,0.0,1.0,8.0,1.0,27.3,0.28,-0.7,-0.04,159.0,470.0,33.8,387.0,47.0,78.0,54.1,186.0,90.3,61.9,197.0,12.0,6.1,14.0,0.74,13.9,2017
Asmir Begović,ba BIH,Bournemouth,30,1987,38.0,38.0,3420.0,61.0,1.61,171.0,113.0,65.5,11.0,11.0,16.0,6.0,15.8,4.0,2.0,1.0,1.0,2.0,8.0,1.0,57.5,0.33,-2.5,-0.07,233.0,668.0,34.9,823.0,227.0,48.8,41.5,329.0,80.9,58.5,389.0,35.0,9.0,8.0,0.21,13.2,2017
Claudio Bravo,cl CHI,Manchester City,34,1983,3.0,2.0,226.0,1.0,0.4,5.0,4.0,80.0,2.0,0.0,0.0,1.0,50.0,0.0,0.0,0.0,0.0,0.0,0.0,0.0,1.4,0.28,0.4,0.17,9.0,15.0,60.0,63.0,13.0,15.9,27.4,10.0,50.0,39.1,10.0,0.0,0.0,3.0,1.2,16.5,2017
Jack Butland,eng ENG,Stoke City,24,1993,35.0,35.0,3150.0,61.0,1.74,198.0,144.0,71.7,7.0,11.0,17.0,6.0,17.1,5.0,5.0,0.0,0.0,0.0,11.0,2.0,59.4,0.28,0.4,0.01,404.0,1005.0,40.2,931.0,94.0,74.5,54.3,338.0,92.0,67.8,375.0,31.0,8.3,24.0,0.69,14.0,2017
Willy Caballero,ar ARG,Chelsea,35,1981,3.0,3.0,270.0,4.0,1.33,12.0,8.0,66.7,1.0,1.0,1.0,1.0,33.3,0.0,0.0,0.0,0.0,0.0,0.0,0.0,4.3,0.39,0.3,0.12,17.0,38.0,44.7,84.0,12.0,32.1,31.4,15.0,73.3,54.7,24.0,1.0,4.2,5.0,1.67,23.1,2017
Petr Čech,cz CZE,Arsenal,35,1982,34.0,34.0,3039.0,48.0,1.42,129.0,84.0,66.7,16.0,6.0,12.0,11.0,32.4,6.0,5.0,1.0,0.0,0.0,8.0,0.0,49.6,0.35,1.6,0.05,178.0,464.0,38.4,815.0,217.0,39.9,38.2,223.0,62.3,51.6,293.0,31.0,10.6,26.0,0.77,15.0,2017
Thibaut Courtois,be BEL,Chelsea,25,1992,35.0,35.0,3150.0,34.0,0.97,104.0,73.0,69.2,20.0,6.0,9.0,15.0,42.9,2.0,2.0,0.0,0.0,0.0,2.0,2.0,28.7,0.27,-3.3,-0.09,173.0,455.0,38.0,948.0,204.0,34.2,36.5,246.0,53.3,48.3,282.0,23.0,8.2,16.0,0.46,13.4,2017
Karl Darlow,eng ENG,Newcastle Utd,26,1990,10.0,10.0,900.0,15.0,1.5,44.0,33.0,72.7,1.0,5.0,4.0,2.0,20.0,3.0,3.0,0.0,0.0,0.0,0.0,2.0,15.0,0.29,2.0,0.2,82.0,239.0,34.3,249.0,32.0,65.9,48.9,86.0,87.2,62.1,103.0,12.0,11.7,6.0,0.6,13.2,2017
Martin Dúbravka,sk SVK,Newcastle Utd,28,1989,12.0,12.0,1080.0,11.0,0.92,37.0,26.0,70.3,6.0,1.0,5.0,4.0,33.3,1.0,0.0,1.0,0.0,0.0,0.0,0.0,13.1,0.33,2.1,0.17,64.0,208.0,30.8,250.0,34.0,52.4,43.5,92.0,83.7,61.2,109.0,11.0,10.1,13.0,1.08,16.4,2017
Ederson,br BRA,Manchester City,23,1993,36.0,36.0,3194.0,26.0,0.73,77.0,52.0,66.2,30.0,4.0,2.0,16.0,44.4,3.0,0.0,2.0,1.0,1.0,1.0,2.0,22.4,0.29,-1.6,-0.05,153.0,282.0,54.3,941.0,156.0,20.4,28.8,160.0,56.3,49.8,161.0,18.0,11.2,48.0,1.35,18.0,2017
Rob Elliot,ie IRL,Newcastle Utd,31,1986,16.0,16.0,1440.0,21.0,1.31,64.0,45.0,68.8,5.0,2.0,9.0,3.0,18.8,2.0,1.0,1.0,0.0,0.0,3.0,1.0,20.4,0.3,0.4,0.02,167.0,386.0,43.3,378.0,49.0,67.7,50.0,159.0,81.8,59.7,188.0,12.0,6.4,7.0,0.44,12.2,2017
Łukasz Fabiański,pl POL,Swansea City,32,1985,38.0,38.0,3420.0,56.0,1.47,182.0,129.0,70.9,8.0,9.0,21.0,9.0,23.7,7.0,3.0,3.0,1.0,1.0,6.0,2.0,55.8,0.29,1.8,0.05,329.0,837.0,39.3,913.0,152.0,56.8,46.5,359.0,88.6,64.5,398.0,40.0,10.1,12.0,0.32,13.0,2017
Fraser Forster,eng ENG,Southampton,29,1988,20.0,20.0,1800.0,30.0,1.5,98.0,67.0,69.4,4.0,7.0,9.0,4.0,20.0,1.0,0.0,1.0,0.0,2.0,4.0,0.0,26.9,0.28,-3.1,-0.15,105.0,355.0,29.6,364.0,64.0,62.1,49.2,147.0,87.8,64.2,163.0,9.0,5.5,7.0,0.35,12.4,2017
Ben Foster,eng ENG,West Brom,34,1983,37.0,37.0,3330.0,55.0,1.49,152.0,98.0,64.5,6.0,12.0,19.0,10.0,27.0,1.0,1.0,0.0,0.0,3.0,9.0,1.0,48.8,0.32,-5.2,-0.14,346.0,925.0,37.4,798.0,74.0,75.6,54.3,337.0,95.5,70.5,436.0,29.0,6.7,19.0,0.51,14.0,2017
Paulo Gazzaniga,ar ARG,Tottenham,25,1992,1.0,1.0,90.0,0.0,0.0,3.0,3.0,100.0,1.0,0.0,0.0,1.0,100.0,0.0,0.0,0.0,0.0,0.0,0.0,0.0,1.3,0.42,1.3,1.25,4.0,8.0,50.0,17.0,2.0,29.4,36.1,8.0,37.5,34.1,0.0,0.0,0.0,2.0,2.0,18.4,2017
David de Gea,es ESP,Manchester Utd,26,1990,37.0,37.0,3330.0,28.0,0.76,139.0,113.0,80.6,24.0,6.0,7.0,18.0,48.6,1.0,1.0,0.0,0.0,1.0,5.0,2.0,34.5,0.24,8.5,0.23,257.0,660.0,38.9,794.0,143.0,54.5,44.2,292.0,77.7,59.1,301.0,19.0,6.3,13.0,0.35,13.3,2017
Heurelho Gomes,br BRA,Watford,36,1981,24.0,24.0,2128.0,40.0,1.69,97.0,60.0,61.9,7.0,5.0,12.0,5.0,20.8,3.0,3.0,0.0,0.0,1.0,7.0,1.0,32.4,0.32,-6.6,-0.28,204.0,509.0,40.1,568.0,119.0,65.0,48.3,178.0,78.7,60.1,216.0,27.0,12.5,16.0,0.68,14.4,2017
Lee Grant,eng ENG,Stoke City,34,1983,3.0,3.0,270.0,7.0,2.33,14.0,7.0,50.0,0.0,1.0,2.0,1.0,33.3,0.0,0.0,0.0,0.0,0.0,1.0,0.0,5.5,0.39,-1.5,-0.51,31.0,66.0,47.0,71.0,14.0,64.8,50.1,23.0,87.0,64.1,22.0,1.0,4.5,3.0,1.0,16.8,2017
Ben Hamer,eng ENG,Leicester City,29,1987,4.0,3.0,275.0,7.0,2.29,12.0,6.0,50.0,0.0,1.0,2.0,1.0,33.3,1.0,1.0,0.0,0.0,0.0,0.0,0.0,5.3,0.37,-1.7,-0.56,18.0,48.0,37.5,67.0,16.0,47.8,41.1,20.0,80.0,58.7,26.0,0.0,0.0,2.0,0.66,14.7,2017
Joe Hart,eng ENG,West Ham,30,1987,19.0,19.0,1710.0,39.0,2.05,84.0,47.0,58.3,3.0,6.0,10.0,4.0,21.1,5.0,4.0,1.0,0.0,0.0,4.0,0.0,34.4,0.37,-4.6,-0.24,176.0,477.0,36.9,439.0,56.0,74.7,54.3,156.0,95.5,70.9,179.0,15.0,8.4,11.0,0.58,13.8,2017
Tom Heaton,eng ENG,Burnley,31,1986,4.0,4.0,305.0,4.0,1.18,13.0,9.0,69.2,1.0,1.0,1.0,0.0,0.0,0.0,0.0,0.0,0.0,0.0,2.0,0.0,3.9,0.3,-0.1,-0.04,33.0,81.0,40.7,88.0,21.0,64.8,52.1,31.0,77.4,64.0,26.0,1.0,3.8,0.0,0.0,11.8,2017
Wayne Hennessey,wls WAL,Crystal Palace,30,1987,27.0,27.0,2430.0,41.0,1.52,127.0,89.0,68.5,8.0,6.0,13.0,7.0,25.9,1.0,1.0,0.0,0.0,1.0,8.0,2.0,38.9,0.3,-0.1,0.0,234.0,604.0,38.7,556.0,97.0,71.6,54.0,226.0,91.2,70.9,282.0,17.0,6.0,18.0,0.67,13.8,2017
Eldin Jakupović,ch SUI,Leicester City,32,1984,2.0,2.0,180.0,6.0,3.0,12.0,7.0,50.0,1.0,0.0,1.0,0.0,0.0,0.0,0.0,0.0,0.0,0.0,0.0,1.0,5.1,0.46,0.1,0.03,17.0,36.0,47.2,42.0,12.0,57.1,51.5,14.0,85.7,64.6,15.0,0.0,0.0,4.0,2.0,13.3,2017
Loris Karius,de GER,Liverpool,24,1993,19.0,19.0,1710.0,14.0,0.74,41.0,28.0,70.7,11.0,5.0,3.0,10.0,52.6,3.0,2.0,1.0,0.0,0.0,3.0,0.0,15.7,0.33,1.7,0.09,83.0,249.0,33.3,518.0,108.0,36.3,35.8,102.0,59.8,50.1,148.0,12.0,8.1,12.0,0.63,14.7,2017
Orestis Karnezis,gr GRE,Watford,32,1985,15.0,14.0,1292.0,24.0,1.67,54.0,33.0,61.1,4.0,3.0,7.0,4.0,28.6,3.0,3.0,0.0,0.0,0.0,2.0,0.0,20.2,0.33,-3.8,-0.27,117.0,326.0,35.9,317.0,35.0,79.2,54.5,81.0,92.6,62.9,124.0,8.0,6.5,7.0,0.49,13.6,2017
Hugo Lloris,fr FRA,Tottenham,30,1986,36.0,36.0,3240.0,35.0,0.97,116.0,82.0,71.6,22.0,7.0,7.0,15.0,41.7,3.0,2.0,1.0,0.0,1.0,8.0,0.0,35.6,0.29,0.6,0.02,206.0,448.0,46.0,940.0,190.0,34.6,35.7,228.0,53.9,45.1,277.0,26.0,9.4,31.0,0.86,16.4,2017
Jonas Lössl,dk DEN,Huddersfield,28,1989,38.0,38.0,3420.0,57.0,1.5,153.0,97.0,65.4,9.0,10.0,19.0,10.0,26.3,6.0,4.0,2.0,0.0,0.0,6.0,1.0,56.2,0.34,-0.8,-0.02,411.0,963.0,42.7,1080.0,108.0,65.1,50.3,307.0,84.7,63.1,287.0,25.0,8.7,34.0,0.89,15.4,2017
Alex McCarthy,eng ENG,Southampton,27,1989,18.0,18.0,1620.0,26.0,1.44,67.0,41.0,62.7,3.0,8.0,7.0,4.0,22.2,1.0,1.0,0.0,0.0,0.0,4.0,0.0,21.8,0.32,-4.2,-0.23,105.0,357.0,29.4,306.0,55.0,68.6,51.6,156.0,94.2,67.0,205.0,19.0,9.3,5.0,0.28,12.6,2017
Simon Mignolet,be BEL,Liverpool,29,1988,19.0,19.0,1710.0,24.0,1.26,55.0,32.0,60.0,10.0,7.0,2.0,7.0,36.8,3.0,2.0,1.0,0.0,0.0,3.0,0.0,20.9,0.34,-3.1,-0.16,69.0,212.0,32.5,502.0,97.0,33.3,34.7,100.0,45.0,41.4,138.0,17.0,12.3,16.0,0.84,15.0,2017
Boaz Myhill,wls WAL,West Brom,34,1982,1.0,1.0,90.0,1.0,1.0,3.0,2.0,66.7,0.0,1.0,0.0,0.0,0.0,0.0,0.0,0.0,0.0,0.0,0.0,0.0,1.0,0.32,0.0,-0.03,8.0,19.0,42.1,13.0,0.0,84.6,52.6,9.0,88.9,60.7,15.0,0.0,0.0,0.0,0.0,6.5,2017
David Ospina,co COL,Arsenal,28,1988,5.0,4.0,381.0,3.0,0.71,13.0,10.0,76.9,3.0,0.0,1.0,2.0,50.0,0.0,0.0,0.0,0.0,0.0,1.0,0.0,3.9,0.3,0.9,0.21,28.0,61.0,45.9,115.0,28.0,33.9,34.7,28.0,78.6,53.0,47.0,6.0,12.8,2.0,0.47,12.4,2017
Jordan Pickford,eng ENG,Everton,23,1994,38.0,38.0,3420.0,58.0,1.53,175.0,119.0,68.6,13.0,10.0,15.0,10.0,26.3,5.0,3.0,1.0,1.0,0.0,7.0,0.0,59.6,0.33,1.6,0.04,322.0,985.0,32.7,991.0,155.0,67.9,54.1,339.0,92.0,72.5,367.0,24.0,6.5,32.0,0.84,15.1,2017
Nick Pope,eng ENG,Burnley,25,1992,35.0,34.0,3115.0,35.0,1.01,147.0,114.0,78.2,13.0,11.0,11.0,11.0,32.4,5.0,3.0,1.0,1.0,0.0,3.0,1.0,44.0,0.28,10.0,0.29,365.0,1023.0,35.7,915.0,118.0,80.3,58.9,300.0,96.0,72.7,394.0,45.0,11.4,22.0,0.64,14.8,2017
Sergio Romero,ar ARG,Manchester Utd,30,1987,1.0,1.0,90.0,0.0,0.0,4.0,4.0,100.0,1.0,0.0,0.0,1.0,100.0,0.0,0.0,0.0,0.0,0.0,0.0,0.0,1.5,0.37,1.5,1.49,8.0,16.0,50.0,18.0,4.0,55.6,42.9,7.0,85.7,62.3,7.0,1.0,14.3,0.0,0.0,14.0,2017
Mathew Ryan,au AUS,Brighton,25,1992,38.0,38.0,3420.0,54.0,1.42,171.0,121.0,69.0,9.0,13.0,16.0,10.0,26.3,3.0,1.0,2.0,0.0,1.0,15.0,5.0,56.1,0.32,7.1,0.19,376.0,913.0,41.2,821.0,118.0,70.9,50.4,352.0,94.0,63.5,383.0,19.0,5.0,15.0,0.39,12.6,2017
Kasper Schmeichel,dk DEN,Leicester City,30,1986,33.0,33.0,2965.0,47.0,1.43,137.0,91.0,66.4,11.0,10.0,12.0,8.0,24.2,3.0,1.0,2.0,0.0,3.0,11.0,1.0,39.1,0.27,-6.9,-0.21,326.0,838.0,38.9,860.0,101.0,67.4,50.7,276.0,93.5,69.7,302.0,23.0,7.6,37.0,1.12,16.7,2017
Julián Speroni,ar ARG,Crystal Palace,38,1979,11.0,11.0,990.0,14.0,1.27,40.0,27.0,67.5,3.0,5.0,3.0,2.0,18.2,1.0,1.0,0.0,0.0,0.0,4.0,0.0,9.4,0.22,-4.6,-0.42,88.0,248.0,35.5,222.0,17.0,73.0,51.7,90.0,95.6,61.2,124.0,6.0,4.8,6.0,0.55,12.0,2017
Michel Vorm,nl NED,Tottenham,33,1983,1.0,1.0,90.0,1.0,1.0,4.0,4.0,75.0,0.0,1.0,0.0,0.0,0.0,0.0,0.0,0.0,0.0,0.0,0.0,1.0,0.2,0.04,0.2,0.17,4.0,7.0,57.1,19.0,7.0,26.3,29.3,9.0,22.2,34.1,12.0,0.0,0.0,1.0,1.0,20.5,2017
Alisson,br BRA,Liverpool,28,1992,36.0,36.0,3240.0,24.0,0.67,97.0,73.0,75.3,27.0,7.0,2.0,20.0,55.6,0.0,0.0,0.0,0.0,0.0,4.0,1.0,27.1,0.28,4.1,0.11,187.0,345.0,54.2,1189.0,195.0,22.5,29.9,171.0,45.6,40.0,221.0,21.0,9.5,63.0,1.75,18.1,2021
Alphonse Areola,fr FRA,West Ham,28,1993,1.0,1.0,90.0,1.0,1.0,3.0,2.0,66.7,0.0,0.0,1.0,0.0,0.0,0.0,0.0,0.0,0.0,0.0,0.0,0.0,1.2,0.39,0.2,0.17,8.0,28.0,28.6,27.0,3.0,66.7,49.7,14.0,71.4,53.2,13.0,1.0,7.7,0.0,0.0,7.0,2021
Kepa Arrizabalaga,es ESP,Chelsea,26,1994,4.0,4.0,360.0,2.0,0.5,13.0,11.0,84.6,2.0,1.0,1.0,2.0,50.0,0.0,0.0,0.0,0.0,0.0,1.0,0.0,3.3,0.26,1.3,0.34,16.0,39.0,41.0,118.0,28.0,28.0,30.8,21.0,28.6,30.2,31.0,1.0,3.2,5.0,1.25,16.2,2021
Daniel Bachmann,at AUT,Watford,27,1994,12.0,12.0,1080.0,28.0,2.33,69.0,45.0,63.8,1.0,0.0,11.0,0.0,0.0,3.0,3.0,0.0,0.0,1.0,4.0,2.0,23.8,0.31,-2.2,-0.19,89.0,226.0,39.4,270.0,44.0,60.7,47.4,87.0,71.3,52.7,108.0,3.0,2.8,8.0,0.67,13.1,2021
Asmir Begović,ba BIH,Everton,34,1987,3.0,3.0,270.0,8.0,2.67,17.0,11.0,58.8,1.0,0.0,2.0,1.0,33.3,1.0,1.0,0.0,0.0,0.0,3.0,1.0,5.5,0.27,-1.5,-0.5,21.0,68.0,30.9,53.0,4.0,79.2,54.2,31.0,83.9,58.1,23.0,3.0,13.0,0.0,0.0,12.9,2021
Jack Butland,eng ENG,Crystal Palace,28,1993,9.0,8.0,765.0,13.0,1.53,28.0,17.0,53.6,2.0,4.0,2.0,1.0,12.5,1.0,0.0,1.0,0.0,1.0,1.0,2.0,11.2,0.37,0.2,0.02,33.0,104.0,31.7,213.0,35.0,32.4,31.9,66.0,53.0,43.7,83.0,5.0,6.0,6.0,0.71,13.6,2021
Willy Caballero,ar ARG,Southampton,39,1981,2.0,2.0,180.0,5.0,2.5,11.0,6.0,54.5,0.0,1.0,1.0,0.0,0.0,0.0,0.0,0.0,0.0,0.0,1.0,0.0,4.3,0.4,-0.7,-0.36,20.0,39.0,51.3,46.0,0.0,58.7,42.1,13.0,92.3,59.1,21.0,1.0,4.8,4.0,2.0,21.7,2021
Karl Darlow,eng ENG,Newcastle Utd,30,1990,8.0,8.0,720.0,15.0,1.87,37.0,25.0,64.9,0.0,5.0,3.0,0.0,0.0,2.0,2.0,0.0,0.0,0.0,1.0,1.0,10.6,0.24,-3.4,-0.42,75.0,172.0,43.6,189.0,29.0,64.6,49.8,64.0,78.1,59.8,69.0,8.0,11.6,4.0,0.5,14.9,2021
Martin Dúbravka,sk SVK,Newcastle Utd,32,1989,26.0,26.0,2340.0,35.0,1.35,106.0,71.0,67.9,13.0,4.0,9.0,8.0,30.8,1.0,1.0,0.0,0.0,0.0,7.0,1.0,38.1,0.36,4.1,0.16,222.0,524.0,42.4,608.0,86.0,50.0,41.1,237.0,92.8,64.8,211.0,17.0,8.1,9.0,0.35,12.7,2021
Ederson,br BRA,Manchester City,27,1993,37.0,37.0,3330.0,26.0,0.7,83.0,56.0,69.9,28.0,6.0,3.0,20.0,54.1,1.0,1.0,0.0,0.0,0.0,1.0,0.0,23.8,0.28,-2.2,-0.06,155.0,262.0,59.2,951.0,151.0,24.0,30.0,138.0,24.6,31.6,181.0,16.0,8.8,34.0,0.92,17.2,2021
Łukasz Fabiański,pl POL,West Ham,36,1985,37.0,37.0,3330.0,50.0,1.35,156.0,105.0,69.2,16.0,8.0,13.0,8.0,21.6,6.0,2.0,3.0,1.0,1.0,11.0,2.0,52.0,0.31,4.0,0.11,241.0,602.0,40.0,726.0,145.0,55.8,44.1,280.0,70.4,52.9,344.0,14.0,4.1,9.0,0.24,11.8,2021
Álvaro Fernández,es ESP,Brentford,23,1998,12.0,12.0,1080.0,24.0,2.0,67.0,46.0,65.7,3.0,2.0,7.0,1.0,8.3,1.0,1.0,0.0,0.0,0.0,5.0,2.0,24.7,0.36,2.7,0.23,82.0,247.0,33.2,417.0,56.0,48.0,38.6,83.0,56.6,41.0,123.0,7.0,5.7,10.0,0.83,14.3,2021
Fraser Forster,eng ENG,Southampton,33,1988,19.0,19.0,1710.0,35.0,1.84,98.0,67.0,66.3,6.0,5.0,8.0,3.0,15.8,2.0,2.0,0.0,0.0,0.0,5.0,2.0,31.8,0.31,-1.2,-0.06,123.0,358.0,34.4,455.0,68.0,54.9,44.8,141.0,76.6,54.3,176.0,18.0,10.2,14.0,0.74,13.8,2021
Ben Foster,eng ENG,Watford,38,1983,26.0,26.0,2340.0,49.0,1.88,111.0,63.0,58.6,5.0,5.0,16.0,4.0,15.4,4.0,3.0,1.0,0.0,0.0,4.0,1.0,43.4,0.36,-4.6,-0.18,227.0,666.0,34.1,644.0,70.0,71.3,51.4,225.0,92.0,65.2,265.0,16.0,6.0,24.0,0.92,15.1,2021
David de Gea,es ESP,Manchester Utd,30,1990,38.0,38.0,3420.0,57.0,1.5,177.0,124.0,69.5,16.0,10.0,12.0,8.0,21.1,6.0,3.0,3.0,0.0,0.0,7.0,3.0,60.7,0.33,6.7,0.18,139.0,379.0,36.7,614.0,124.0,37.0,35.2,297.0,51.2,42.4,306.0,10.0,3.3,9.0,0.24,13.6,2021
Vicente Guaita,es ESP,Crystal Palace,34,1987,30.0,30.0,2655.0,33.0,1.12,113.0,83.0,73.5,9.0,11.0,10.0,11.0,36.7,3.0,3.0,0.0,0.0,1.0,10.0,0.0,29.4,0.24,-3.6,-0.12,165.0,364.0,45.3,773.0,162.0,35.4,33.0,199.0,45.2,37.2,216.0,16.0,7.4,17.0,0.58,14.5,2021
Angus Gunn,eng ENG,Norwich City,25,1996,9.0,9.0,810.0,22.0,2.44,54.0,34.0,63.0,1.0,2.0,6.0,1.0,11.1,4.0,2.0,1.0,1.0,0.0,3.0,0.0,22.5,0.38,0.5,0.06,59.0,154.0,38.3,213.0,39.0,53.5,40.2,85.0,47.1,40.8,94.0,7.0,7.4,7.0,0.78,14.2,2021
Wayne Hennessey,wls WAL,Burnley,34,1987,2.0,2.0,180.0,6.0,3.0,13.0,7.0,53.8,0.0,0.0,2.0,0.0,0.0,0.0,0.0,0.0,0.0,0.0,1.0,1.0,4.2,0.34,-0.8,-0.38,26.0,65.0,40.0,59.0,8.0,76.3,57.8,21.0,95.2,69.9,20.0,1.0,5.0,3.0,1.5,15.9,2021
Caoimhín Kelleher,ie IRL,Liverpool,22,1998,2.0,2.0,180.0,2.0,1.0,8.0,5.0,75.0,1.0,1.0,0.0,1.0,50.0,0.0,0.0,0.0,0.0,0.0,0.0,0.0,2.6,0.32,0.6,0.28,8.0,16.0,50.0,77.0,12.0,18.2,26.3,13.0,15.4,26.3,11.0,0.0,0.0,3.0,1.5,16.4,2021
Kristoffer Klaesson,no NOR,Leeds United,20,2000,1.0,0.0,36.0,0.0,0.0,4.0,4.0,100.0,0.0,0.0,0.0,0.0,0.0,0.0,0.0,0.0,0.0,0.0,0.0,0.0,0.3,0.07,0.3,0.67,2.0,4.0,50.0,8.0,2.0,37.5,34.4,3.0,33.3,31.0,4.0,1.0,25.0,0.0,0.0,25.0,2021
Tim Krul,nl NED,Norwich City,33,1988,29.0,29.0,2610.0,62.0,2.14,158.0,101.0,65.2,4.0,5.0,20.0,5.0,17.2,9.0,7.0,1.0,1.0,1.0,8.0,2.0,56.1,0.32,-3.9,-0.13,191.0,495.0,38.6,833.0,155.0,44.8,39.4,224.0,54.5,45.4,257.0,10.0,3.9,10.0,0.34,12.5,2021
Bernd Leno,de GER,Arsenal,29,1992,4.0,4.0,360.0,9.0,2.25,19.0,9.0,52.6,1.0,0.0,3.0,1.0,25.0,0.0,0.0,0.0,0.0,0.0,1.0,0.0,7.4,0.39,-1.6,-0.41,16.0,53.0,30.2,74.0,12.0,37.8,37.1,37.0,67.6,49.8,48.0,2.0,4.2,1.0,0.25,12.9,2021
Hugo Lloris,fr FRA,Tottenham,34,1986,38.0,38.0,3420.0,40.0,1.05,133.0,95.0,71.4,22.0,5.0,11.0,16.0,42.1,2.0,2.0,0.0,0.0,1.0,5.0,1.0,38.5,0.28,-0.5,-0.01,159.0,344.0,46.2,667.0,149.0,36.3,34.4,276.0,37.0,32.8,352.0,21.0,6.0,23.0,0.61,14.2,2021
Jonas Lössl,dk DEN,Brentford,32,1989,2.0,2.0,180.0,5.0,2.5,7.0,2.0,28.6,0.0,0.0,2.0,0.0,0.0,0.0,0.0,0.0,0.0,0.0,0.0,0.0,3.3,0.46,-1.7,-0.87,13.0,30.0,43.3,49.0,6.0,53.1,38.9,13.0,30.8,34.2,14.0,0.0,0.0,4.0,2.0,19.8,2021
Emiliano Martínez,ar ARG,Aston Villa,28,1992,36.0,36.0,3240.0,48.0,1.33,136.0,93.0,67.6,13.0,6.0,17.0,11.0,30.6,6.0,4.0,1.0,1.0,2.0,6.0,2.0,40.8,0.27,-5.2,-0.15,205.0,491.0,41.8,807.0,141.0,45.1,38.7,274.0,46.4,40.0,282.0,17.0,6.0,25.0,0.69,14.0,2021
Alex McCarthy,eng ENG,Southampton,31,1989,17.0,17.0,1530.0,27.0,1.59,71.0,43.0,62.0,3.0,7.0,7.0,5.0,29.4,0.0,0.0,0.0,0.0,0.0,7.0,0.0,24.8,0.36,-2.2,-0.13,83.0,268.0,31.0,383.0,73.0,46.5,39.9,127.0,70.9,53.6,152.0,17.0,11.2,3.0,0.18,12.1,2021
Edouard Mendy,sn SEN,Chelsea,29,1992,34.0,34.0,3060.0,31.0,0.91,95.0,70.0,73.7,19.0,10.0,5.0,14.0,41.2,6.0,6.0,0.0,0.0,0.0,1.0,1.0,29.5,0.26,-0.5,-0.01,114.0,248.0,46.0,763.0,129.0,24.8,28.7,176.0,33.5,30.3,243.0,19.0,7.8,19.0,0.56,13.8,2021
Illan Meslier,fr FRA,Leeds United,21,2000,38.0,38.0,3384.0,79.0,2.1,215.0,139.0,65.6,9.0,11.0,18.0,5.0,13.2,5.0,5.0,0.0,0.0,3.0,11.0,1.0,70.2,0.31,-7.8,-0.21,166.0,511.0,32.5,1090.0,256.0,35.3,32.9,287.0,43.9,38.9,245.0,21.0,8.6,37.0,0.98,14.7,2021
Robin Olsen,se SWE,Aston Villa,31,1990,1.0,1.0,90.0,3.0,3.0,5.0,2.0,40.0,0.0,0.0,1.0,0.0,0.0,0.0,0.0,0.0,0.0,0.0,0.0,0.0,2.6,0.52,-0.4,-0.4,11.0,32.0,34.4,28.0,6.0,64.3,45.9,20.0,70.0,54.0,12.0,1.0,8.3,0.0,0.0,9.7,2021
Jordan Pickford,eng ENG,Everton,27,1994,35.0,35.0,3150.0,58.0,1.66,167.0,114.0,65.9,10.0,6.0,19.0,7.0,20.0,1.0,1.0,0.0,0.0,2.0,12.0,4.0,54.1,0.32,0.1,0.0,291.0,821.0,35.4,871.0,108.0,69.3,53.0,264.0,82.2,64.9,310.0,22.0,7.1,26.0,0.74,15.2,2021
Nick Pope,eng ENG,Burnley,29,1992,36.0,36.0,3240.0,47.0,1.31,159.0,116.0,73.6,7.0,14.0,15.0,9.0,25.0,5.0,5.0,0.0,0.0,1.0,7.0,1.0,50.4,0.3,4.4,0.12,319.0,847.0,37.7,793.0,139.0,73.4,52.8,285.0,93.0,65.9,375.0,36.0,9.6,63.0,1.75,18.2,2021
Aaron Ramsdale,eng ENG,Arsenal,23,1998,34.0,34.0,3060.0,39.0,1.15,122.0,84.0,72.1,21.0,3.0,10.0,12.0,35.3,6.0,5.0,0.0,1.0,0.0,3.0,1.0,33.4,0.24,-4.6,-0.13,176.0,521.0,33.8,964.0,157.0,39.6,37.0,192.0,72.4,57.2,260.0,21.0,8.1,35.0,1.03,16.0,2021
David Raya,es ESP,Brentford,25,1995,24.0,24.0,2160.0,27.0,1.13,99.0,75.0,76.8,10.0,5.0,9.0,8.0,33.3,4.0,4.0,0.0,0.0,1.0,4.0,0.0,27.5,0.24,0.5,0.02,254.0,577.0,44.0,851.0,116.0,50.8,41.5,200.0,72.5,53.7,230.0,15.0,6.5,26.0,1.08,15.0,2021
John Ruddy,eng ENG,Wolves,34,1986,2.0,1.0,135.0,3.0,2.0,7.0,4.0,57.1,0.0,1.0,0.0,0.0,0.0,0.0,0.0,0.0,0.0,0.0,1.0,0.0,2.3,0.33,-0.7,-0.48,3.0,12.0,25.0,15.0,4.0,53.3,46.0,14.0,28.6,39.4,4.0,0.0,0.0,1.0,0.67,21.4,2021
José Sá,pt POR,Wolves,28,1993,37.0,37.0,3285.0,40.0,1.1,150.0,120.0,79.3,15.0,5.0,17.0,11.0,29.7,10.0,9.0,0.0,1.0,1.0,1.0,1.0,48.2,0.27,9.2,0.25,166.0,486.0,34.2,830.0,197.0,42.7,39.3,259.0,51.0,42.7,315.0,34.0,10.8,40.0,1.1,15.3,2021
Robert Sánchez,es ESP,Brighton,23,1997,37.0,37.0,3329.0,42.0,1.14,140.0,100.0,72.1,12.0,15.0,10.0,11.0,29.7,4.0,3.0,0.0,1.0,1.0,5.0,0.0,43.2,0.29,1.2,0.03,196.0,618.0,31.7,1269.0,163.0,36.2,37.6,231.0,68.8,54.1,317.0,37.0,11.7,30.0,0.81,13.9,2021
Kasper Schmeichel,dk DEN,Leicester City,34,1986,37.0,37.0,3330.0,58.0,1.57,176.0,125.0,71.0,13.0,10.0,14.0,7.0,18.9,10.0,7.0,2.0,1.0,1.0,15.0,1.0,56.3,0.29,-0.7,-0.02,256.0,588.0,43.5,962.0,149.0,45.7,38.9,291.0,50.9,43.7,278.0,19.0,6.8,16.0,0.43,12.5,2021
Jason Steele,eng ENG,Brighton,30,1990,1.0,1.0,90.0,2.0,2.0,5.0,3.0,60.0,0.0,0.0,1.0,0.0,0.0,0.0,0.0,0.0,0.0,0.0,1.0,0.0,1.2,0.25,-0.8,-0.77,3.0,7.0,42.9,32.0,2.0,12.5,26.2,6.0,50.0,43.8,11.0,1.0,9.1,0.0,0.0,13.0,2021
Jed Steer,eng ENG,Aston Villa,28,1992,1.0,1.0,90.0,3.0,3.0,4.0,1.0,25.0,0.0,0.0,1.0,0.0,0.0,0.0,0.0,0.0,0.0,0.0,0.0,0.0,1.8,0.45,-1.2,-1.2,5.0,13.0,38.5,30.0,6.0,30.0,34.4,6.0,66.7,53.8,8.0,1.0,12.5,1.0,1.0,14.3,2021
Zack Steffen,us USA,Manchester City,26,1995,1.0,1.0,90.0,0.0,0.0,2.0,2.0,100.0,1.0,0.0,0.0,1.0,100.0,0.0,0.0,0.0,0.0,0.0,0.0,0.0,0.3,0.16,0.3,0.31,4.0,9.0,44.4,31.0,6.0,22.6,26.0,7.0,28.6,25.3,7.0,0.0,0.0,2.0,2.0,17.5,2021
Danny Ward,wls WAL,Leicester City,28,1993,1.0,1.0,90.0,1.0,1.0,5.0,4.0,80.0,1.0,0.0,0.0,0.0,0.0,0.0,0.0,0.0,0.0,0.0,1.0,0.0,1.3,0.26,0.3,0.3,3.0,7.0,42.9,27.0,8.0,22.2,30.2,7.0,14.3,27.0,11.0,3.0,27.3,0.0,0.0,14.7,2021
Freddie Woodman,eng ENG,Newcastle Utd,24,1997,4.0,4.0,360.0,12.0,3.0,19.0,9.0,47.4,0.0,1.0,3.0,0.0,0.0,3.0,2.0,1.0,0.0,0.0,0.0,0.0,8.7,0.35,-3.3,-0.83,22.0,71.0,31.0,80.0,11.0,53.8,43.3,43.0,65.1,52.0,33.0,2.0,6.1,0.0,0.0,11.6,2021
David de Gea,es ESP,Manchester Utd,29,1990,26.0,26.0,2295.0,32.0,1.25,85.0,58.0,67.1,12.0,9.0,5.0,9.0,34.6,4.0,4.0,0.0,0.0,1.0,5.0,2.0,30.1,0.31,0.1,0.01,94.0,218.0,43.1,422.0,80.0,35.5,33.7,172.0,39.5,34.9,195.0,9.0,4.6,9.0,0.35,14.1,2020
Sam Johnstone,eng ENG,West Brom,27,1993,37.0,37.0,3330.0,74.0,2.0,228.0,161.0,70.6,4.0,11.0,22.0,6.0,16.2,12.0,7.0,2.0,3.0,2.0,13.0,3.0,75.4,0.3,4.4,0.12,336.0,961.0,35.0,987.0,169.0,71.2,51.3,295.0,87.5,60.9,348.0,25.0,7.2,26.0,0.7,14.5,2020
Ederson,br BRA,Manchester City,25,1993,35.0,35.0,3071.0,28.0,0.82,92.0,65.0,72.8,24.0,3.0,8.0,16.0,45.7,3.0,3.0,0.0,0.0,1.0,4.0,1.0,29.5,0.3,2.5,0.07,126.0,247.0,51.0,925.0,161.0,21.7,29.7,139.0,33.1,35.0,173.0,12.0,6.9,39.0,1.14,17.7,2019
Tim Krul,nl NED,Norwich City,31,1988,36.0,36.0,3240.0,68.0,1.89,189.0,123.0,65.6,5.0,6.0,25.0,5.0,13.9,5.0,3.0,2.0,0.0,1.0,13.0,3.0,64.9,0.32,-0.1,0.0,261.0,733.0,35.6,1217.0,178.0,45.1,39.8,333.0,55.3,45.1,383.0,28.0,7.3,17.0,0.47,14.0,2019
Aaron Ramsdale,eng ENG,Bournemouth,21,1998,37.0,37.0,3330.0,62.0,1.68,177.0,120.0,67.8,9.0,7.0,21.0,5.0,13.5,6.0,5.0,1.0,0.0,4.0,5.0,0.0,61.6,0.32,-0.4,-0.01,199.0,655.0,30.4,835.0,184.0,53.7,44.8,289.0,71.6,58.9,324.0,20.0,6.2,17.0,0.46,14.2,2019
Alisson,br BRA,Liverpool,25,1992,38.0,38.0,3420.0,22.0,0.58,97.0,75.0,77.3,30.0,7.0,1.0,21.0,55.3,1.0,0.0,0.0,1.0,0.0,5.0,0.0,28.6,0.3,6.6,0.17,198.0,399.0,49.6,1058.0,197.0,26.7,32.4,216.0,53.7,46.8,263.0,20.0,7.6,44.0,1.16,16.7,2018
Kepa Arrizabalaga,es ESP,Chelsea,23,1994,36.0,36.0,3240.0,39.0,1.08,119.0,79.0,68.1,20.0,8.0,8.0,14.0,38.9,2.0,1.0,1.0,0.0,0.0,6.0,0.0,36.5,0.29,-2.5,-0.07,180.0,319.0,56.4,903.0,159.0,22.6,29.0,259.0,44.4,40.6,244.0,19.0,7.8,22.0,0.61,16.3,2018
Asmir Begović,ba BIH,Bournemouth,31,1987,24.0,24.0,2160.0,47.0,1.96,103.0,58.0,56.3,8.0,3.0,13.0,5.0,20.8,2.0,2.0,0.0,0.0,0.0,6.0,2.0,37.6,0.36,-7.4,-0.31,135.0,345.0,39.1,467.0,121.0,45.8,40.2,193.0,67.9,53.5,232.0,22.0,9.5,9.0,0.38,13.1,2018
Marcus Bettinelli,eng ENG,Fulham,26,1992,7.0,7.0,630.0,20.0,2.86,38.0,18.0,50.0,1.0,2.0,4.0,0.0,0.0,3.0,1.0,1.0,1.0,0.0,1.0,0.0,18.1,0.43,-1.9,-0.27,69.0,147.0,46.9,177.0,33.0,52.0,42.2,67.0,82.1,57.4,75.0,6.0,8.0,5.0,0.71,14.4,2018
Artur Boruc,pl POL,Bournemouth,38,1980,12.0,12.0,1080.0,18.0,1.5,53.0,36.0,71.7,4.0,3.0,5.0,4.0,33.3,3.0,3.0,0.0,0.0,2.0,2.0,0.0,16.7,0.27,-1.3,-0.11,64.0,183.0,35.0,235.0,58.0,44.7,41.2,113.0,69.0,53.3,129.0,4.0,3.1,5.0,0.42,14.1,2018
David Button,eng ENG,Brighton,29,1989,4.0,4.0,360.0,5.0,1.25,16.0,12.0,81.3,1.0,1.0,2.0,1.0,25.0,2.0,2.0,0.0,0.0,0.0,0.0,0.0,5.6,0.23,0.6,0.15,28.0,88.0,31.8,72.0,10.0,75.0,52.9,34.0,100.0,70.3,36.0,1.0,2.8,1.0,0.25,11.9,2018
Martin Dúbravka,sk SVK,Newcastle Utd,29,1989,38.0,38.0,3420.0,48.0,1.26,133.0,92.0,68.4,12.0,9.0,17.0,11.0,28.9,6.0,6.0,0.0,0.0,2.0,10.0,1.0,46.5,0.31,-0.5,-0.01,274.0,746.0,36.7,855.0,136.0,55.0,44.2,322.0,85.7,62.7,415.0,39.0,9.4,25.0,0.66,13.5,2018
Ederson,br BRA,Manchester City,24,1993,38.0,38.0,3420.0,23.0,0.61,79.0,60.0,75.9,32.0,2.0,4.0,20.0,52.6,4.0,4.0,0.0,0.0,1.0,5.0,0.0,28.1,0.32,5.1,0.13,146.0,287.0,50.9,909.0,172.0,21.7,30.1,187.0,48.1,46.9,184.0,19.0,10.3,31.0,0.82,17.3,2018
Neil Etheridge,ph PHI,Cardiff City,28,1990,38.0,38.0,3420.0,69.0,1.82,200.0,134.0,67.5,10.0,4.0,24.0,10.0,26.3,7.0,4.0,3.0,0.0,1.0,13.0,0.0,70.8,0.33,1.8,0.05,343.0,1123.0,30.5,886.0,52.0,91.0,61.8,319.0,99.4,70.3,283.0,16.0,5.7,42.0,1.11,15.8,2018
Łukasz Fabiański,pl POL,West Ham,33,1985,38.0,38.0,3420.0,55.0,1.45,192.0,138.0,73.4,15.0,7.0,16.0,7.0,18.4,5.0,4.0,1.0,0.0,0.0,10.0,1.0,65.3,0.33,11.3,0.3,327.0,866.0,37.8,926.0,150.0,62.9,49.5,307.0,92.5,67.8,378.0,36.0,9.5,17.0,0.45,13.1,2018
Ben Foster,eng ENG,Watford,35,1983,38.0,38.0,3420.0,59.0,1.55,171.0,115.0,67.8,14.0,8.0,16.0,7.0,18.4,5.0,4.0,1.0,0.0,2.0,7.0,3.0,53.6,0.3,-2.4,-0.06,362.0,977.0,37.1,944.0,105.0,73.3,52.8,307.0,92.8,68.9,388.0,33.0,8.5,49.0,1.29,15.6,2018
David de Gea,es ESP,Manchester Utd,27,1990,38.0,38.0,3420.0,54.0,1.42,170.0,125.0,71.8,19.0,9.0,10.0,7.0,18.4,6.0,6.0,0.0,0.0,2.0,7.0,3.0,51.1,0.27,0.1,0.0,322.0,690.0,46.7,771.0,147.0,54.5,44.7,334.0,80.8,60.2,311.0,21.0,6.8,10.0,0.26,12.2,2018
Vicente Guaita,es ESP,Crystal Palace,31,1987,20.0,20.0,1755.0,23.0,1.18,84.0,60.0,73.8,10.0,4.0,6.0,7.0,35.0,1.0,1.0,0.0,0.0,0.0,2.0,1.0,21.2,0.24,-0.8,-0.04,135.0,416.0,32.5,405.0,84.0,60.2,47.3,189.0,91.0,64.0,208.0,18.0,8.7,5.0,0.26,12.3,2018
Joe Hart,eng ENG,Burnley,31,1987,19.0,19.0,1710.0,41.0,2.16,115.0,73.0,65.2,3.0,3.0,13.0,4.0,21.1,2.0,1.0,1.0,0.0,1.0,8.0,1.0,38.5,0.32,-1.5,-0.08,197.0,507.0,38.9,420.0,51.0,79.3,57.0,182.0,95.6,72.0,207.0,12.0,5.8,17.0,0.89,15.0,2018
Tom Heaton,eng ENG,Burnley,32,1986,19.0,19.0,1710.0,27.0,1.42,81.0,57.0,67.9,8.0,4.0,7.0,4.0,21.1,1.0,1.0,0.0,0.0,1.0,2.0,3.0,22.9,0.28,-1.1,-0.06,169.0,473.0,35.7,416.0,45.0,76.9,55.3,172.0,89.0,65.9,226.0,9.0,4.0,15.0,0.79,15.0,2018
Wayne Hennessey,wls WAL,Crystal Palace,31,1987,18.0,17.0,1575.0,26.0,1.49,65.0,42.0,64.6,4.0,3.0,10.0,5.0,29.4,4.0,3.0,1.0,0.0,1.0,5.0,0.0,21.8,0.29,-4.2,-0.24,114.0,349.0,32.7,367.0,60.0,61.9,49.3,144.0,84.7,68.4,179.0,9.0,5.0,13.0,0.74,15.2,2018
Bernd Leno,de GER,Arsenal,26,1992,32.0,31.0,2835.0,42.0,1.33,138.0,104.0,74.6,16.0,7.0,8.0,7.0,22.6,7.0,7.0,0.0,0.0,1.0,4.0,2.0,45.7,0.29,5.7,0.18,143.0,437.0,32.7,878.0,172.0,34.5,35.9,226.0,59.3,50.0,254.0,14.0,5.5,18.0,0.57,14.6,2018
Hugo Lloris,fr FRA,Tottenham,31,1986,33.0,33.0,2970.0,33.0,1.0,121.0,91.0,75.2,21.0,2.0,10.0,12.0,36.4,5.0,3.0,2.0,0.0,1.0,5.0,3.0,39.5,0.3,9.5,0.29,228.0,482.0,47.3,928.0,153.0,37.1,36.1,250.0,55.2,46.2,285.0,14.0,4.9,18.0,0.55,14.5,2018
Jonas Lössl,dk DEN,Huddersfield,29,1989,31.0,30.0,2777.0,54.0,1.75,137.0,87.0,63.5,3.0,5.0,22.0,5.0,16.7,5.0,4.0,1.0,0.0,1.0,6.0,0.0,45.9,0.32,-8.1,-0.26,327.0,705.0,46.4,890.0,93.0,59.4,45.8,221.0,79.6,60.6,218.0,21.0,9.6,21.0,0.68,14.1,2018
Alex McCarthy,eng ENG,Southampton,28,1989,25.0,25.0,2250.0,44.0,1.76,118.0,79.0,64.4,5.0,8.0,12.0,4.0,16.0,2.0,2.0,0.0,0.0,0.0,4.0,3.0,34.5,0.28,-6.5,-0.26,140.0,454.0,30.8,476.0,80.0,61.3,48.7,190.0,85.3,63.6,247.0,23.0,9.3,17.0,0.68,14.8,2018
Rui Patrício,pt POR,Wolves,30,1988,37.0,37.0,3330.0,46.0,1.24,136.0,95.0,68.4,15.0,9.0,13.0,8.0,21.6,4.0,3.0,0.0,1.0,1.0,7.0,4.0,37.7,0.27,-4.3,-0.12,248.0,584.0,42.5,578.0,108.0,60.4,44.1,285.0,82.5,56.2,303.0,18.0,5.9,11.0,0.3,12.3,2018
Jordan Pickford,eng ENG,Everton,24,1994,38.0,38.0,3420.0,46.0,1.21,131.0,87.0,66.4,15.0,9.0,14.0,14.0,36.8,5.0,2.0,3.0,0.0,2.0,11.0,2.0,47.7,0.34,3.7,0.1,292.0,778.0,37.5,983.0,156.0,58.8,48.7,288.0,69.4,59.1,280.0,24.0,8.6,32.0,0.84,15.3,2018
Sergio Rico,es ESP,Fulham,24,1993,29.0,29.0,2610.0,56.0,1.93,160.0,109.0,67.5,6.0,3.0,20.0,5.0,17.2,4.0,4.0,0.0,0.0,0.0,9.0,2.0,51.4,0.31,-2.6,-0.09,256.0,619.0,41.4,612.0,91.0,62.6,45.8,275.0,85.8,60.2,299.0,16.0,5.4,13.0,0.45,12.4,2018
Mathew Ryan,au AUS,Brighton,26,1992,34.0,34.0,3060.0,55.0,1.62,140.0,93.0,66.4,8.0,8.0,18.0,6.0,17.6,8.0,8.0,0.0,0.0,1.0,6.0,0.0,50.6,0.32,-4.4,-0.13,335.0,793.0,42.2,707.0,94.0,69.0,49.9,325.0,93.8,63.5,322.0,20.0,6.2,11.0,0.32,13.0,2018
Kasper Schmeichel,dk DEN,Leicester City,31,1986,38.0,38.0,3420.0,48.0,1.26,133.0,90.0,67.7,15.0,7.0,16.0,10.0,26.3,5.0,5.0,0.0,0.0,0.0,7.0,0.0,43.4,0.3,-4.6,-0.12,346.0,715.0,48.4,916.0,124.0,52.2,42.4,317.0,74.8,56.8,344.0,26.0,7.6,15.0,0.39,13.4,2018
Julián Speroni,ar ARG,Crystal Palace,39,1979,1.0,1.0,90.0,4.0,4.0,10.0,6.0,60.0,0.0,0.0,1.0,0.0,0.0,0.0,0.0,0.0,0.0,0.0,1.0,0.0,4.7,0.47,0.7,0.72,13.0,32.0,40.6,22.0,3.0,95.5,59.5,13.0,84.6,60.1,12.0,0.0,0.0,0.0,0.0,9.9,2018
Asmir Begović,ba BIH,Bournemouth,30,1987,38.0,38.0,3420.0,61.0,1.61,171.0,113.0,65.5,11.0,11.0,16.0,6.0,15.8,4.0,2.0,1.0,1.0,2.0,8.0,1.0,57.5,0.33,-2.5,-0.07,233.0,668.0,34.9,823.0,227.0,48.8,41.5,329.0,80.9,58.5,389.0,34.0,8.7,8.0,0.21,13.2,2017
Jack Butland,eng ENG,Stoke City,24,1993,35.0,35.0,3150.0,61.0,1.74,198.0,144.0,71.7,7.0,11.0,17.0,6.0,17.1,5.0,5.0,0.0,0.0,0.0,11.0,2.0,59.4,0.28,0.4,0.01,404.0,1006.0,40.2,932.0,94.0,74.6,54.3,338.0,92.0,67.8,375.0,32.0,8.5,23.0,0.66,13.9,2017
Petr Čech,cz CZE,Arsenal,35,1982,34.0,34.0,3039.0,48.0,1.42,129.0,84.0,66.7,16.0,6.0,12.0,11.0,32.4,6.0,5.0,1.0,0.0,0.0,8.0,0.0,49.7,0.35,1.7,0.05,179.0,464.0,38.6,815.0,217.0,39.9,38.1,223.0,62.3,51.6,293.0,31.0,10.6,26.0,0.77,15.0,2017
Thibaut Courtois,be BEL,Chelsea,25,1992,35.0,35.0,3150.0,34.0,0.97,104.0,73.0,69.2,20.0,6.0,9.0,15.0,42.9,2.0,2.0,0.0,0.0,0.0,2.0,2.0,28.7,0.27,-3.3,-0.09,173.0,455.0,38.0,948.0,204.0,34.2,36.5,246.0,53.3,48.3,282.0,22.0,7.8,16.0,0.46,13.3,2017
Łukasz Fabiański,pl POL,Swansea City,32,1985,38.0,38.0,3420.0,56.0,1.47,182.0,129.0,70.9,8.0,9.0,21.0,9.0,23.7,7.0,3.0,3.0,1.0,1.0,6.0,2.0,55.8,0.29,1.8,0.05,329.0,837.0,39.3,913.0,152.0,56.8,46.5,359.0,88.6,64.5,398.0,39.0,9.8,12.0,0.32,12.9,2017
Ben Foster,eng ENG,West Brom,34,1983,37.0,37.0,3330.0,55.0,1.49,152.0,98.0,64.5,6.0,12.0,19.0,10.0,27.0,1.0,1.0,0.0,0.0,3.0,9.0,1.0,48.8,0.32,-5.2,-0.14,347.0,925.0,37.5,798.0,74.0,75.6,54.3,337.0,95.5,70.6,436.0,29.0,6.7,19.0,0.51,14.0,2017
David de Gea,es ESP,Manchester Utd,26,1990,37.0,37.0,3330.0,28.0,0.76,139.0,113.0,80.6,24.0,6.0,7.0,18.0,48.6,1.0,1.0,0.0,0.0,1.0,5.0,2.0,34.5,0.24,8.5,0.23,257.0,660.0,38.9,794.0,142.0,54.5,44.2,292.0,77.7,59.1,301.0,19.0,6.3,13.0,0.35,13.3,2017
Lee Grant,eng ENG,Stoke City,34,1983,3.0,3.0,270.0,7.0,2.33,14.0,7.0,50.0,0.0,1.0,2.0,1.0,33.3,0.0,0.0,0.0,0.0,0.0,1.0,0.0,5.5,0.39,-1.5,-0.51,31.0,66.0,47.0,71.0,14.0,64.8,50.1,23.0,87.0,64.1,22.0,1.0,4.5,3.0,1.0,16.7,2017
Wayne Hennessey,wls WAL,Crystal Palace,30,1987,27.0,27.0,2430.0,41.0,1.52,127.0,89.0,68.5,8.0,6.0,13.0,7.0,25.9,1.0,1.0,0.0,0.0,1.0,8.0,2.0,38.9,0.3,-0.1,0.0,234.0,604.0,38.7,556.0,97.0,71.6,54.1,226.0,91.2,70.9,282.0,17.0,6.0,18.0,0.67,13.9,2017
Hugo Lloris,fr FRA,Tottenham,30,1986,36.0,36.0,3240.0,35.0,0.97,116.0,82.0,71.6,22.0,7.0,7.0,15.0,41.7,3.0,2.0,1.0,0.0,1.0,8.0,0.0,35.6,0.29,0.6,0.02,206.0,448.0,46.0,939.0,190.0,34.5,35.7,229.0,54.1,45.3,277.0,26.0,9.4,31.0,0.86,16.4,2017
Nick Pope,eng ENG,Burnley,25,1992,35.0,34.0,3115.0,35.0,1.01,147.0,114.0,78.2,13.0,11.0,11.0,11.0,32.4,5.0,3.0,1.0,1.0,0.0,3.0,1.0,44.0,0.28,10.0,0.29,366.0,1023.0,35.8,915.0,118.0,80.3,58.9,300.0,96.0,72.8,394.0,45.0,11.4,22.0,0.64,14.8,2017
