Squad,# Pl,Age,Poss,Playing Time MP,Playing Time Starts,Playing Time Min,Playing Time 90s,Performance Gls,Performance Ast,Performance G-PK,Performance PK,Performance PKatt,Performance CrdY,Performance CrdR,Per 90 Minutes Gls,Per 90 Minutes Ast,Per 90 Minutes G+A,Per 90 Minutes G-PK,Per 90 Minutes G+A-PK,Expected xG,Expected npxG,Expected xA,Expected npxG+xA,Per 90 Minutes xG,Per 90 Minutes xA,Per 90 Minutes xG+xA,Per 90 Minutes npxG,Per 90 Minutes npxG+xA,Performance GA,Performance GA90,Performance SoTA,Performance Saves,Performance Save%,Performance W,Performance D,Performance L,Performance CS,Performance CS%,Penalty Kicks PKatt,Penalty Kicks PKA,Penalty Kicks PKsv,Penalty Kicks PKm,Penalty Kicks Save%,90s,Goals GA,Goals PKA,Goals FK,Goals CK,Goals OG,Expected PSxG,Expected PSxG/SoT,Expected PSxG+/-,Expected /90,Launched Cmp,Launched Att,Launched Cmp%,Passes Att,Passes Thr,Passes Launch%,Passes AvgLen,Goal Kicks Att,Goal Kicks Launch%,Goal Kicks AvgLen,Crosses Opp,Crosses Stp,Crosses Stp%,Sweeper #OPA,Sweeper #OPA/90,Sweeper AvgDist,Standard Gls,Standard Sh,Standard SoT,Standard SoT%,Standard Sh/90,Standard SoT/90,Standard G/Sh,Standard G/SoT,Standard Dist,Standard FK,Standard PK,Standard PKatt,Expected npxG/Sh,Expected G-xG,Expected np:G-xG,Total Cmp,Total Att,Total Cmp%,Total TotDist,Total PrgDist,Short Cmp,Short Att,Short Cmp%,Medium Cmp,Medium Att,Medium Cmp%,Long Cmp,Long Att,Long Cmp%,Ast,xA,A-xA,KP,1/3,PPA,CrsPA,Prog,Att,Pass Types Live,Pass Types Dead,Pass Types FK,Pass Types TB,Pass Types Press,Pass Types Sw,Pass Types Crs,Pass Types CK,Corner Kicks In,Corner Kicks Out,Corner Kicks Str,Height Ground,Height Low,Height High,Body Parts Left,Body Parts Right,Body Parts Head,Body Parts TI,Body Parts Other,Outcomes Cmp,Outcomes Off,Outcomes Out,Outcomes Int,Outcomes Blocks,SCA SCA,SCA SCA90,SCA Types PassLive,SCA Types PassDead,SCA Types Drib,SCA Types Sh,SCA Types Fld,SCA Types Def,GCA GCA,GCA GCA90,GCA Types PassLive,GCA Types PassDead,GCA Types Drib,GCA Types Sh,GCA Types Fld,GCA Types Def,Tackles Tkl,Tackles TklW,Tackles Def 3rd,Tackles Mid 3rd,Tackles Att 3rd,Vs Dribbles Tkl,Vs Dribbles Att,Vs Dribbles Tkl%,Vs Dribbles Past,Pressures Press,Pressures Succ,Pressures %,Pressures Def 3rd,Pressures Mid 3rd,Pressures Att 3rd,Blocks Blocks,Blocks Sh,Blocks ShSv,Blocks Pass,Int,Tkl+Int,Clr,Err,Touches Touches,Touches Def Pen,Touches Def 3rd,Touches Mid 3rd,Touches Att 3rd,Touches Att Pen,Touches Live,Dribbles Succ,Dribbles Att,Dribbles Succ%,Dribbles #Pl,Dribbles Megs,Carries Carries,Carries TotDist,Carries PrgDist,Carries Prog,Carries 1/3,Carries CPA,Carries Mis,Carries Dis,Receiving Targ,Receiving Rec,Receiving Rec%,Receiving Prog,Playing Time Mn/MP,Playing Time Min%,Starts Starts,Starts Mn/Start,Starts Compl,Subs Subs,Subs Mn/Sub,Subs unSub,Team Success PPM,Team Success onG,Team Success onGA,Team Success +/-,Team Success +/-90,Team Success (xG) onxG,Team Success (xG) onxGA,Team Success (xG) xG+/-,Team Success (xG) xG+/-90,Performance 2CrdY,Performance Fls,Performance Fld,Performance Off,Performance Crs,Performance Int,Performance TklW,Performance PKwon,Performance PKcon,Performance OG,Performance Recov,Aerial Duels Won,Aerial Duels Lost,Aerial Duels Won%,season
vs Arsenal,27,27.5,50.5,15,165,1350,15.0,22,17,21,1,1,28,1,1.47,1.13,2.6,1.4,2.53,23.9,23.2,18.0,41.2,1.6,1.2,2.79,1.55,2.74,18,1.2,68,49,73.5,6,2,7,5,33.3,2,0,2,0,100.0,15.0,18,0,1,5,0,20.8,0.29,2.8,0.18,110,253,43.5,501,57,36.9,36.3,110,61.8,49.0,96,5,5.2,11,0.73,14.8,22,207,74,35.7,13.8,4.93,0.1,0.28,16.3,4,1,1,0.11,-1.9,-2.2,6103,7512,81.2,119453,38875,2394,2698,88.7,2736,3100,88.3,868,1459,59.5,17,18.0,-1.0,157,425,136,33,454,7512,6818,694,165,18,915,189,192,80,37,21,4,5252,828,1432,1892,4755,290,305,80,6103,23,117,194,170,329,21.93,258,24,17,12,11,7,36,2.4,27,1,4,1,3,0,246,156,114,91,41,98,221,44.3,123,2065,599,29.0,713,865,487,196,58,0,138,195,441,275,2,9122,1138,3092,4107,2430,386,8446,95,182,52.2,103,1,5926,28100,14968,635,208,64,189,143,7038,6103,86.7,454,90,100,165,84,120,44,21,91,1.53,22,18,4,0.27,23.9,19.0,5.0,0.33,1,147,136,29,192,195,156,1,2,0,1182,253,238,51.5,2021
vs Aston Villa,25,27.3,55.4,15,165,1350,15.0,23,17,23,0,2,31,0,1.53,1.13,2.67,1.53,2.67,20.2,18.6,14.4,32.9,1.34,0.96,2.3,1.24,2.2,21,1.4,52,33,63.5,8,1,6,2,13.3,2,2,0,0,0.0,15.0,21,2,0,5,1,15.9,0.27,-4.1,-0.28,77,195,39.5,341,55,37.8,35.8,111,59.5,46.7,156,11,7.1,9,0.6,15.1,23,201,65,32.3,13.4,4.33,0.11,0.35,17.3,11,0,2,0.09,2.8,4.4,5858,7287,80.4,116635,36429,2216,2524,87.8,2685,3100,86.6,858,1402,61.2,17,14.4,2.6,148,392,107,23,412,7287,6588,699,157,12,908,229,172,85,38,22,7,4963,905,1419,1972,4468,281,309,81,5858,14,131,224,180,324,21.6,237,24,20,14,23,6,38,2.53,28,1,3,4,2,0,244,167,117,94,33,76,198,38.4,122,1886,590,31.3,639,829,418,198,48,0,150,177,421,346,4,9009,1065,3228,4005,2330,374,8321,136,246,55.3,147,9,5621,29896,17444,641,210,89,163,164,6908,5858,84.8,412,90,100,165,86,122,43,17,91,1.27,24,21,3,0.2,20.2,15.5,4.7,0.31,0,212,147,14,172,177,167,1,2,1,1256,273,264,50.8,2021
vs Brentford,22,27.5,54.3,15,165,1350,15.0,20,14,19,1,1,31,0,1.33,0.93,2.27,1.27,2.2,18.7,17.9,13.6,31.5,1.24,0.9,2.15,1.19,2.1,19,1.27,52,35,67.3,6,5,4,4,26.7,2,2,0,0,0.0,15.0,19,2,0,3,1,18.7,0.33,0.7,0.05,93,256,36.3,363,60,52.3,43.7,98,67.3,50.5,147,22,15.0,14,0.93,16.3,20,182,61,33.5,12.13,4.07,0.1,0.31,17.1,9,1,1,0.1,1.3,1.1,5734,7392,77.6,112833,36538,2335,2691,86.8,2398,2810,85.3,897,1613,55.6,14,13.6,0.4,134,447,142,45,475,7392,6688,704,171,17,990,219,199,80,40,22,1,4569,1110,1713,2068,4308,388,321,93,5734,34,114,219,203,294,19.6,230,17,11,15,15,6,29,1.93,24,1,0,3,1,0,222,128,94,99,29,74,172,43.0,98,1792,564,31.5,525,800,467,237,51,4,186,231,453,374,5,9238,962,2914,4241,2626,359,8552,128,245,52.2,137,11,5852,28699,14522,653,227,69,197,179,6962,5734,82.4,475,90,100,165,86,132,33,22,101,1.13,21,19,2,0.13,18.7,18.7,0.0,0.0,0,163,155,34,199,231,128,1,2,1,1431,345,340,50.4,2021
vs Brighton,24,27.2,42.9,15,165,1350,15.0,16,13,14,2,2,34,0,1.07,0.87,1.93,0.93,1.8,18.6,17.1,13.5,30.5,1.24,0.9,2.14,1.14,2.04,14,0.93,53,39,79.2,3,8,4,5,33.3,3,3,0,0,0.0,15.0,14,3,0,1,0,13.4,0.21,-0.6,-0.04,69,200,34.5,316,75,42.1,38.5,109,61.5,50.0,117,11,9.4,8,0.53,14.8,16,182,54,29.7,12.13,3.6,0.08,0.26,18.3,7,2,2,0.1,-2.6,-3.1,4978,6382,78.0,94565,32771,2102,2409,87.3,2097,2446,85.7,675,1236,54.6,13,13.5,-0.5,135,345,110,25,404,6382,5692,690,161,15,885,173,176,79,39,19,6,4147,871,1364,1853,3680,276,309,101,4978,8,117,182,198,286,19.07,218,20,15,14,16,3,27,1.8,18,3,2,2,2,0,251,144,121,97,33,79,219,36.1,140,2307,628,27.2,793,950,564,276,61,2,215,240,491,303,1,8202,929,2858,3412,2377,357,7523,111,227,48.9,121,9,4987,25827,13363,534,164,78,169,201,5930,4978,83.9,404,90,100,165,85,124,41,19,93,1.33,16,14,2,0.13,18.6,17.2,1.4,0.09,0,136,149,12,176,240,144,2,3,0,1174,227,235,49.1,2021
vs Burnley,19,27.1,60.5,14,154,1260,14.0,21,16,21,0,0,20,0,1.5,1.14,2.64,1.5,2.64,21.6,21.6,15.7,37.3,1.54,1.12,2.67,1.54,2.67,14,1.0,48,34,70.8,6,7,1,6,42.9,0,0,0,0,,14.0,14,0,0,3,1,14.2,0.3,1.2,0.09,83,232,35.8,449,85,38.3,36.0,107,56.1,45.0,171,18,10.5,14,1.0,15.3,21,236,62,26.3,16.86,4.43,0.09,0.34,16.7,7,0,0,0.09,-0.6,-0.6,6229,7779,80.1,119012,38729,2640,2990,88.3,2699,3120,86.5,799,1417,56.4,16,15.7,0.3,169,427,167,29,567,7779,7089,690,164,15,1002,217,192,88,19,41,7,5226,1027,1526,2354,4468,327,301,126,6229,17,117,212,180,379,27.07,280,30,22,29,15,3,35,2.5,28,1,2,3,1,0,186,104,92,71,23,63,158,39.9,95,1675,487,29.1,625,696,354,206,37,1,169,147,333,418,5,9486,1073,3398,4104,2549,446,8808,105,203,51.7,119,13,6113,32863,18610,724,201,90,171,158,7205,6229,86.5,567,90,100,154,86,116,38,15,87,0.71,21,14,7,0.5,21.6,14.4,7.1,0.51,0,114,129,17,192,147,104,0,0,1,1369,334,384,46.5,2021
vs Chelsea,25,27.4,41.1,15,165,1350,15.0,9,5,6,3,3,37,2,0.6,0.33,0.93,0.4,0.73,15.3,13.5,9.4,22.9,1.02,0.63,1.65,0.9,1.53,35,2.33,80,47,60.0,2,3,10,1,6.7,4,3,1,0,25.0,15.0,35,3,1,6,1,29.6,0.34,-4.4,-0.29,106,280,37.9,416,72,50.2,42.8,107,66.4,50.5,116,10,8.6,14,0.93,14.2,9,141,45,31.9,9.4,3.0,0.04,0.13,17.3,3,3,3,0.1,-6.3,-7.5,4899,6345,77.2,94533,32198,2111,2424,87.1,1989,2318,85.8,699,1319,53.0,5,9.4,-4.4,93,342,96,29,355,6345,5658,687,185,9,1088,170,151,73,31,26,6,4121,856,1368,1798,3732,267,272,100,4899,24,92,207,181,200,13.33,138,22,10,12,12,6,13,0.87,6,1,1,2,2,1,263,164,120,113,30,80,240,33.3,160,2642,635,24.0,797,1187,658,263,85,1,178,238,501,303,2,8096,1130,2854,3573,2089,293,7425,140,227,61.7,148,16,4731,22412,11355,458,138,46,191,175,6016,4899,81.4,355,90,100,165,84,119,44,23,91,2.2,9,35,-26,-1.73,15.3,27.1,-11.8,-0.79,1,181,153,27,151,238,164,2,3,1,1152,236,267,46.9,2021
vs Crystal Palace,22,27.3,49.0,15,165,1350,15.0,21,12,20,1,1,35,2,1.4,0.8,2.2,1.33,2.13,15.6,14.9,9.1,24.0,1.04,0.61,1.65,0.99,1.6,19,1.27,49,31,65.3,5,7,3,5,33.3,2,2,0,0,0.0,15.0,19,2,0,1,0,16.3,0.31,-2.7,-0.18,99,239,41.4,361,51,49.6,40.3,103,58.3,46.9,122,8,6.6,10,0.67,13.7,21,184,62,33.7,12.27,4.13,0.11,0.32,17.0,12,1,1,0.08,5.4,5.1,5643,7106,79.4,109892,36906,2380,2700,88.1,2329,2689,86.6,821,1415,58.0,12,9.1,2.9,118,476,131,35,461,7106,6407,699,180,9,1170,215,159,83,34,43,1,4655,958,1493,2137,4097,282,297,87,5643,18,121,195,194,272,18.13,184,28,12,22,22,4,29,1.93,18,4,0,5,1,1,348,190,161,144,43,114,269,42.4,155,2303,682,29.6,750,1021,532,211,54,0,157,233,581,284,5,8941,945,2797,4172,2488,370,8263,107,223,48.0,119,10,5428,26641,14103,608,160,49,212,182,6698,5643,84.2,461,90,100,165,85,122,42,20,93,1.07,21,19,2,0.13,15.6,17.9,-2.3,-0.15,1,182,162,17,159,233,190,0,2,0,1270,253,281,47.4,2021
vs Everton,26,27.1,59.7,15,165,1350,15.0,24,19,23,1,1,29,0,1.6,1.27,2.87,1.53,2.8,21.2,20.4,15.0,35.4,1.41,1.0,2.41,1.36,2.36,19,1.27,51,35,68.6,7,3,5,5,33.3,3,3,0,0,0.0,15.0,19,3,0,2,0,17.9,0.3,-1.1,-0.07,63,167,37.7,385,87,29.4,34.8,111,48.6,45.2,126,12,9.5,8,0.53,14.0,24,189,62,32.8,12.6,4.13,0.12,0.37,17.2,7,1,1,0.11,2.8,2.6,6999,8570,81.7,139458,43037,2592,2939,88.2,3252,3648,89.1,1052,1654,63.6,19,15.0,4.0,134,526,145,37,583,8570,7847,723,150,12,1077,221,171,89,48,31,1,5979,1144,1447,2790,4802,314,338,119,6999,10,128,241,204,284,18.93,201,27,17,15,16,8,36,2.4,21,4,4,4,1,2,239,135,103,99,37,92,207,44.4,115,2068,628,30.4,730,849,489,251,66,0,185,213,452,319,3,10362,976,3324,4980,2655,356,9648,144,274,52.6,156,13,6639,32979,17875,690,212,48,183,181,8129,6999,86.1,583,90,100,165,85,121,45,17,90,1.2,25,19,6,0.4,21.2,19.0,2.2,0.14,0,144,126,12,171,213,135,1,3,0,1347,300,254,54.2,2021
vs Leeds United,24,27.4,42.2,15,165,1350,15.0,21,16,20,1,1,32,0,1.4,1.07,2.47,1.33,2.4,23.5,22.8,15.6,38.4,1.57,1.04,2.61,1.52,2.56,15,1.0,62,49,79.0,5,7,3,3,20.0,2,2,0,0,0.0,15.0,15,2,1,3,0,16.0,0.23,1.0,0.07,98,255,38.4,390,64,41.3,39.0,132,71.2,51.1,143,9,6.3,7,0.47,14.2,21,216,66,30.6,14.4,4.4,0.09,0.3,17.0,11,1,1,0.11,-2.5,-2.8,4187,5691,73.6,83141,34133,1712,2020,84.8,1772,2187,81.0,630,1229,51.3,16,15.6,0.4,150,302,96,24,394,5691,4948,743,191,13,1075,134,125,76,27,45,2,3459,801,1431,1521,3279,286,314,97,4187,18,118,229,169,334,22.27,237,25,20,28,14,10,34,2.27,26,1,1,5,1,0,308,189,146,122,40,130,270,48.1,140,2129,676,31.8,695,924,510,260,76,3,184,265,573,347,5,7667,1072,2920,3289,1978,353,6938,149,288,51.7,160,14,4359,25982,14374,511,165,72,197,179,5227,4187,80.1,394,90,100,165,86,121,44,14,91,1.07,22,15,7,0.47,23.5,19.2,4.3,0.28,0,172,178,19,125,265,189,1,2,0,1276,253,223,53.2,2021
vs Leicester City,22,27.2,48.0,15,165,1350,15.0,26,16,23,3,3,22,0,1.73,1.07,2.8,1.53,2.6,24.8,22.6,17.4,40.0,1.65,1.16,2.81,1.5,2.67,23,1.53,70,44,67.1,6,4,5,3,20.0,0,0,0,0,,15.0,23,0,0,3,0,23.0,0.34,0.0,0.0,84,231,36.4,355,68,47.0,39.8,106,60.4,48.4,75,3,4.0,9,0.6,14.5,26,232,74,31.9,15.47,4.93,0.1,0.31,15.9,8,3,3,0.1,1.2,0.4,5450,6973,78.2,107666,36454,2183,2517,86.7,2286,2669,85.7,864,1482,58.3,16,17.4,-1.4,174,393,138,36,495,6973,6266,707,158,15,1037,224,186,82,57,16,3,4490,994,1489,1948,4107,312,321,109,5450,33,126,195,187,372,24.8,252,40,20,25,22,13,39,2.6,21,5,2,5,4,2,259,165,111,113,35,95,222,42.8,127,2284,667,29.2,667,1050,567,228,52,0,176,246,505,290,4,8797,933,2918,4027,2422,400,8108,133,255,52.2,146,11,5256,27952,15133,625,219,71,175,186,6548,5450,83.2,495,90,100,165,85,123,42,18,93,1.27,27,23,4,0.27,24.8,21.7,3.1,0.21,0,170,138,37,186,246,165,2,0,0,1307,247,278,47.0,2021
vs Liverpool,25,27.3,36.9,15,165,1350,15.0,11,8,11,0,0,26,3,0.73,0.53,1.27,0.73,1.27,14.4,14.4,11.7,26.2,0.96,0.78,1.74,0.96,1.74,44,2.93,95,52,54.7,1,4,10,0,0.0,1,1,0,0,0.0,15.0,44,1,0,9,0,37.7,0.39,-6.3,-0.42,103,305,33.8,402,62,51.5,43.2,132,74.2,56.2,150,14,9.3,16,1.07,13.7,11,134,42,31.3,8.93,2.8,0.08,0.26,16.0,3,0,0,0.11,-3.4,-3.4,4310,5832,73.9,86645,31884,1815,2130,85.2,1686,2064,81.7,718,1406,51.1,8,11.7,-3.7,101,280,77,24,290,5832,5153,679,170,20,1036,178,142,49,32,14,0,3399,875,1558,1699,3282,315,269,99,4310,61,122,194,134,213,14.2,158,18,14,10,7,6,18,1.2,10,2,3,3,0,0,271,157,181,76,14,103,237,43.5,134,2214,678,30.6,892,932,390,296,99,7,197,289,560,389,6,7668,1337,3394,3106,1529,265,7009,122,212,57.5,132,11,4254,20926,11236,384,110,55,179,144,5542,4310,77.8,290,90,100,165,83,122,42,23,93,2.27,12,44,-32,-2.13,14.4,39.0,-24.6,-1.64,0,128,147,67,142,289,157,0,0,0,1188,204,230,47.0,2021
vs Manchester City,23,27.7,33.5,15,165,1350,15.0,9,6,8,1,1,23,1,0.6,0.4,1.0,0.53,0.93,10.1,9.3,7.4,16.7,0.67,0.5,1.17,0.62,1.12,32,2.13,94,63,66.0,2,2,11,3,20.0,0,0,0,0,,15.0,32,0,0,5,2,31.5,0.34,1.5,0.1,122,334,36.5,459,61,50.3,40.8,151,68.2,50.5,141,8,5.7,6,0.4,13.0,9,103,30,29.1,6.87,2.0,0.08,0.27,16.9,4,1,1,0.09,-1.1,-1.3,4205,5480,76.7,84705,29948,1637,1863,87.9,1868,2201,84.9,631,1219,51.8,6,7.4,-1.4,81,257,79,17,293,5480,4861,619,160,7,810,136,111,46,19,22,0,3495,734,1251,1366,3466,224,212,81,4205,33,115,160,138,167,11.13,116,17,10,6,13,5,14,0.93,7,1,3,1,1,1,275,173,175,85,15,98,256,38.3,158,2461,564,22.9,1052,996,413,289,96,3,193,224,499,284,4,7100,1462,3299,2825,1332,219,6506,109,215,50.7,124,11,4011,19970,10237,354,94,35,164,120,5212,4205,80.7,293,90,100,165,82,119,45,27,90,2.33,9,32,-23,-1.53,10.1,33.2,-23.1,-1.54,0,130,131,37,111,224,173,1,0,2,996,176,195,47.4,2021
vs Manchester Utd,24,27.4,47.3,15,165,1350,15.0,22,20,21,1,3,20,0,1.47,1.33,2.8,1.4,2.73,24.8,22.5,15.7,38.2,1.65,1.05,2.7,1.5,2.55,25,1.67,71,46,66.2,5,3,7,3,20.0,2,1,0,1,0.0,15.0,25,1,0,1,0,18.2,0.25,-6.8,-0.45,93,262,35.5,373,54,52.8,41.7,111,58.6,47.1,111,10,9.0,8,0.53,14.4,22,209,68,32.5,13.93,4.53,0.1,0.31,16.8,8,1,3,0.11,-2.8,-1.5,5842,7259,80.5,112047,35351,2491,2765,90.1,2427,2815,86.2,831,1400,59.4,20,15.7,4.3,145,414,107,25,444,7259,6581,678,183,17,909,204,166,90,49,27,2,5068,846,1345,2026,4483,257,248,89,5842,25,123,189,164,318,21.2,212,29,20,21,23,13,35,2.33,26,2,1,2,2,2,269,169,125,96,48,92,235,39.1,143,2253,678,30.1,738,998,517,230,57,2,173,278,547,252,2,8956,1006,2804,4287,2334,345,8293,114,200,57.0,122,8,5646,26916,14358,594,169,62,167,155,6939,5842,84.2,444,90,100,165,86,125,40,17,95,1.6,24,25,-1,-0.07,24.8,20.8,4.0,0.27,0,133,157,29,166,278,169,2,2,0,1136,196,243,44.6,2021
vs Newcastle Utd,23,27.2,61.1,15,165,1350,15.0,29,20,25,4,5,26,1,1.93,1.33,3.27,1.67,3.0,25.1,21.9,16.8,38.8,1.68,1.12,2.8,1.46,2.58,17,1.13,48,32,66.7,7,7,1,3,20.0,1,1,0,0,0.0,15.0,17,1,0,4,1,14.3,0.28,-1.7,-0.11,80,178,44.9,289,58,41.9,37.2,101,56.4,43.1,121,9,7.4,11,0.73,16.3,29,233,69,29.6,15.53,4.6,0.11,0.36,18.0,10,4,5,0.1,3.9,3.1,7064,8424,83.9,133788,40667,2973,3289,90.4,3115,3508,88.8,868,1372,63.3,20,16.8,3.2,172,618,149,22,600,8424,7776,648,158,12,972,216,192,60,32,25,3,6110,971,1343,2311,5265,264,294,102,7064,21,143,198,163,381,25.4,287,24,18,31,19,2,50,3.33,38,2,1,5,4,0,280,166,135,108,37,86,234,36.8,148,1989,639,32.1,715,793,481,203,58,2,145,160,440,298,2,10141,904,2796,4885,3169,438,9505,138,243,56.8,151,14,6693,36237,20582,904,276,88,162,170,8089,7064,87.3,600,90,100,165,86,122,42,18,93,0.67,30,17,13,0.87,25.1,14.3,10.8,0.72,0,153,144,24,192,160,166,4,1,1,1269,268,253,51.4,2021
vs Norwich City,23,27.2,54.1,15,165,1350,15.0,29,22,26,3,3,29,1,1.93,1.47,3.4,1.73,3.2,25.3,23.3,17.8,41.1,1.69,1.18,2.87,1.55,2.74,8,0.53,41,35,85.4,9,4,2,9,60.0,2,2,0,0,0.0,15.0,8,2,0,2,0,11.0,0.23,3.0,0.2,81,198,40.9,358,77,36.0,36.0,107,64.5,50.1,121,7,5.8,21,1.4,16.5,29,223,75,33.6,14.87,5.0,0.12,0.35,17.0,4,3,3,0.11,3.7,2.7,6482,7949,81.5,127210,40286,2642,2938,89.9,2793,3218,86.8,959,1532,62.6,22,17.8,4.2,167,527,135,30,529,7949,7277,672,144,12,1113,240,191,90,42,32,6,5417,1016,1516,2171,4829,328,307,117,6482,14,128,233,177,343,22.87,247,35,17,19,15,10,47,3.13,37,1,1,5,1,2,268,154,121,96,51,109,261,41.8,152,2124,604,28.4,650,835,639,207,53,1,154,185,453,248,3,9612,869,2833,4539,2847,464,8957,132,251,52.6,144,8,6145,32550,18248,780,208,91,179,160,7536,6482,86.0,529,90,100,165,83,119,45,26,89,0.67,31,8,23,1.53,25.3,14.3,11.1,0.74,0,185,125,15,191,185,154,1,2,0,1330,274,239,53.4,2021
vs Southampton,21,27.6,50.7,15,165,1350,15.0,21,17,21,0,0,30,1,1.4,1.13,2.53,1.4,2.53,20.3,20.3,16.3,36.5,1.35,1.08,2.44,1.35,2.44,14,0.93,53,42,77.4,5,7,3,4,26.7,2,2,0,0,0.0,15.0,14,2,0,3,1,14.0,0.24,1.0,0.07,117,265,44.2,420,58,45.7,40.1,113,64.6,51.5,133,4,3.0,14,0.93,14.4,21,186,60,32.3,12.4,4.0,0.11,0.35,16.1,8,0,0,0.11,0.7,0.7,5251,6871,76.4,106494,39065,2052,2432,84.4,2277,2722,83.7,830,1457,57.0,17,16.3,0.7,134,377,116,28,469,6871,6145,726,177,7,1200,184,185,73,40,26,0,4182,1108,1581,1872,3952,350,334,97,5251,21,138,249,173,291,19.4,210,23,21,19,13,5,33,2.2,22,2,3,6,0,0,279,163,147,99,33,104,257,40.5,153,2164,654,30.2,702,944,518,234,70,1,164,197,476,390,3,8731,1103,3144,3843,2199,338,8021,149,246,60.6,158,12,5205,24892,13285,496,170,63,202,173,6394,5251,82.1,469,90,100,165,85,121,43,19,92,1.07,21,14,7,0.47,20.3,20.5,-0.3,-0.02,1,161,170,26,185,197,163,0,2,1,1386,358,277,56.4,2021
vs Tottenham,22,27.3,50.0,14,154,1260,14.0,16,14,15,1,1,30,2,1.14,1.0,2.14,1.07,2.07,16.6,15.8,12.4,28.2,1.18,0.88,2.07,1.13,2.01,16,1.14,54,39,72.2,5,1,8,5,35.7,1,1,0,0,0.0,14.0,16,1,1,1,2,14.9,0.26,0.9,0.06,71,175,40.6,352,74,40.1,37.3,76,44.7,37.2,82,10,12.2,10,0.71,15.6,16,192,54,28.1,13.71,3.86,0.08,0.28,16.8,4,1,1,0.08,-0.6,-0.8,5553,6845,81.1,113381,34852,2009,2294,87.6,2540,2898,87.6,913,1416,64.5,14,12.4,1.6,143,381,115,23,428,6845,6217,628,156,11,923,253,217,76,31,23,8,4661,853,1331,2178,3861,264,290,92,5553,14,105,212,161,303,21.64,227,28,18,16,6,8,31,2.21,25,2,3,1,0,0,283,168,119,115,49,111,263,42.2,152,2128,647,30.4,644,1003,481,229,51,2,178,209,492,285,1,8612,905,2883,3918,2331,381,7998,134,227,59.0,145,12,5577,27057,14289,590,170,72,171,184,6413,5553,86.6,428,90,100,154,86,114,40,16,86,1.79,17,16,1,0.07,16.6,17.1,-0.5,-0.04,1,163,135,16,217,209,168,0,1,2,1169,236,238,49.8,2021
vs Watford,26,27.1,59.3,15,165,1350,15.0,28,20,27,1,2,31,1,1.87,1.33,3.2,1.8,3.13,29.2,27.7,21.7,49.4,1.95,1.45,3.4,1.85,3.29,20,1.33,60,40,68.3,10,1,4,7,46.7,3,1,2,0,66.7,15.0,20,1,0,3,0,17.7,0.28,-2.3,-0.16,73,178,41.0,375,64,36.8,35.0,104,38.5,38.3,129,12,9.3,11,0.73,15.2,28,224,75,33.5,14.93,5.0,0.12,0.36,16.4,9,1,2,0.13,-1.2,-0.7,6571,8112,81.0,130227,41988,2544,2925,87.0,2974,3390,87.7,953,1549,61.5,20,21.7,-1.7,164,516,150,22,610,8112,7398,714,220,18,1096,260,202,91,47,34,0,5646,1002,1464,2231,5003,313,263,92,6571,26,129,205,157,349,23.27,251,27,25,20,19,7,46,3.07,30,3,6,3,4,0,263,148,144,84,35,103,253,40.7,150,1855,618,33.3,707,742,406,226,50,0,176,199,462,326,5,9933,945,3343,4663,2503,478,9241,143,250,57.2,156,10,6419,30177,17191,700,186,89,167,158,7640,6571,86.0,610,90,100,165,85,124,40,19,94,0.87,29,20,9,0.6,29.2,18.3,10.9,0.73,1,141,200,30,202,199,148,2,2,0,1390,303,296,50.6,2021
vs West Ham,20,27.4,53.7,15,165,1350,15.0,19,13,19,0,0,21,2,1.27,0.87,2.13,1.27,2.13,17.1,17.1,12.0,29.2,1.14,0.8,1.95,1.14,1.95,28,1.87,68,43,60.3,4,3,8,2,13.3,3,1,2,0,66.7,15.0,28,1,0,5,2,22.9,0.3,-3.1,-0.21,73,169,43.2,386,81,29.5,32.9,117,47.0,41.4,151,15,9.9,7,0.47,13.2,19,196,66,33.7,13.07,4.4,0.1,0.29,15.8,2,0,0,0.09,1.9,1.9,6493,7884,82.4,124972,38871,2580,2866,90.0,2954,3364,87.8,850,1368,62.1,13,12.0,1.0,140,499,140,34,529,7884,7242,642,154,6,917,197,198,82,37,35,5,5587,875,1422,2190,4897,271,246,108,6493,11,136,183,176,294,19.6,226,26,11,18,9,4,30,2.0,20,2,2,5,0,1,227,143,113,87,27,83,194,42.8,111,1945,567,29.2,723,803,419,246,72,4,174,158,385,346,6,9641,1051,3163,4527,2598,414,9014,126,224,56.3,140,7,6310,34427,19335,766,227,77,180,166,7485,6493,86.7,529,90,100,165,85,126,37,22,96,1.8,19,28,-9,-0.6,17.1,21.4,-4.3,-0.29,0,111,127,13,198,158,143,0,3,2,1264,264,262,50.2,2021
vs Wolves,18,27.2,49.4,15,165,1350,15.0,13,8,10,3,3,33,1,0.87,0.53,1.4,0.67,1.2,18.6,16.3,11.3,27.7,1.24,0.76,2.0,1.09,1.84,12,0.8,50,39,76.0,6,3,6,8,53.3,0,0,0,0,,15.0,12,0,1,3,1,14.7,0.3,3.7,0.25,67,172,39.0,325,65,36.3,35.3,106,50.9,44.1,96,6,6.3,12,0.8,15.9,13,171,55,32.2,11.4,3.67,0.06,0.18,17.1,4,3,3,0.1,-5.6,-6.3,5816,7236,80.4,113297,36463,2338,2623,89.1,2586,3004,86.1,807,1362,59.3,8,11.3,-3.3,123,408,120,27,494,7236,6567,669,174,26,893,195,183,72,31,32,3,4995,882,1359,1974,4447,259,288,98,5816,23,102,203,161,256,17.07,184,25,13,17,14,3,17,1.13,10,0,2,2,3,0,288,172,128,125,35,115,317,36.3,202,2176,647,29.7,657,1005,514,228,50,2,178,225,513,266,5,8994,930,2866,4409,2314,355,8340,133,257,51.8,150,14,5769,30605,17000,642,196,68,177,187,6892,5816,84.4,494,90,100,165,84,120,44,21,91,1.4,13,12,1,0.07,18.6,16.1,2.4,0.16,1,139,149,25,183,225,172,3,0,1,1261,222,225,49.7,2021
vs Arsenal,29,26.7,46.2,38,418,3420,38.0,35,25,33,2,3,74,2,0.92,0.66,1.58,0.87,1.53,44.3,42.1,29.9,71.9,1.17,0.79,1.95,1.11,1.89,55,1.45,141,93,65.2,13,7,18,12,31.6,6,6,0,0,0.0,38.0,55,6,2,4,2,50.2,0.33,-2.8,-0.07,291,699,41.6,1069,139,48.6,40.8,268,66.8,50.2,345,34,9.9,25,0.66,14.8,35,419,128,30.5,11.03,3.37,0.08,0.26,16.9,11,2,3,0.1,-9.3,-9.1,15184,18673,81.3,298685,91667,6096,6847,89.0,6687,7580,88.2,2159,3629,59.5,25,29.9,-4.9,302,1069,270,71,942,18673,17108,1565,387,23,2293,467,444,166,65,51,19,12833,2247,3593,5295,11380,671,651,225,15184,46,269,323,422,651,17.13,467,55,43,35,31,20,58,1.53,35,5,3,9,4,2,605,370,297,232,76,244,569,42.9,325,5344,1430,26.8,1866,2123,1355,593,144,6,449,383,988,895,9,22660,2848,7875,10338,5742,796,21131,327,516,63.4,341,18,14437,72040,38508,1533,480,170,362,336,17944,15184,84.6,964,90,100,418,85,320,100,21,215,1.61,39,55,-16,-0.42,44.3,53.5,-9.2,-0.24,1,422,335,53,444,383,370,3,6,2,2949,606,515,54.1,2020
vs Aston Villa,24,26.7,51.9,38,418,3420,38.0,45,30,40,5,6,73,7,1.18,0.79,1.97,1.05,1.84,52.9,48.4,32.7,81.1,1.39,0.86,2.25,1.27,2.13,55,1.45,179,131,72.1,15,7,16,8,21.1,6,5,0,1,0.0,38.0,55,5,0,7,3,54.6,0.28,2.6,0.07,222,596,37.2,842,124,48.6,40.9,286,65.4,50.5,384,27,7.0,21,0.55,14.7,45,536,177,33.0,14.11,4.66,0.07,0.23,17.3,25,5,6,0.09,-7.9,-8.4,14012,17785,78.8,269110,91417,5944,6732,88.3,5922,6912,85.7,1897,3503,54.2,30,32.7,-2.7,384,1013,373,95,1277,17785,16002,1783,478,21,2563,484,554,191,74,66,15,11638,2292,3855,4902,10646,745,735,208,14012,38,311,363,428,843,22.18,635,52,45,44,51,16,75,1.97,50,5,4,8,6,2,611,370,324,198,89,193,608,31.7,415,5614,1557,27.7,2110,2256,1248,572,168,3,404,390,1001,1048,13,22239,2689,7691,9626,6203,1047,20496,333,558,59.7,353,19,13366,71570,40927,1648,460,203,407,388,17033,14012,82.3,1315,90,100,418,84,309,103,21,216,1.45,46,55,-9,-0.24,52.9,52.9,-0.1,0.0,2,567,419,49,554,390,370,5,6,3,3264,735,781,48.5,2020
vs Brighton,27,26.4,48.7,38,418,3420,38.0,44,30,38,6,7,51,2,1.16,0.79,1.95,1.0,1.79,37.7,32.4,23.9,56.3,0.99,0.63,1.62,0.85,1.48,40,1.05,129,96,73.6,15,14,9,12,31.6,9,6,0,3,0.0,38.0,40,6,0,5,1,41.0,0.29,2.0,0.05,253,623,40.6,876,177,47.4,39.2,323,64.4,49.1,336,23,6.8,21,0.55,14.2,44,352,117,33.2,9.26,3.08,0.11,0.32,17.7,10,6,7,0.09,6.3,5.6,15002,18652,80.4,289106,90861,6175,6942,89.0,6427,7336,87.6,2122,3633,58.4,30,23.9,6.1,257,1060,279,64,1085,18652,16878,1774,459,31,2558,483,423,165,73,40,6,12738,2270,3644,5559,10917,717,749,251,15002,50,283,378,460,546,14.37,406,45,28,23,35,9,73,1.92,46,9,2,6,10,0,579,335,302,206,71,174,545,31.9,371,5577,1457,26.1,2030,2256,1291,609,164,2,445,432,1011,905,7,22972,2590,8044,10353,5954,775,21245,354,602,58.8,384,43,14345,72926,39154,1514,461,137,482,447,17787,15002,84.3,1100,90,100,418,84,318,99,23,215,1.08,46,40,6,0.16,37.7,51.6,-13.9,-0.37,0,380,409,54,423,432,335,6,9,1,3134,605,553,52.2,2020
vs Burnley,25,26.6,58.3,38,418,3420,38.0,54,47,51,3,3,32,2,1.42,1.24,2.66,1.34,2.58,57.6,55.4,43.6,99.0,1.52,1.15,2.66,1.46,2.6,33,0.87,125,96,76.0,19,9,10,17,44.7,3,3,0,0,0.0,38.0,33,3,0,7,1,39.0,0.3,7.0,0.19,202,686,29.4,1089,216,45.5,38.9,262,72.9,52.6,374,51,13.6,36,0.95,15.8,54,562,179,31.9,14.79,4.71,0.09,0.28,16.7,12,3,3,0.1,-3.6,-4.4,16787,21050,79.7,321537,101090,7053,7963,88.6,7063,8202,86.1,2345,4130,56.8,47,43.6,3.4,432,1120,414,89,1366,21050,19240,1810,448,41,2293,571,556,237,71,74,19,13961,2737,4352,5759,12678,929,791,318,16787,74,373,381,459,900,23.68,708,64,48,39,27,14,103,2.71,83,5,8,3,4,0,486,282,239,196,51,151,420,36.0,269,4524,1366,30.2,1609,1976,939,480,110,3,370,297,783,1107,10,25362,2731,8814,11364,6827,1083,23602,320,552,58.0,350,23,16017,90253,50590,2042,596,219,428,362,20161,16787,83.3,1392,90,100,418,85,317,99,19,215,1.03,55,33,22,0.58,57.6,39.9,17.7,0.47,0,403,364,81,556,297,282,3,3,1,3820,898,951,48.6,2020
vs Chelsea,27,26.3,38.6,38,418,3420,38.0,35,26,32,3,4,56,3,0.92,0.68,1.61,0.84,1.53,32.8,29.8,22.0,51.8,0.86,0.58,1.44,0.78,1.36,58,1.53,194,142,74.2,9,10,19,10,26.3,10,8,2,0,20.0,38.0,58,8,0,10,2,63.3,0.29,7.3,0.19,238,653,36.4,940,155,50.4,41.0,280,63.9,50.2,341,28,8.2,8,0.21,12.5,35,332,103,31.0,8.74,2.71,0.1,0.31,18.8,15,3,4,0.09,2.2,2.2,12649,16359,77.3,247319,82050,5131,5909,86.8,5364,6319,84.9,1894,3404,55.6,26,22.0,4.0,239,840,189,32,916,16359,14516,1843,489,22,2288,448,337,160,56,57,12,10612,2248,3499,4606,9637,640,818,233,12649,47,322,426,486,510,13.42,368,40,31,23,32,16,60,1.58,43,2,5,3,4,3,672,414,328,257,87,250,643,38.9,393,5512,1499,27.2,1902,2301,1309,682,176,4,506,419,1091,801,15,20663,2717,7360,9414,5074,637,18862,338,578,58.5,368,29,12180,60007,30418,1163,367,111,427,466,15374,12649,82.3,949,90,100,418,85,314,104,19,206,1.76,36,58,-22,-0.58,32.8,64.0,-31.2,-0.82,1,379,418,55,337,419,414,4,10,2,3047,550,614,47.3,2020
vs Crystal Palace,24,26.4,59.9,38,418,3420,38.0,66,47,63,3,4,44,4,1.74,1.24,2.97,1.66,2.89,57.5,54.4,39.8,94.2,1.51,1.05,2.56,1.43,2.48,41,1.08,129,92,70.5,18,8,12,14,36.8,4,3,1,0,25.0,38.0,41,3,1,4,2,38.6,0.28,-0.4,-0.01,169,382,44.2,794,166,35.3,35.0,199,51.3,42.8,261,19,7.3,27,0.71,15.0,66,533,173,32.5,14.03,4.55,0.12,0.36,16.0,29,3,4,0.1,8.5,8.6,18704,22352,83.7,369651,110245,7503,8359,89.8,8024,8959,89.6,2848,4209,67.7,47,39.8,7.2,387,1494,427,123,1463,22352,20596,1756,440,37,2662,813,491,228,90,94,17,15732,2840,3780,6235,13804,779,809,258,18704,37,286,430,507,865,22.76,606,89,42,55,58,15,100,2.63,78,4,3,9,5,1,748,410,336,302,110,236,637,37.0,401,5713,1727,30.2,1825,2518,1370,568,119,1,449,409,1157,845,6,26900,2084,7545,13631,7348,1031,25187,363,646,56.2,394,34,17468,87315,47390,1935,501,123,470,444,21553,18704,86.8,1476,90,100,418,85,315,101,18,212,1.16,66,41,25,0.66,57.5,32.4,25.0,0.66,1,454,388,49,491,409,410,3,4,2,3345,724,734,49.7,2020
vs Everton,29,26.4,53.5,38,418,3420,38.0,47,33,44,3,4,66,1,1.24,0.87,2.11,1.16,2.03,52.0,48.9,33.5,82.5,1.37,0.88,2.25,1.29,2.17,47,1.24,144,102,70.1,13,8,17,10,26.3,5,4,1,0,20.0,38.0,47,4,0,11,2,45.4,0.3,0.4,0.01,176,455,38.7,871,181,37.7,36.0,237,53.6,45.6,316,29,9.2,17,0.45,13.5,47,502,158,31.5,13.21,4.16,0.09,0.28,17.1,22,3,4,0.1,-5.0,-4.9,17393,20993,82.9,335077,107306,7022,7746,90.7,7715,8652,89.2,2382,3838,62.1,33,33.5,-0.5,351,1275,331,65,1451,20993,19235,1758,422,28,2593,527,471,226,90,76,20,15089,2483,3421,5634,13252,696,788,259,17393,41,250,382,490,772,20.32,565,68,35,36,45,23,74,1.95,52,3,6,4,5,4,669,393,283,278,108,220,583,37.7,363,5448,1596,29.3,1553,2464,1431,574,107,0,467,425,1094,774,5,25398,2261,7755,12397,6963,976,23674,382,653,58.5,413,27,16289,85005,46623,1890,606,169,489,445,20153,17393,86.3,1463,90,100,418,85,317,100,19,215,1.55,48,47,1,0.03,52.0,47.2,4.8,0.13,0,409,374,42,471,425,393,4,5,2,3254,529,693,43.3,2020
vs Fulham,28,26.6,50.1,38,418,3420,38.0,52,34,45,7,7,40,1,1.37,0.89,2.26,1.18,2.08,53.0,47.8,36.2,84.0,1.39,0.95,2.35,1.26,2.21,27,0.71,123,97,80.5,20,13,5,18,47.4,6,3,1,2,25.0,38.0,27,3,0,4,1,32.9,0.24,6.9,0.18,228,583,39.1,895,154,47.2,40.7,276,58.3,47.7,385,23,6.0,25,0.66,15.1,52,421,164,39.0,11.08,4.32,0.11,0.27,16.3,26,7,7,0.12,-1.0,-2.8,15486,19484,79.5,313068,94394,5694,6586,86.5,7044,8061,87.4,2468,4109,60.1,34,36.2,-2.2,282,1115,291,89,1111,19484,17629,1855,493,43,2492,519,459,192,63,79,20,13204,2585,3695,5482,11655,767,827,242,15486,98,319,482,456,651,17.13,441,62,40,34,60,14,88,2.32,60,5,7,5,10,1,709,418,332,279,98,238,762,31.2,524,5519,1566,28.4,1868,2444,1207,618,139,6,479,402,1111,885,7,23887,2505,7761,11681,5825,817,22085,326,561,58.1,345,18,14753,73011,38679,1558,467,118,425,455,18455,15486,83.9,1127,90,100,418,85,319,99,21,216,0.74,53,27,26,0.68,53.0,41.3,11.7,0.31,0,389,458,103,459,402,418,6,6,1,3439,679,668,50.4,2020
vs Leeds United,23,26.5,42.4,38,418,3420,38.0,52,36,44,8,9,49,2,1.37,0.95,2.32,1.16,2.11,62.9,56.0,41.6,97.6,1.66,1.1,2.75,1.47,2.57,62,1.63,196,136,70.4,15,5,18,10,26.3,5,4,1,0,20.0,38.0,62,4,2,8,2,64.2,0.31,4.2,0.11,271,714,38.0,913,165,50.5,41.0,316,80.1,56.6,386,37,9.6,17,0.45,14.0,52,549,189,34.4,14.45,4.97,0.08,0.23,17.2,20,8,9,0.1,-10.9,-12.0,11150,14891,74.9,213297,89088,4841,5620,86.1,4434,5407,82.0,1598,3149,50.7,36,41.6,-5.6,406,837,284,39,1071,14891,12977,1914,482,43,3030,309,327,211,97,88,17,9197,2083,3611,3997,8723,661,803,240,11150,44,303,454,418,863,22.71,564,95,65,48,57,34,86,2.26,47,10,6,12,10,1,617,373,280,237,100,207,558,37.1,351,5064,1588,31.4,1661,2014,1389,680,146,1,534,520,1137,920,7,19765,2541,6793,8693,5742,969,17893,488,798,61.2,524,21,11513,71011,40016,1437,519,195,493,553,14075,11150,79.2,1137,90,100,418,85,311,107,20,203,1.55,54,62,-8,-0.21,62.9,57.5,5.4,0.14,1,434,422,54,327,520,373,8,4,2,3367,612,589,51.0,2020
vs Leicester City,27,26.5,45.4,38,418,3420,38.0,48,29,44,4,4,61,1,1.26,0.76,2.03,1.16,1.92,47.7,44.7,34.2,78.9,1.25,0.9,2.16,1.18,2.08,68,1.79,172,116,66.3,12,6,20,6,15.8,12,10,2,0,16.7,38.0,68,10,1,7,4,60.8,0.3,-3.2,-0.08,225,569,39.5,901,169,45.7,39.3,242,64.9,49.1,279,18,6.5,19,0.5,13.9,48,369,134,36.3,9.71,3.53,0.12,0.33,15.5,17,4,4,0.13,0.3,-0.7,13684,17535,78.0,275231,87318,5297,6180,85.7,5964,6901,86.4,2182,3751,58.2,29,34.2,-5.2,273,1030,272,70,1049,17535,15722,1813,458,45,2380,561,398,180,103,57,4,11212,2474,3849,4937,10372,709,826,223,13684,65,288,419,493,583,15.34,386,72,39,34,43,9,73,1.92,41,8,8,9,5,2,676,413,336,255,85,248,627,39.6,379,5437,1646,30.3,1858,2340,1239,633,158,3,475,498,1174,797,13,21898,2386,7418,10482,5383,731,20134,376,633,59.4,406,24,13258,70489,37328,1423,436,111,420,507,16673,13684,82.1,1101,90,100,418,85,314,103,21,213,1.74,50,68,-18,-0.47,47.7,56.0,-8.3,-0.22,0,441,399,74,398,498,413,2,12,4,3211,626,616,50.4,2020
vs Liverpool,28,26.6,37.6,38,418,3420,38.0,42,29,38,4,8,56,2,1.11,0.76,1.87,1.0,1.76,45.3,39.3,29.7,69.1,1.19,0.78,1.97,1.04,1.82,68,1.79,201,141,69.2,9,9,20,8,21.1,6,6,0,0,0.0,38.0,68,6,0,11,3,69.2,0.32,4.2,0.11,304,803,37.9,962,169,57.7,45.2,340,72.9,54.5,388,26,6.7,22,0.58,13.2,42,324,137,42.3,8.53,3.61,0.12,0.28,16.7,12,4,8,0.12,-3.3,-1.3,11661,15476,75.3,235638,85827,4841,5629,86.0,4658,5594,83.3,1943,3646,53.3,29,29.7,-0.7,242,776,221,66,837,15476,13861,1615,438,63,2606,486,351,122,64,33,8,9364,2148,3964,4159,9212,747,609,243,11661,87,345,368,419,534,14.05,381,46,35,22,35,15,65,1.71,48,4,3,3,6,1,691,408,414,219,58,242,699,34.6,457,6031,1665,27.6,2509,2437,1085,744,189,3,555,510,1201,1225,22,20195,3293,8920,8299,4063,643,18614,336,565,59.5,365,25,11465,56942,29695,1023,306,125,416,363,14501,11661,80.4,856,90,100,418,85,315,103,19,210,1.82,42,68,-26,-0.68,45.3,72.6,-27.3,-0.72,0,347,382,94,351,510,408,7,6,3,3089,621,567,52.3,2020
vs Manchester City,24,26.4,36.1,38,418,3420,38.0,31,17,23,8,10,61,2,0.82,0.45,1.26,0.61,1.05,31.4,23.7,15.6,39.2,0.83,0.41,1.24,0.62,1.03,83,2.18,213,135,63.4,6,5,27,3,7.9,9,5,1,3,16.7,38.0,83,5,1,10,1,83.0,0.37,1.0,0.03,288,754,38.2,1050,133,52.5,40.5,334,60.8,46.1,275,26,9.5,21,0.55,12.9,31,275,89,32.4,7.24,2.34,0.08,0.26,17.9,13,8,10,0.09,-0.4,-0.7,12060,15263,79.0,235962,78539,4907,5548,88.4,5146,5889,87.4,1784,3262,54.7,17,15.6,1.4,195,676,192,35,771,15263,13773,1490,394,24,2046,379,273,111,56,39,5,10185,1816,3262,4171,9423,572,528,207,12060,58,308,328,335,452,11.89,309,31,39,30,31,12,54,1.42,28,3,4,9,9,1,703,458,425,227,51,289,807,35.8,518,6254,1484,23.7,2518,2676,1060,630,178,0,452,427,1130,767,15,19168,3132,8136,8472,3670,554,17726,375,613,61.2,396,26,11729,60068,31208,1105,350,115,368,340,14595,12060,82.6,784,90,100,418,84,309,107,22,206,2.26,32,83,-51,-1.34,31.4,73.3,-42.0,-1.1,1,393,348,68,273,427,458,10,9,1,2610,426,499,46.1,2020
vs Manchester Utd,29,26.6,44.2,38,418,3420,38.0,42,28,38,4,4,64,3,1.11,0.74,1.84,1.0,1.74,42.2,39.3,28.2,67.5,1.11,0.74,1.85,1.03,1.78,73,1.92,197,134,68.0,6,11,21,8,21.1,12,10,2,0,16.7,38.0,73,10,0,6,3,64.2,0.28,-5.8,-0.15,207,621,33.3,983,153,48.0,40.6,242,61.6,47.5,314,23,7.3,24,0.63,14.1,42,425,135,31.8,11.18,3.55,0.09,0.28,17.1,14,4,4,0.09,-0.2,-1.3,14056,17694,79.4,276401,88556,5506,6242,88.2,6299,7170,87.9,1998,3560,56.1,28,28.2,-0.2,310,935,254,65,1063,17694,16026,1668,507,25,2276,465,410,162,79,46,12,12094,2178,3422,4811,11049,601,648,232,14056,50,316,439,472,666,17.53,505,45,35,32,30,19,64,1.68,41,9,2,5,6,1,740,449,386,259,95,272,732,37.2,460,6074,1673,27.5,2161,2515,1398,690,169,4,521,552,1292,784,8,22109,2724,8305,9725,5329,756,20483,338,554,61.0,362,23,13570,67170,34008,1316,408,139,388,399,16842,14056,83.5,1080,90,100,418,85,316,100,19,213,1.95,44,73,-29,-0.76,42.2,60.2,-18.0,-0.47,1,415,439,60,410,552,449,3,10,3,3033,432,553,43.9,2020
vs Newcastle Utd,27,26.6,61.8,38,418,3420,38.0,59,41,55,4,5,60,3,1.55,1.08,2.63,1.45,2.53,54.0,50.2,37.9,88.1,1.42,1.0,2.42,1.32,2.32,46,1.21,130,90,69.2,17,9,12,12,31.6,7,6,1,0,14.3,38.0,46,6,1,8,2,42.8,0.28,-1.2,-0.03,214,489,43.8,924,158,40.9,36.0,186,59.7,45.6,326,23,7.1,22,0.58,14.6,59,571,179,31.3,15.03,4.71,0.1,0.31,16.7,16,4,5,0.09,5.0,4.8,19340,23048,83.9,369085,110470,8126,9003,90.3,8271,9280,89.1,2631,4042,65.1,41,37.9,3.1,431,1497,404,95,1514,23048,21403,1645,426,28,2597,634,542,226,91,91,16,16715,2612,3721,6565,14232,779,719,269,19340,64,288,393,466,915,24.08,680,86,50,37,45,17,100,2.63,77,5,6,4,5,3,585,371,282,218,85,197,576,34.2,379,4825,1585,32.8,1567,1954,1304,549,129,4,420,348,933,772,9,27150,2233,7623,13206,8074,1100,25550,363,587,61.8,381,26,17775,96284,52632,2245,670,190,415,402,22197,19340,87.1,1542,90,100,418,85,316,99,18,211,1.18,62,46,16,0.42,54.0,41.0,13.0,0.34,1,435,372,73,542,348,371,3,6,2,3377,729,658,52.6,2020
vs Sheffield Utd,27,26.7,58.5,38,418,3420,38.0,60,45,57,3,4,39,1,1.58,1.18,2.76,1.5,2.68,62.4,59.5,43.4,102.8,1.64,1.14,2.78,1.56,2.71,20,0.53,92,76,81.5,29,2,7,21,55.3,4,3,1,0,25.0,38.0,20,3,0,5,1,25.8,0.24,6.8,0.18,237,528,44.9,1035,161,38.1,36.8,223,60.1,47.3,331,23,6.9,20,0.53,15.1,60,541,205,37.9,14.24,5.39,0.11,0.28,16.7,22,3,4,0.11,-2.4,-2.5,18659,22378,83.4,374858,111957,7092,7869,90.1,8235,9218,89.3,3015,4527,66.6,45,43.4,1.6,407,1235,364,68,1344,22378,20509,1869,503,43,3273,713,440,243,64,113,26,15765,2813,3800,6304,13728,717,842,256,18659,55,288,418,464,896,23.58,637,81,57,45,52,24,103,2.71,64,8,11,12,4,4,569,361,325,186,58,180,512,35.2,332,4351,1337,30.7,1657,1710,984,495,103,4,392,314,883,975,4,26714,2498,8781,12752,6885,1011,24907,432,716,60.3,465,27,17426,91331,50366,1846,580,176,450,421,21383,18659,87.3,1371,90,100,418,86,319,99,18,216,0.61,63,20,43,1.13,62.4,31.4,31.0,0.82,1,309,447,59,440,314,361,3,4,1,3425,852,761,52.8,2020
vs Southampton,29,26.5,47.8,38,418,3420,38.0,67,44,59,8,9,58,3,1.76,1.16,2.92,1.55,2.71,54.2,47.4,36.3,83.7,1.43,0.95,2.38,1.25,2.2,47,1.24,157,113,73.2,19,7,12,13,34.2,6,5,1,0,16.7,38.0,47,5,4,7,0,47.6,0.27,0.6,0.01,247,595,41.5,921,156,47.8,40.5,241,64.3,48.9,217,15,6.9,27,0.71,14.6,67,421,169,40.1,11.08,4.45,0.14,0.35,16.0,15,8,9,0.11,12.8,11.6,13593,17631,77.1,270878,91806,5319,6321,84.1,5944,6982,85.1,2093,3606,58.0,44,36.3,7.7,314,1051,309,77,1222,17631,15760,1871,479,38,2716,490,457,196,68,57,15,10792,2694,4145,4873,10147,934,869,232,13593,73,318,413,510,668,17.58,459,71,45,32,45,16,113,2.97,75,4,11,11,9,3,688,440,286,304,98,235,630,37.3,395,5889,1717,29.2,1626,2819,1444,579,112,4,467,436,1124,847,10,22208,2392,7323,10162,5827,935,20383,415,748,55.5,451,38,12685,58554,30045,1216,371,184,465,489,16748,13593,81.2,1244,90,100,418,84,315,100,22,216,1.13,68,47,21,0.55,54.2,42.4,11.8,0.31,2,439,405,90,457,436,440,7,6,0,3591,724,557,56.5,2020
vs Tottenham,24,26.5,48.3,38,418,3420,38.0,42,24,32,10,10,77,1,1.11,0.63,1.74,0.84,1.47,49.5,41.9,33.0,75.0,1.3,0.87,2.17,1.1,1.97,68,1.79,166,102,62.0,12,8,18,6,15.8,5,5,0,0,0.0,38.0,68,5,0,8,2,60.1,0.34,-5.9,-0.16,210,543,38.7,898,175,44.5,38.7,217,65.9,51.4,242,14,5.8,26,0.68,14.5,42,477,144,30.2,12.55,3.79,0.07,0.22,16.7,9,10,10,0.09,-7.5,-9.9,15040,18726,80.3,293329,94898,6160,6958,88.5,6405,7347,87.2,2197,3713,59.2,24,33.0,-9.0,375,1158,375,94,1290,18726,17088,1638,460,25,2726,523,495,201,85,69,16,12650,2311,3765,5476,11101,757,654,258,15040,67,318,345,428,790,20.79,585,72,42,31,45,15,70,1.84,43,7,2,5,12,1,704,459,331,287,86,238,673,35.4,435,5463,1667,30.5,1719,2527,1217,549,123,4,426,463,1167,853,10,23213,2251,7016,11101,6558,1026,21630,399,689,57.9,432,27,14778,77124,41074,1718,519,186,456,437,17851,15040,84.3,1311,90,100,418,85,313,104,18,210,1.63,45,68,-23,-0.61,49.5,54.5,-5.0,-0.13,0,495,429,76,495,463,459,8,5,2,3377,670,678,49.7,2020
vs West Brom,30,26.6,62.4,38,418,3420,38.0,73,52,66,7,11,50,1,1.92,1.37,3.29,1.74,3.11,67.7,59.4,44.1,103.5,1.78,1.16,2.94,1.56,2.72,35,0.92,107,78,71.0,22,11,5,16,42.1,4,4,0,0,0.0,38.0,35,4,1,5,2,36.8,0.32,3.8,0.1,152,410,37.1,846,170,32.4,33.1,255,53.3,44.2,313,35,11.2,25,0.66,14.7,73,591,235,39.8,15.55,6.18,0.11,0.28,16.8,25,7,11,0.1,5.3,6.6,18588,22562,82.4,349253,108693,7839,8783,89.3,7988,9024,88.5,2431,3954,61.5,52,44.1,7.9,444,1431,401,79,1548,22562,20709,1853,439,39,2596,570,514,266,122,110,8,16118,2660,3784,6426,13722,820,820,280,18588,54,310,427,505,967,25.45,701,77,66,52,53,18,125,3.29,88,6,8,12,8,3,642,406,296,257,89,216,534,40.4,318,4500,1472,32.7,1519,1924,1057,479,89,2,390,332,974,978,9,26967,2298,7866,12992,7972,1157,25146,392,650,60.3,423,33,17218,97404,56192,2265,724,202,448,435,21600,18588,86.1,1581,90,100,418,85,317,100,20,215,0.68,76,35,41,1.08,67.7,33.8,34.0,0.89,1,432,383,64,514,332,406,7,4,2,3631,804,741,52.0,2020
vs West Ham,24,26.6,57.1,38,418,3420,38.0,43,34,40,3,5,52,1,1.13,0.89,2.03,1.05,1.95,48.3,44.5,35.3,79.8,1.27,0.93,2.2,1.17,2.1,62,1.63,158,99,62.0,11,8,19,7,18.4,4,2,1,1,33.3,38.0,62,2,0,9,2,54.1,0.33,-5.9,-0.15,220,549,40.1,1001,188,40.2,36.5,244,60.2,47.2,402,22,5.5,25,0.66,14.4,43,458,143,31.2,12.05,3.76,0.09,0.28,17.2,16,3,5,0.1,-5.3,-4.5,18035,21809,82.7,341947,105061,7368,8158,90.3,8033,9045,88.8,2296,3833,59.9,34,35.3,-1.3,349,1357,380,90,1457,21809,20194,1615,425,44,2375,481,519,182,79,65,9,15741,2344,3724,6008,13591,806,665,297,18035,52,284,408,464,748,19.68,580,45,49,26,33,15,75,1.97,61,2,4,4,3,1,578,332,308,202,68,198,546,36.3,348,4944,1493,30.2,1738,2113,1093,576,135,4,441,392,970,912,10,26028,2449,7808,13088,6907,933,24459,398,616,64.6,424,25,17396,96022,52736,2144,657,146,460,369,21077,18035,85.6,1478,90,100,418,85,312,105,21,211,1.71,47,62,-15,-0.39,48.3,53.9,-5.6,-0.15,1,366,352,61,519,392,332,5,4,2,3383,699,768,47.6,2020
vs Wolves,27,26.6,50.7,38,418,3420,38.0,49,34,42,7,8,62,6,1.29,0.89,2.18,1.11,2.0,45.9,39.8,30.2,70.0,1.21,0.8,2.0,1.05,1.84,36,0.95,149,118,78.5,17,9,12,13,34.2,4,4,0,0,0.0,38.0,36,4,0,7,2,43.5,0.27,9.5,0.25,214,469,45.6,829,162,39.3,36.6,269,53.2,44.2,359,30,8.4,15,0.4,14.8,49,436,144,33.0,11.47,3.79,0.1,0.29,16.3,18,7,8,0.09,3.1,2.2,16034,19486,82.3,310584,99714,6682,7483,89.3,6801,7698,88.3,2291,3639,63.0,34,30.2,3.8,321,1176,328,82,1302,19486,17850,1636,436,46,2450,551,510,185,53,71,28,13846,2238,3402,5769,11773,613,671,247,16034,57,294,376,410,697,18.34,496,65,43,34,42,17,83,2.18,56,7,6,4,8,2,635,371,306,269,60,241,778,31.0,537,5366,1491,27.8,1759,2450,1157,602,152,1,450,374,1009,756,7,23634,2274,6886,11857,6384,929,22022,359,621,57.8,393,27,15226,78345,43053,1772,527,148,404,390,18784,16034,85.4,1359,90,100,418,85,311,101,19,215,1.18,52,36,16,0.42,45.9,39.9,6.0,0.16,1,407,413,67,510,374,371,7,3,2,3073,595,620,49.0,2020
vs Arsenal,29,26.6,46.0,38,418,3420,38.0,48,30,41,7,8,79,1,1.26,0.79,2.05,1.08,1.87,56.6,50.4,35.8,86.2,1.49,0.94,2.43,1.33,2.27,56,1.47,144,89,63.2,10,14,14,7,18.4,3,3,0,0,0.0,38.0,56,3,1,12,0,54.6,0.37,-1.4,-0.04,285,621,45.9,843,134,54.2,42.5,258,63.6,50.4,317,23,7.3,24,0.63,14.6,48,545,189,34.7,14.34,4.97,0.08,0.22,17.5,17,7,8,0.09,-8.6,-9.4,13754,17221,79.9,274662,92749,5567,6276,88.7,5817,6717,86.6,2150,3558,60.4,30,35.8,-5.8,396,1088,314,84,1132,17221,15434,1787,466,26,3279,568,501,230,78,68,38,10876,2610,3735,4693,10474,676,739,230,13754,43,316,236,458,847,22.29,607,80,52,36,50,22,77,2.03,50,8,2,6,10,1,706,400,337,268,101,255,710,35.9,455,6466,1703,26.3,1965,2821,1680,628,119,3,509,266,972,822,14,21572,2354,6458,10143,6266,1030,19812,364,598,60.9,394,25,13478,70501,38843,1621,537,206,403,399,16197,13754,84.9,1483,90,100,418,85,,110,20,176,1.47,48,56,-8,-0.21,56.6,49.2,7.3,0.19,0,459,407,52,501,266,400,8,3,0,3147,573,499,53.5,2019
vs Aston Villa,28,26.6,56.1,38,418,3420,38.0,66,44,61,5,6,90,7,1.74,1.16,2.89,1.61,2.76,65.9,61.3,44.3,105.5,1.73,1.17,2.9,1.61,2.78,41,1.08,146,106,72.6,21,8,9,11,28.9,3,1,1,1,50.0,38.0,41,1,0,9,1,35.3,0.23,-4.7,-0.12,287,643,44.6,888,174,52.4,42.3,276,64.5,50.6,410,28,6.8,15,0.39,12.7,66,602,175,29.1,15.84,4.61,0.1,0.35,16.1,21,5,6,0.1,0.1,-0.3,15965,19746,80.9,313110,105065,6587,7411,88.9,6737,7716,87.3,2360,3862,61.1,44,44.3,-0.3,443,1301,419,85,1515,19746,17868,1878,481,43,3234,640,577,242,91,106,6,12624,3047,4075,4952,12469,719,801,277,15965,36,322,248,517,948,24.95,684,81,63,44,52,24,103,2.71,69,8,6,7,9,4,607,351,277,228,102,179,583,30.7,404,5582,1558,27.9,1900,2286,1396,542,135,1,407,223,830,999,8,24095,2378,7028,11080,7392,1221,22265,400,615,65.0,421,18,15508,81184,45600,1966,548,245,409,414,18516,15965,86.2,1812,90,100,418,84,,118,19,168,0.92,67,41,26,0.68,65.9,40.1,25.8,0.68,6,542,432,43,577,223,351,5,3,1,3442,753,668,53.0,2019
vs Bournemouth,27,26.8,56.2,38,418,3420,38.0,65,45,60,5,6,67,3,1.71,1.18,2.89,1.58,2.76,57.5,53.0,38.4,91.4,1.51,1.01,2.52,1.39,2.41,40,1.05,116,80,69.0,22,7,9,15,39.5,4,4,0,0,0.0,38.0,40,4,3,7,2,43.8,0.35,5.8,0.15,234,684,34.2,917,129,53.5,43.5,250,77.2,58.3,296,28,9.5,23,0.61,14.1,65,546,182,33.3,14.37,4.79,0.11,0.33,17.3,15,5,6,0.1,7.5,7.0,16582,20748,79.9,330035,101757,6428,7342,87.6,7339,8433,87.0,2515,4216,59.7,45,38.4,6.6,395,1240,383,91,1422,20748,18912,1836,413,48,3931,570,484,251,105,88,22,13146,3337,4265,5324,13058,761,844,221,16582,69,331,273,528,864,22.74,667,58,55,38,28,18,104,2.74,70,2,10,11,6,5,687,411,333,254,100,249,644,38.7,395,5753,1820,31.6,1958,2307,1488,626,129,3,497,253,940,1081,12,25273,2367,7802,12009,6933,1072,23483,371,587,63.2,398,21,16487,83294,44232,1875,554,190,434,377,19408,16582,85.4,1681,90,100,418,84,,117,21,167,0.89,65,40,25,0.66,57.5,42.7,14.8,0.39,0,409,347,71,484,253,411,2,4,2,3758,807,747,51.9,2019
vs Brighton,25,26.5,47.8,38,418,3420,38.0,52,42,50,2,2,61,1,1.37,1.11,2.47,1.32,2.42,54.5,52.9,39.0,91.9,1.43,1.03,2.46,1.39,2.42,39,1.03,137,103,72.3,15,14,9,13,34.2,2,1,1,0,50.0,38.0,39,1,2,6,4,41.7,0.3,6.7,0.18,201,605,33.2,868,162,46.3,41.5,308,65.9,53.3,367,28,7.6,25,0.66,13.7,52,497,164,33.0,13.08,4.32,0.1,0.3,15.8,20,2,2,0.11,-2.5,-2.9,14228,18051,78.8,278474,89795,5930,6765,87.7,5918,6909,85.7,2146,3715,57.8,42,39.0,3.0,362,977,319,72,1154,18051,16193,1858,434,61,2958,626,443,204,87,58,23,11375,2800,3876,5238,10594,734,835,254,14228,63,343,288,469,779,20.5,551,61,72,36,41,18,78,2.05,56,5,5,5,5,2,730,436,389,251,90,219,599,36.6,380,6525,1770,27.1,2096,2694,1735,644,137,1,507,316,1046,891,10,22554,2424,7682,10219,6036,972,20747,401,645,62.2,430,16,14199,75952,41327,1636,512,209,443,450,16883,14228,84.3,1412,90,100,418,84,,115,21,169,1.08,54,39,15,0.39,54.5,41.2,13.3,0.35,0,340,371,70,443,316,436,2,2,4,3411,563,659,46.1,2019
vs Burnley,22,26.5,58.6,38,418,3420,38.0,49,38,45,4,5,42,3,1.29,1.0,2.29,1.18,2.18,48.3,44.5,33.1,77.6,1.27,0.87,2.14,1.17,2.04,43,1.13,124,86,67.7,14,9,15,10,26.3,3,3,0,0,0.0,38.0,43,3,0,7,2,40.3,0.31,-0.7,-0.02,226,732,30.9,1064,184,50.0,41.4,280,71.4,54.3,341,23,6.7,26,0.68,15.3,49,535,159,29.7,14.08,4.18,0.08,0.28,17.5,21,4,5,0.08,0.7,0.5,15724,20032,78.5,301686,97630,6571,7428,88.5,6674,7820,85.3,2181,3991,54.6,38,33.1,4.9,387,1052,367,94,1292,20032,18046,1986,468,31,3368,565,528,238,64,82,26,12394,3179,4459,5548,11758,953,920,295,15724,40,360,245,520,833,21.92,610,65,50,40,51,17,75,1.97,51,2,9,6,4,3,534,333,258,219,57,179,472,37.9,293,4758,1449,30.5,1579,2210,969,512,103,4,409,186,720,1178,8,24467,2552,8412,10915,6675,1006,22508,376,613,61.3,408,15,15370,84411,46228,1868,587,216,457,379,18553,15724,84.8,1614,90,100,418,84,,110,21,173,1.42,50,43,7,0.18,48.3,43.9,4.4,0.12,1,394,401,50,528,186,333,5,3,2,3895,881,928,48.7,2019
vs Chelsea,27,26.4,39.3,38,418,3420,38.0,51,36,49,2,2,76,3,1.34,0.95,2.29,1.29,2.24,37.9,36.4,26.0,62.4,1.0,0.68,1.68,0.96,1.64,69,1.82,210,145,70.5,12,6,20,7,18.4,7,7,0,0,0.0,38.0,69,7,2,8,0,66.4,0.29,-2.6,-0.07,260,712,36.5,922,140,52.7,43.2,315,71.7,54.7,387,17,4.4,13,0.34,13.1,51,316,115,36.4,8.32,3.03,0.16,0.43,16.2,15,2,2,0.12,13.1,12.6,12299,16131,76.2,244270,85328,4992,5791,86.2,5159,6165,83.7,1926,3508,54.9,36,26.0,10.0,232,832,211,64,1000,16131,14379,1752,434,34,3072,454,330,132,52,42,16,9518,2814,3799,4282,9607,750,764,236,12299,40,356,256,475,486,12.79,342,53,21,22,36,12,76,2.0,51,7,6,4,6,2,699,431,345,275,79,220,718,30.6,498,7596,1956,25.8,2661,3340,1595,712,194,4,518,280,979,1132,16,20899,2833,7572,9717,4687,644,19186,378,627,60.3,409,20,12315,57742,28027,1031,319,113,502,522,14942,12299,82.3,1270,90,100,418,84,,115,21,169,1.74,54,69,-15,-0.39,37.9,66.6,-28.6,-0.75,0,396,368,43,330,280,431,2,5,0,3484,667,670,49.9,2019
vs Crystal Palace,25,26.5,55.5,38,418,3420,38.0,48,36,48,0,1,88,5,1.26,0.95,2.21,1.26,2.21,51.3,50.6,35.5,86.0,1.35,0.93,2.28,1.33,2.26,31,0.82,116,87,75.9,17,10,11,16,42.1,3,3,0,0,0.0,38.0,31,3,2,3,2,30.9,0.25,1.9,0.05,230,522,44.1,762,146,48.0,40.5,252,61.9,50.1,259,15,5.8,18,0.47,13.5,48,507,169,33.3,13.34,4.45,0.09,0.28,16.7,23,0,1,0.1,-3.3,-2.6,15987,19852,80.5,317866,102400,6411,7253,88.4,6874,7948,86.5,2441,3906,62.5,36,35.5,0.5,379,1324,333,82,1375,19852,17968,1884,447,36,3226,675,511,235,112,76,24,12695,3017,4140,5144,12371,744,881,228,15987,25,365,266,526,790,20.79,555,90,43,40,47,15,76,2.0,66,1,2,5,2,0,796,461,432,274,90,241,715,33.7,474,6248,1784,28.6,2149,2779,1320,583,116,2,467,285,1081,953,9,24514,2246,7076,12045,6903,984,22680,387,678,57.1,418,19,15690,81234,44655,1982,500,148,480,474,18676,15987,85.6,1679,90,100,418,84,,111,20,170,1.13,50,31,19,0.5,51.3,34.0,17.3,0.46,3,491,411,31,511,285,461,1,3,2,3627,726,720,50.2,2019
vs Everton,24,26.6,50.8,38,418,3420,38.0,53,39,50,3,4,61,2,1.39,1.03,2.42,1.32,2.34,48.4,45.4,32.0,77.4,1.27,0.84,2.11,1.19,2.04,44,1.16,155,114,72.3,15,10,13,10,26.3,1,1,0,0,0.0,38.0,44,1,0,8,2,47.4,0.3,5.4,0.14,241,629,38.3,911,171,45.7,41.0,286,74.5,56.9,362,21,5.8,25,0.66,14.2,53,427,145,34.0,11.24,3.82,0.12,0.34,16.5,23,3,4,0.11,4.6,4.6,14146,18039,78.4,287628,98805,5445,6259,87.0,6119,7083,86.4,2321,4009,57.9,39,32.0,7.0,309,1048,287,68,1187,18039,16093,1946,503,64,3075,587,404,181,75,69,16,11142,2914,3983,4601,11083,696,894,239,14146,74,340,269,457,686,18.05,481,59,57,33,47,9,90,2.37,55,7,11,7,9,1,675,425,314,280,81,205,634,32.3,429,5525,1638,29.6,1774,2418,1333,684,145,2,539,267,942,1071,12,22814,2504,7762,10831,5620,853,20909,460,737,62.4,491,27,14101,71787,38425,1482,423,136,454,495,16864,14146,83.9,1502,90,100,418,85,,111,19,173,1.29,56,44,12,0.32,48.4,49.3,-0.9,-0.02,1,410,452,77,404,267,425,3,1,2,3519,820,837,49.5,2019
vs Leicester City,24,26.6,42.4,38,418,3420,38.0,39,26,31,8,10,69,3,1.03,0.68,1.71,0.82,1.5,44.5,37.0,28.7,65.7,1.17,0.76,1.93,0.97,1.73,67,1.76,181,120,65.7,12,8,18,9,23.7,7,5,2,0,28.6,38.0,67,5,1,6,2,66.0,0.33,1.0,0.03,246,657,37.4,796,147,55.4,45.1,291,74.2,55.8,331,24,7.3,23,0.61,13.9,39,367,126,34.3,9.66,3.32,0.08,0.25,17.0,21,8,10,0.1,-5.5,-6.0,12137,16041,75.7,239630,86858,5211,6049,86.1,4737,5768,82.1,1957,3525,55.5,26,28.7,-2.7,282,893,263,72,1040,16041,14049,1992,447,25,3168,583,376,175,88,51,24,9310,2721,4010,4366,9253,713,974,235,12137,56,336,299,494,619,16.29,438,56,40,23,46,16,68,1.79,47,2,3,4,9,3,705,426,343,264,98,229,673,34.0,444,6705,1874,27.9,2301,2869,1535,676,158,1,518,294,999,945,18,20660,2431,6771,9605,5504,754,18713,475,786,60.4,503,26,12224,62047,32461,1326,446,114,497,499,14974,12137,81.1,1431,90,100,418,84,,116,20,168,1.63,41,67,-26,-0.68,44.5,61.6,-17.1,-0.45,0,460,398,65,376,294,426,7,7,2,3407,620,673,48.0,2019
vs Liverpool,24,26.3,36.6,38,418,3420,38.0,32,23,31,1,1,47,0,0.84,0.61,1.45,0.82,1.42,40.0,39.3,29.1,68.3,1.05,0.76,1.82,1.03,1.8,85,2.24,222,141,64.0,3,3,32,3,7.9,5,5,0,0,0.0,38.0,85,5,2,14,2,82.0,0.35,-1.0,-0.03,287,859,33.4,947,161,61.9,46.6,349,78.2,59.4,404,26,6.4,22,0.58,13.8,32,340,107,31.5,8.95,2.82,0.09,0.29,16.7,5,1,1,0.12,-8.0,-8.3,10739,14771,72.7,213825,79860,4481,5226,85.7,4365,5391,81.0,1668,3529,47.3,23,29.1,-6.1,247,698,197,63,794,14771,13024,1747,375,44,2905,474,382,160,72,36,19,8120,2486,4165,3982,8568,775,739,243,10739,135,378,238,407,524,13.79,372,49,42,21,22,18,53,1.39,34,8,2,3,3,3,661,420,419,204,38,234,716,32.7,482,6422,1743,27.1,2578,2641,1203,722,180,3,542,317,978,1284,21,19448,3276,8561,7848,4042,615,17738,364,608,59.9,395,30,11096,54989,28394,1057,284,124,461,394,13563,10739,79.2,1045,90,100,418,84,,109,22,174,2.61,33,85,-52,-1.37,40.0,71.5,-31.5,-0.83,0,322,310,142,382,317,420,1,5,2,3454,563,632,47.1,2019
vs Manchester City,24,26.5,33.1,38,418,3420,38.0,34,25,31,3,3,53,1,0.89,0.66,1.55,0.82,1.47,34.7,32.9,23.0,55.9,0.91,0.61,1.52,0.87,1.47,102,2.68,246,149,61.0,9,3,26,4,10.5,11,6,5,0,45.5,38.0,102,6,5,11,2,92.1,0.34,-7.9,-0.21,284,816,34.8,996,149,56.8,45.1,377,66.3,52.9,382,37,9.7,15,0.39,12.1,34,274,107,39.1,7.21,2.82,0.11,0.29,16.2,18,3,3,0.12,-0.7,-1.9,10688,14000,76.3,216048,73388,4244,4851,87.5,4558,5313,85.8,1705,3286,51.9,25,23.0,2.0,193,639,185,42,677,14000,12415,1585,403,39,2691,378,288,97,42,38,4,8518,2079,3403,3714,8573,527,569,219,10688,77,312,223,368,434,11.42,297,40,31,20,32,14,53,1.39,30,5,5,4,5,4,643,410,401,191,51,247,812,30.4,565,7499,1611,21.5,3170,3141,1188,780,247,4,533,355,998,998,14,18283,3495,8281,7540,3424,552,16744,380,639,59.5,410,18,10969,53121,27320,892,257,91,388,341,13079,10688,81.7,861,90,100,418,84,,119,20,164,2.13,35,102,-67,-1.76,34.7,93.0,-58.3,-1.53,0,312,341,83,288,355,410,2,10,2,2760,468,514,47.7,2019
vs Manchester Utd,29,26.7,43.8,38,418,3420,38.0,35,24,32,3,3,79,2,0.92,0.63,1.55,0.84,1.47,37.4,35.2,24.7,59.9,0.98,0.65,1.64,0.93,1.58,66,1.74,200,145,72.0,8,12,18,8,21.1,14,10,3,1,23.1,38.0,66,10,1,5,2,64.2,0.27,0.2,0.0,273,770,35.5,916,114,59.1,45.0,309,74.1,56.5,267,18,6.7,21,0.55,14.3,35,385,125,32.5,10.13,3.29,0.08,0.26,17.3,23,3,3,0.09,-2.4,-3.2,13013,16853,77.2,257046,87732,5414,6141,88.2,5323,6339,84.0,2030,3675,55.2,24,24.7,-0.7,266,935,222,53,1002,16853,15030,1823,452,23,2823,561,416,186,71,49,28,10251,2734,3868,4433,10348,710,773,201,13013,61,356,290,512,592,15.58,403,50,49,32,41,17,50,1.32,29,5,8,6,2,0,750,462,378,293,79,272,778,35.0,506,7203,1894,26.3,2506,3213,1484,708,147,2,561,355,1105,852,18,21304,2582,7238,9806,5451,773,19519,396,626,63.3,419,32,13067,65010,32756,1382,414,164,463,411,15745,13013,82.6,1261,90,100,418,84,,113,22,171,1.74,36,66,-30,-0.79,37.4,59.4,-22.0,-0.58,1,450,404,68,416,355,462,1,14,1,3320,479,582,45.1,2019
vs Newcastle Utd,28,26.5,61.4,38,418,3420,38.0,56,38,54,2,2,57,2,1.47,1.0,2.47,1.42,2.42,58.3,56.8,39.8,96.7,1.53,1.05,2.58,1.49,2.54,38,1.0,127,89,70.1,16,11,11,13,34.2,1,0,1,0,100.0,38.0,38,0,1,7,0,37.0,0.29,-1.0,-0.03,181,441,41.0,838,209,37.0,36.8,212,61.8,50.3,299,30,10.0,23,0.61,15.4,56,561,190,33.9,14.76,5.0,0.1,0.28,15.8,19,2,2,0.1,-2.3,-2.8,19265,23041,83.6,378273,112896,7681,8580,89.5,8441,9478,89.1,2868,4290,66.9,38,39.8,-1.8,431,1609,385,88,1544,23041,21257,1784,424,44,3439,680,553,252,112,83,20,15985,3204,3852,6316,14306,772,820,309,19265,46,334,282,464,920,24.21,668,87,46,53,50,16,94,2.47,62,7,6,6,6,7,605,382,269,237,99,198,655,30.2,457,5347,1590,29.7,1588,2305,1454,512,131,0,381,237,842,836,7,27292,1994,7021,13593,8463,1114,25536,370,623,59.4,397,21,18607,94222,50605,2191,640,186,467,447,21924,19265,87.9,1874,90,100,418,85,,108,18,176,1.16,58,38,20,0.53,58.3,33.1,25.2,0.66,1,434,355,53,553,237,382,2,1,0,3578,759,721,51.3,2019
vs Norwich City,30,26.5,50.7,38,418,3420,38.0,72,50,68,4,7,58,2,1.89,1.32,3.21,1.79,3.11,61.9,56.7,39.6,96.2,1.63,1.04,2.67,1.49,2.53,26,0.68,124,99,80.6,27,6,5,20,52.6,2,2,0,0,0.0,38.0,26,2,0,5,1,32.4,0.25,7.4,0.19,250,580,43.1,834,136,47.7,41.7,238,76.5,57.0,190,11,5.8,34,0.89,16.4,72,600,201,33.5,15.79,5.29,0.11,0.34,16.0,18,4,7,0.1,10.1,11.3,15279,19132,79.9,306782,99661,6038,6865,88.0,6446,7517,85.8,2513,3976,63.2,50,39.6,10.4,431,1320,450,99,1419,19132,17334,1798,385,40,3340,616,550,266,115,79,27,12057,2959,4116,5286,11507,772,845,229,15279,37,319,262,515,930,24.47,657,91,62,57,38,25,114,3.0,73,9,10,10,8,4,713,446,325,264,124,248,731,33.9,483,6667,1998,30.0,1884,2780,2003,589,142,3,447,284,997,767,10,23518,1948,6168,11009,7761,1263,21754,497,776,64.0,523,35,15621,80519,43380,1835,570,221,451,464,17949,15279,85.1,1773,90,100,418,84,,119,19,164,0.55,75,26,49,1.29,61.9,38.0,23.9,0.63,1,444,344,38,550,284,446,5,1,1,3673,657,515,56.1,2019
vs Sheffield Utd,26,26.7,56.9,38,418,3420,38.0,39,28,38,1,3,46,0,1.03,0.74,1.76,1.0,1.74,47.9,45.6,34.0,79.6,1.26,0.89,2.16,1.2,2.1,39,1.03,109,74,65.1,12,12,14,12,31.6,1,1,0,0,0.0,38.0,39,1,0,5,3,38.1,0.34,2.1,0.05,207,594,34.8,1039,188,41.3,39.9,295,55.9,47.6,403,33,8.2,26,0.68,15.0,39,430,141,32.8,11.32,3.71,0.09,0.27,17.0,23,1,3,0.11,-8.9,-7.6,17700,21964,80.6,353081,105180,6820,7712,88.4,7898,9059,87.2,2717,4493,60.5,28,34.0,-6.0,315,1165,268,60,1243,21964,19980,1984,453,36,3587,749,421,218,80,76,25,14323,3312,4329,5781,13513,899,939,286,17700,53,359,250,493,690,18.16,503,57,54,27,39,10,58,1.53,42,5,2,5,3,1,525,311,295,172,58,153,540,28.3,387,5458,1521,27.9,2195,2207,1056,599,101,3,498,214,739,1199,16,26348,2651,9224,12382,6390,857,24404,399,643,62.1,431,30,17105,89977,48843,1933,543,164,403,441,20605,17700,85.9,1460,90,100,418,85,,110,18,175,1.42,39,39,0,0.0,47.9,41.5,6.4,0.17,0,326,385,57,421,214,311,2,1,3,3736,857,890,49.1,2019
vs Southampton,25,26.5,50.7,38,418,3420,38.0,59,41,56,3,4,67,3,1.55,1.08,2.63,1.47,2.55,53.1,50.0,34.4,84.4,1.4,0.91,2.3,1.32,2.22,51,1.34,169,118,71.0,16,7,15,6,15.8,5,2,2,1,50.0,38.0,51,2,2,5,0,55.2,0.31,4.2,0.11,263,700,37.6,994,171,50.5,42.2,286,69.2,53.6,294,23,7.8,35,0.92,16.4,59,445,163,36.6,11.71,4.29,0.13,0.34,16.0,12,3,4,0.12,5.9,6.0,13226,17771,74.4,268930,94552,5018,6020,83.4,5774,7086,81.5,2185,3884,56.3,41,34.4,6.6,317,1023,317,78,1204,17771,15660,2111,492,56,3597,544,467,221,95,64,8,10077,3121,4573,4893,9994,965,1023,283,13226,57,397,282,551,682,17.95,487,65,49,37,32,12,93,2.45,66,4,8,6,6,3,680,424,384,226,70,249,741,33.6,492,6112,1855,30.4,2237,2689,1186,596,150,7,446,257,937,1258,21,22722,2554,7931,9962,5972,954,20666,513,862,59.5,568,29,13469,63158,32928,1339,422,163,446,500,16476,13226,80.3,1550,90,100,418,84,,113,21,170,1.37,60,51,9,0.24,53.1,54.0,-0.9,-0.02,1,414,429,69,467,257,424,3,5,0,4065,898,794,53.1,2019
vs Tottenham,29,26.7,47.8,38,418,3420,38.0,45,27,40,5,7,83,1,1.18,0.71,1.89,1.05,1.76,52.0,46.9,33.8,80.8,1.37,0.89,2.26,1.24,2.13,61,1.61,155,100,62.6,11,11,16,7,18.4,4,3,1,0,25.0,38.0,61,3,1,6,5,51.6,0.32,-4.4,-0.11,246,655,37.6,909,156,53.9,44.1,245,67.3,53.5,283,21,7.4,23,0.61,14.2,45,531,172,32.4,13.97,4.53,0.08,0.23,16.8,23,5,7,0.09,-7.0,-6.9,14460,18298,79.0,291800,96958,5722,6528,87.7,6088,7090,85.9,2390,3959,60.4,27,33.8,-6.8,383,1180,314,89,1275,18298,16553,1745,456,48,3256,611,479,207,88,72,18,11476,2809,4013,4906,11116,803,736,241,14460,46,329,251,490,834,21.95,572,78,69,48,50,17,71,1.87,43,5,10,4,7,2,763,468,339,327,97,293,803,36.5,510,6193,1837,29.7,2081,2798,1314,632,146,3,486,324,1087,966,12,23099,2316,7064,11052,6388,982,21383,444,690,64.3,476,25,14649,75290,39966,1645,466,177,492,496,17246,14460,83.8,1598,90,100,418,86,,106,17,175,1.55,47,61,-14,-0.37,52.0,46.1,6.0,0.16,1,442,411,54,479,324,468,6,4,5,3696,643,631,50.5,2019
vs Watford,26,26.5,57.5,38,418,3420,38.0,61,37,53,8,9,66,1,1.61,0.97,2.58,1.39,2.37,57.3,50.3,34.6,84.9,1.51,0.91,2.42,1.32,2.23,36,0.95,114,84,74.6,20,10,8,16,42.1,8,7,1,0,12.5,38.0,36,7,0,1,1,39.4,0.29,4.4,0.12,193,531,36.3,881,179,41.1,38.2,275,61.5,50.2,360,23,6.4,20,0.53,14.1,61,488,166,34.0,12.84,4.37,0.11,0.32,17.4,28,8,9,0.11,3.7,2.7,16731,20774,80.5,328163,101426,6776,7705,87.9,7229,8288,87.2,2473,4084,60.6,37,34.6,2.4,342,1311,309,69,1364,20774,18959,1815,509,42,3795,642,496,199,109,53,11,13542,3065,4167,5737,12613,890,758,271,16731,72,366,304,464,779,20.5,558,56,60,39,54,12,99,2.61,58,4,9,13,13,2,644,394,334,222,88,234,616,38.0,382,5267,1638,31.1,1886,2250,1131,561,135,3,426,254,898,1222,20,25522,2486,8081,12583,6503,897,23754,510,779,65.5,539,39,16497,84716,45888,1939,552,165,469,444,19522,16731,85.7,1575,90,100,418,85,,105,21,179,0.89,64,36,28,0.74,57.3,45.1,12.2,0.32,1,356,466,81,496,254,394,9,8,1,3822,794,803,49.7,2019
vs West Ham,29,26.6,56.0,38,418,3420,38.0,59,49,54,5,6,45,0,1.55,1.29,2.84,1.42,2.71,61.1,56.5,46.1,102.6,1.61,1.21,2.82,1.49,2.7,49,1.29,157,110,71.3,19,9,10,12,31.6,4,4,0,0,0.0,38.0,49,4,1,11,0,54.6,0.33,5.6,0.15,200,500,40.0,869,167,41.7,38.3,254,54.3,46.4,345,20,5.8,16,0.42,14.3,59,493,178,36.1,12.97,4.68,0.11,0.3,15.7,13,5,6,0.12,-2.1,-2.5,17073,20982,81.4,328885,106253,6873,7777,88.4,7530,8552,88.0,2338,3850,60.7,49,46.1,2.9,380,1281,394,102,1463,20982,19228,1754,431,63,3576,520,516,218,106,60,16,13813,3264,3905,5591,12961,845,764,287,17073,92,355,280,506,804,21.16,595,69,60,35,35,10,110,2.89,76,6,13,4,8,3,620,387,320,227,73,214,643,33.3,429,5643,1743,30.9,1882,2576,1185,653,120,2,533,255,875,995,7,25537,2368,7769,12669,6772,1064,23821,492,764,64.4,533,28,16886,87072,48170,1990,578,168,457,491,19959,17073,85.5,1775,90,100,418,85,,113,19,171,1.03,62,49,13,0.34,61.1,46.2,14.8,0.39,0,356,366,99,516,255,387,5,4,0,3721,781,808,49.2,2019
vs Wolves,21,26.5,51.7,38,418,3420,38.0,39,28,38,1,3,85,5,1.03,0.74,1.76,1.0,1.74,34.8,32.4,24.5,56.9,0.92,0.65,1.56,0.85,1.5,51,1.34,142,96,66.9,9,14,15,8,21.1,4,4,0,0,0.0,38.0,51,4,1,5,2,49.2,0.33,0.2,0.0,238,587,40.5,857,150,46.0,41.4,266,72.6,56.2,341,22,6.5,19,0.5,13.9,39,393,120,30.5,10.34,3.16,0.1,0.32,16.8,12,1,3,0.08,4.2,5.6,15623,19500,80.1,302397,98621,6489,7336,88.5,6664,7656,87.0,2205,3783,58.3,28,24.5,3.5,278,1128,268,75,1158,19500,17732,1768,441,31,3371,531,451,148,61,48,9,12540,3103,3857,5000,12203,751,824,239,15623,38,333,261,481,583,15.34,404,58,43,29,40,9,55,1.45,38,4,5,5,1,2,709,430,338,287,84,257,819,31.4,562,6190,1842,29.8,2061,2825,1304,607,136,1,471,265,974,960,12,23911,2332,7052,12393,6007,775,22198,432,731,59.1,464,33,15397,79044,41600,1749,520,126,452,450,18449,15623,84.7,1452,90,100,418,84,,116,22,167,1.55,40,51,-11,-0.29,34.8,47.1,-12.3,-0.32,2,384,377,41,451,265,430,2,4,2,3584,701,719,49.4,2019
vs Arsenal,28,26.8,42.0,38,418,3420,38.0,49,32,42,7,7,76,2,1.29,0.84,2.13,1.11,1.95,54.1,48.8,35.0,83.8,1.42,0.92,2.34,1.28,2.2,73,1.92,159,94,56.6,10,7,21,4,10.5,5,4,1,0,20.0,38.0,73,4,3,8,4,59.3,0.35,-9.7,-0.26,312,738,42.3,839,142,58.2,45.2,305,82.0,60.1,300,26,8.7,21,0.55,13.8,49,485,172,35.5,12.76,4.53,0.09,0.24,17.7,18,7,7,0.1,-5.1,-6.8,12304,16116,76.3,243976,90535,5219,6026,86.6,4844,5863,82.6,2009,3599,55.8,32,35.0,-3.0,343,960,295,65,1115,16116,14318,1798,471,58,2871,522,452,184,38,47,14,9932,2362,3822,4383,9587,765,728,225,12304,83,333,369,420,759,19.97,537,67,45,45,46,19,85,2.24,54,4,9,5,11,2,665,401,327,257,81,206,599,34.4,393,6783,1702,25.1,2280,2980,1523,690,150,4,540,561,1226,898,9,20732,2296,6536,9853,5552,922,18971,347,581,59.7,380,15,12892,63254,34143,1404,440,152,456,430,15026,12304,81.9,1274,90,100,418,85,,104,18,162,1.84,51,73,-22,-0.58,54.1,58.0,-3.9,-0.1,1,477,387,94,452,561,401,7,5,4,3276,594,494,54.6,2018
vs Bournemouth,28,26.8,53.2,38,418,3420,38.0,67,48,62,5,5,91,9,1.76,1.26,3.03,1.63,2.89,55.6,51.8,35.8,87.6,1.46,0.94,2.4,1.36,2.3,56,1.47,153,105,68.0,19,6,13,12,31.6,9,7,1,1,12.5,38.0,56,7,0,7,1,59.2,0.35,4.2,0.11,303,762,39.8,872,121,57.1,45.1,309,85.4,63.4,308,24,7.8,20,0.53,14.9,67,510,167,32.7,13.42,4.39,0.12,0.37,17.3,18,5,5,0.1,11.4,10.2,16098,20255,79.5,313443,103776,6788,7681,88.4,6677,7796,85.6,2387,4166,57.3,48,35.8,12.2,367,1301,365,74,1373,20255,18476,1779,360,57,3386,604,521,223,49,45,9,13502,2585,4168,5398,12504,836,793,202,16098,77,393,364,439,804,21.16,624,55,35,45,34,11,117,3.08,89,3,8,9,7,1,677,412,346,251,80,205,570,36.0,365,5887,1717,29.2,1973,2446,1468,609,117,1,492,481,1158,841,7,24544,2281,7134,11687,7225,1045,22799,306,496,61.7,332,17,16310,82207,42806,1819,543,214,461,360,19110,16098,84.2,1543,90,100,418,85,,109,17,157,1.18,70,56,14,0.37,55.6,54.4,1.2,0.03,4,457,329,85,521,481,412,3,8,1,3483,619,592,51.1,2018
vs Brighton,21,26.8,57.4,38,418,3420,38.0,60,39,50,10,10,52,2,1.58,1.03,2.61,1.32,2.34,56.0,48.6,35.2,83.8,1.47,0.93,2.4,1.28,2.21,35,0.92,100,70,70.0,20,9,9,13,34.2,6,5,1,0,16.7,38.0,35,5,0,10,0,38.1,0.33,3.1,0.08,218,589,37.0,828,125,47.0,41.3,264,75.8,58.8,324,31,9.6,30,0.79,16.1,60,562,157,27.9,14.79,4.13,0.09,0.32,17.4,27,10,10,0.09,4.0,1.4,17646,21621,81.6,329800,104167,7623,8560,89.1,7502,8582,87.4,2226,3813,58.4,39,35.2,3.8,408,1359,390,74,1442,21621,19743,1878,505,45,3204,579,480,216,40,65,13,15137,2536,3948,5921,13294,912,821,195,17646,30,386,386,455,893,23.5,634,75,69,48,54,13,102,2.68,66,3,12,10,11,0,575,346,278,202,95,172,518,33.2,346,5211,1516,29.1,1750,2132,1329,516,101,4,415,394,969,882,6,26065,1928,6928,13084,7737,1093,24236,363,585,62.1,387,23,17653,89861,50712,2208,626,183,475,512,20535,17646,85.9,1631,90,100,418,85,,104,18,162,0.95,60,35,25,0.66,56.0,34.1,21.9,0.58,1,329,444,39,480,394,346,8,6,0,3634,677,683,49.8,2018
vs Burnley,23,26.7,58.8,38,418,3420,38.0,64,43,62,2,3,58,3,1.68,1.13,2.82,1.63,2.76,63.0,60.7,44.3,105.0,1.66,1.17,2.82,1.6,2.76,45,1.18,114,73,62.3,20,7,11,12,31.6,2,2,0,0,0.0,38.0,45,2,0,10,2,42.9,0.37,-0.1,0.0,278,763,36.4,1048,151,49.3,42.0,298,82.6,61.1,373,45,12.1,20,0.53,15.1,64,653,197,30.2,17.18,5.18,0.09,0.31,17.1,13,2,3,0.09,1.0,1.3,16634,20949,79.4,323827,108450,6903,7823,88.2,7044,8196,85.9,2424,4247,57.1,43,44.3,-1.3,490,1219,413,115,1392,20949,18972,1977,438,45,3168,663,605,245,37,57,7,13835,2656,4458,5776,12549,900,912,241,16634,41,428,394,499,1036,27.26,817,66,44,71,29,9,101,2.66,76,4,5,10,5,1,523,323,266,197,60,158,399,39.6,241,4960,1464,29.5,1619,2298,1043,500,103,0,397,302,825,1200,11,25539,2392,8227,11785,7086,1211,23607,338,574,58.9,363,24,16771,87305,48849,1948,567,238,482,408,19692,16634,84.5,1552,90,100,418,84,,109,22,157,1.05,68,45,23,0.61,63.0,40.7,22.3,0.59,1,380,345,47,605,302,323,2,2,2,3895,885,885,50.0,2018
vs Cardiff City,25,26.7,64.4,38,418,3420,38.0,69,53,65,4,7,49,3,1.82,1.39,3.21,1.71,3.11,61.4,56.1,40.9,97.0,1.62,1.08,2.69,1.48,2.55,34,0.89,112,81,72.3,24,4,10,17,44.7,4,3,1,0,25.0,38.0,34,3,0,4,1,38.3,0.32,5.3,0.14,214,524,40.8,909,168,35.5,36.2,280,71.8,55.7,300,22,7.3,15,0.39,14.4,69,557,201,36.1,14.66,5.29,0.12,0.32,17.0,22,4,7,0.1,7.6,8.9,17669,21970,80.4,329150,116554,7701,8728,88.2,7419,8694,85.3,2248,3779,59.5,53,40.9,12.1,418,1311,384,65,1625,21970,20012,1958,417,44,3621,509,457,268,65,60,9,15293,2644,4033,5616,13547,1073,921,271,17669,31,359,480,520,893,23.5,638,82,64,48,48,13,116,3.05,81,6,12,7,7,3,592,363,319,223,50,164,485,33.8,321,4666,1521,32.6,1757,1938,971,502,126,5,376,323,915,1100,8,26608,2293,7945,13221,7207,1136,24686,383,601,63.7,405,31,17524,92694,50349,1954,604,207,520,500,20782,17669,85.0,1904,90,100,418,85,,99,22,167,0.89,69,34,35,0.92,61.4,39.5,21.9,0.58,0,419,366,37,457,323,363,6,4,1,3903,829,857,49.2,2018
vs Chelsea,24,26.8,37.2,38,418,3420,38.0,39,30,38,1,2,63,0,1.03,0.79,1.82,1.0,1.79,34.8,33.1,26.3,59.4,0.92,0.69,1.61,0.87,1.56,63,1.66,190,132,69.5,8,9,21,10,26.3,5,5,0,0,0.0,38.0,63,5,0,9,2,58.0,0.29,-3.0,-0.08,323,829,39.0,942,129,58.7,46.5,338,81.7,61.0,348,21,6.0,7,0.18,12.5,39,344,120,34.9,9.05,3.16,0.11,0.32,16.9,9,1,2,0.1,4.2,4.9,12130,15715,77.2,253881,88656,4474,5196,86.1,5282,6154,85.8,2182,3799,57.4,30,26.3,3.7,255,943,257,65,1014,15715,14004,1711,404,23,2501,512,360,141,31,19,5,10042,2018,3655,4481,9299,628,727,220,12130,72,357,347,420,522,13.74,374,57,31,21,20,19,62,1.63,43,7,4,4,3,1,757,488,404,263,90,192,684,28.1,492,8077,1784,22.1,3074,3301,1702,693,193,1,500,578,1335,913,2,20247,2797,7704,8830,4790,681,18586,320,534,59.9,349,20,12633,57907,27766,1008,299,104,471,462,14788,12130,82.0,1171,90,100,418,85,,102,19,164,1.89,39,63,-24,-0.63,34.8,58.3,-23.5,-0.62,0,432,327,79,360,578,488,2,5,2,2971,427,449,48.7,2018
vs Crystal Palace,26,26.7,55.0,38,418,3420,38.0,52,35,48,4,5,62,2,1.37,0.92,2.29,1.26,2.18,48.1,44.5,33.6,78.2,1.26,0.89,2.15,1.17,2.06,51,1.34,136,97,69.9,17,7,14,11,28.9,11,10,1,0,9.1,38.0,51,10,1,4,3,40.4,0.24,-7.6,-0.2,278,576,48.3,708,108,51.1,43.1,308,69.5,55.7,279,16,5.7,23,0.61,14.6,52,523,158,30.2,13.76,4.16,0.09,0.3,17.5,20,4,5,0.09,3.9,3.5,16831,20846,80.7,338517,111766,6730,7723,87.1,7194,8270,87.0,2670,4156,64.2,35,33.6,1.4,379,1575,367,98,1563,20846,18984,1862,438,42,3192,765,535,215,52,62,9,14065,2568,4213,5457,13011,908,813,200,16831,49,378,447,531,810,21.32,590,75,47,44,44,10,79,2.08,56,5,6,5,7,0,793,466,395,296,102,261,779,33.5,518,6173,1773,28.7,2210,2678,1285,623,150,2,473,415,1208,980,8,25737,2278,6959,12652,7737,1010,23923,367,635,57.8,399,22,17077,86142,47591,2156,605,144,488,539,19739,16831,85.3,1744,90,100,418,85,,110,20,156,1.29,53,51,2,0.05,48.1,50.8,-2.7,-0.07,1,413,383,62,535,415,466,4,11,3,3692,674,599,52.9,2018
vs Everton,23,26.8,48.5,38,418,3420,38.0,44,24,42,2,5,77,2,1.16,0.63,1.79,1.11,1.74,46.4,42.5,30.5,73.0,1.22,0.8,2.02,1.12,1.92,54,1.42,159,107,67.3,14,9,15,10,26.3,5,2,2,1,50.0,38.0,54,2,2,8,1,50.1,0.31,-2.9,-0.08,252,707,35.6,873,140,53.4,44.8,306,78.8,60.4,375,29,7.7,26,0.68,14.3,44,395,130,32.9,10.39,3.42,0.11,0.32,17.0,17,2,5,0.11,-2.4,-0.5,13185,17507,75.3,265176,96388,5286,6205,85.2,5530,6711,82.4,2152,3961,54.3,24,30.5,-6.5,276,1032,265,64,1167,17507,15482,2025,475,42,3157,532,392,179,51,39,11,10637,2477,4393,4664,10294,809,974,225,13185,76,402,500,457,607,15.97,426,62,29,36,41,13,66,1.74,41,4,3,11,7,0,754,451,367,314,73,237,613,38.7,376,6584,1936,29.4,2337,2926,1321,648,154,3,494,495,1249,1110,6,22475,2429,7680,10604,5498,798,20495,315,549,57.4,349,23,13786,68137,36459,1377,379,126,495,558,16521,13185,79.8,1379,90,100,418,85,,104,21,162,1.42,46,54,-8,-0.21,46.4,47.3,-0.9,-0.02,1,450,421,85,392,495,451,5,5,1,3637,772,793,49.3,2018
vs Fulham,28,26.8,51.4,38,418,3420,38.0,79,59,74,5,7,43,0,2.08,1.55,3.63,1.95,3.5,65.4,60.1,44.3,104.4,1.72,1.17,2.89,1.58,2.75,34,0.89,136,105,76.5,26,5,7,15,39.5,3,2,1,0,33.3,38.0,34,2,0,4,1,39.5,0.28,6.5,0.17,319,712,44.8,994,153,51.4,43.9,283,71.0,57.2,290,27,9.3,21,0.55,15.3,79,581,221,38.0,15.29,5.82,0.13,0.33,16.4,16,5,7,0.1,13.6,13.9,16138,20399,79.1,327346,111965,6156,7099,86.7,6973,8184,85.2,2720,4408,61.7,59,44.3,14.7,412,1307,390,98,1469,20399,18469,1930,488,42,3375,680,553,224,57,46,13,13343,2672,4384,5605,12157,1002,863,269,16138,70,383,493,441,874,23.0,634,68,51,53,45,23,122,3.21,90,5,9,13,4,1,729,466,318,295,116,220,674,32.6,454,6939,1964,28.3,2015,3431,1493,543,126,2,417,461,1190,765,4,24839,2267,7363,12013,6945,1187,22956,341,580,58.8,365,17,15913,79476,43840,1809,532,250,485,413,19300,16138,83.6,1680,90,100,418,85,,105,18,161,0.68,81,34,47,1.24,65.4,39.0,26.4,0.7,0,357,405,79,553,461,466,5,3,1,3687,618,634,49.4,2018
vs Huddersfield,31,26.5,53.0,38,418,3420,38.0,75,56,68,7,8,66,2,1.97,1.47,3.45,1.79,3.26,63.9,57.9,46.7,104.7,1.68,1.23,2.91,1.52,2.75,22,0.58,115,94,81.7,28,7,3,19,50.0,1,1,0,0,0.0,38.0,22,1,1,3,2,26.5,0.23,6.5,0.17,268,695,38.6,942,148,49.2,41.6,292,79.5,59.2,427,25,5.9,30,0.79,15.6,75,512,177,34.6,13.47,4.66,0.13,0.38,16.6,24,7,8,0.12,11.1,10.1,15927,19995,79.7,307559,109308,6599,7539,87.5,6801,7937,85.7,2303,3813,60.4,56,46.7,9.3,389,1273,327,76,1441,19995,18087,1908,452,41,3684,504,376,168,43,42,6,13260,2757,3978,5372,12085,914,936,223,15927,70,350,534,499,857,22.55,622,72,54,45,50,14,130,3.42,90,7,13,4,13,3,665,396,335,278,52,219,530,41.3,311,6087,1779,29.2,2128,2848,1111,639,129,2,510,458,1123,1124,10,24970,2430,7646,12372,6379,938,23087,444,708,62.7,481,27,16044,77155,40805,1710,548,185,497,535,18843,15927,84.5,1650,90,100,418,84,,111,21,155,0.42,76,22,54,1.42,63.9,29.3,34.7,0.91,0,389,408,79,376,458,396,7,1,2,3684,700,733,48.8,2018
vs Leicester City,25,26.8,48.9,38,418,3420,38.0,48,36,43,5,5,70,6,1.26,0.95,2.21,1.13,2.08,44.4,40.7,31.6,72.3,1.17,0.83,2.0,1.07,1.9,51,1.34,173,128,73.4,16,7,15,8,21.1,7,5,2,0,28.6,38.0,51,5,3,5,3,51.3,0.27,3.3,0.09,265,684,38.7,818,152,53.8,44.2,311,78.5,57.8,367,25,6.8,24,0.63,14.0,48,424,135,31.8,11.16,3.55,0.1,0.32,17.7,18,5,5,0.1,3.6,2.3,14122,18320,77.1,273635,95914,6041,6975,86.6,5779,6920,83.5,2066,3742,55.2,36,31.6,4.4,299,1154,281,69,1222,18320,16421,1899,392,45,3073,534,450,201,49,48,17,11571,2644,4105,5109,10692,908,908,243,14122,81,393,396,533,639,16.82,454,65,34,34,32,20,79,2.08,55,6,8,5,4,1,644,396,302,260,82,195,617,31.6,422,6597,1747,26.5,2367,2867,1363,656,158,6,498,484,1128,1011,12,23058,2385,6916,11298,6266,860,21181,345,570,60.5,375,25,14503,71906,39275,1649,497,144,483,541,17035,14122,82.9,1455,90,100,418,85,,108,18,158,1.37,48,51,-3,-0.08,44.4,49.6,-5.2,-0.14,3,407,337,90,450,484,396,3,7,3,3612,587,713,45.2,2018
vs Liverpool,23,26.9,38.3,38,418,3420,38.0,22,16,22,0,1,48,1,0.58,0.42,1.0,0.58,1.0,30.5,29.7,20.1,49.8,0.8,0.53,1.33,0.78,1.31,89,2.34,211,131,61.1,1,7,30,3,7.9,7,7,0,0,0.0,38.0,89,7,1,14,3,84.8,0.38,-1.2,-0.03,294,824,35.7,889,146,60.2,47.2,362,79.8,61.6,337,16,4.7,21,0.55,12.7,22,309,96,31.1,8.13,2.53,0.07,0.23,17.6,9,0,1,0.1,-8.5,-7.7,11617,15675,74.1,229793,86153,4922,5757,85.5,4690,5754,81.5,1807,3577,50.5,16,20.1,-4.1,214,791,219,63,896,15675,13953,1722,377,35,2596,472,373,124,19,20,11,9486,2188,4001,4209,9164,931,732,222,11617,114,395,314,417,454,11.95,339,37,32,16,18,12,31,0.82,25,1,0,4,0,1,702,422,419,225,58,203,636,31.9,433,7034,1781,25.3,2759,3048,1227,709,157,6,552,428,1130,1084,14,20265,2883,8088,8960,4288,622,18582,335,563,59.5,381,20,12287,57013,29456,1047,319,112,441,437,14554,11617,79.8,1103,90,100,418,85,,109,18,157,2.55,22,89,-67,-1.76,30.5,74.8,-44.3,-1.17,0,372,300,128,373,428,422,1,7,3,3391,468,493,48.7,2018
vs Manchester City,21,26.6,32.2,38,418,3420,38.0,23,14,19,4,4,54,2,0.61,0.37,0.97,0.5,0.87,25.3,22.6,18.7,41.3,0.67,0.49,1.16,0.59,1.09,95,2.5,249,158,63.1,4,2,32,2,5.3,4,3,0,1,0.0,38.0,95,3,2,9,4,87.2,0.35,-3.8,-0.1,374,957,39.1,933,104,64.1,48.0,404,88.9,63.7,354,28,7.9,15,0.39,13.0,23,237,76,32.1,6.24,2.0,0.08,0.25,17.4,9,4,4,0.1,-2.3,-3.6,9982,13464,74.1,204344,77283,4001,4681,85.5,4157,5003,83.1,1668,3302,50.5,14,18.7,-4.7,181,630,170,43,720,13464,11830,1634,407,21,2699,395,244,82,19,15,2,7972,1815,3677,3391,8210,684,608,163,9982,53,318,307,350,368,9.68,261,36,27,12,22,10,37,0.97,21,5,1,4,5,1,713,425,495,182,36,249,728,34.2,479,8009,1552,19.4,3784,3134,1091,679,202,6,477,404,1117,1061,15,17739,3201,7792,7547,3321,494,16138,287,490,58.6,312,23,10434,49258,24018,840,272,89,387,360,12410,9982,80.4,854,90,100,418,84,,107,21,159,2.58,23,95,-72,-1.89,25.3,82.0,-56.7,-1.49,0,313,314,62,244,404,425,4,4,4,2709,419,455,47.9,2018
vs Manchester Utd,28,26.9,45.5,38,418,3420,38.0,51,37,45,6,6,67,1,1.34,0.97,2.32,1.18,2.16,48.1,43.5,34.4,78.0,1.27,0.91,2.17,1.15,2.05,65,1.71,211,153,73.5,10,9,19,7,18.4,12,9,3,0,25.0,38.0,65,9,2,7,0,64.6,0.26,-0.4,-0.01,254,713,35.6,841,158,58.5,46.1,274,80.7,60.4,333,24,7.2,22,0.58,13.7,51,492,169,34.3,12.95,4.45,0.09,0.27,17.9,21,6,6,0.09,2.9,1.5,13453,17400,77.3,253940,91237,6016,6796,88.5,5368,6422,83.6,1831,3533,51.8,37,34.4,2.6,363,1015,315,59,1166,17400,15590,1810,495,35,2411,531,438,186,37,36,10,11197,2386,3817,4738,10451,816,752,257,13453,65,408,372,451,770,20.26,551,75,51,29,45,19,89,2.34,63,8,6,4,7,1,664,401,341,242,81,203,594,34.2,391,7147,1766,24.7,2502,3316,1329,595,135,3,460,452,1116,896,9,21864,2361,6832,10331,6067,955,20109,325,549,59.2,345,21,13855,72733,40447,1673,555,183,462,411,16276,13453,82.7,1373,90,100,418,85,,106,19,160,1.74,54,65,-11,-0.29,48.1,59.4,-11.3,-0.3,1,418,415,72,438,452,401,5,10,0,3327,465,622,42.8,2018
vs Newcastle Utd,24,26.8,59.6,38,418,3420,38.0,47,32,41,6,6,58,1,1.24,0.84,2.08,1.08,1.92,53.7,49.2,35.0,84.3,1.41,0.92,2.34,1.3,2.22,42,1.11,135,94,69.6,17,9,12,13,34.2,3,1,2,0,66.7,38.0,42,1,1,10,1,39.0,0.28,-2.0,-0.05,237,569,41.7,900,205,45.0,40.3,254,64.6,54.2,357,31,8.7,32,0.84,15.0,47,487,136,27.9,12.82,3.58,0.08,0.3,15.9,30,6,6,0.1,-6.7,-8.2,18441,22798,80.9,357442,116650,7490,8567,87.4,8009,9224,86.8,2681,4245,63.2,32,35.0,-3.0,344,1580,382,102,1625,22798,20832,1966,444,44,3433,642,539,232,54,52,13,15662,2869,4267,6416,13560,1015,956,295,18441,52,356,478,581,745,19.61,491,90,42,46,57,19,76,2.0,47,6,4,9,8,2,638,400,295,258,85,181,501,36.1,320,5597,1742,31.1,1830,2428,1339,601,130,2,471,314,952,1095,11,27541,2209,7417,13940,7871,1045,25611,395,657,60.1,446,27,18459,89818,47187,2042,598,155,472,520,21705,18441,85.0,1858,90,100,418,84,,108,22,158,1.18,48,42,6,0.16,53.7,39.6,14.1,0.37,0,353,410,65,539,314,400,5,3,1,3927,823,656,55.6,2018
vs Southampton,30,26.7,56.1,38,418,3420,38.0,62,49,60,2,3,62,1,1.63,1.29,2.92,1.58,2.87,55.5,53.2,38.9,92.1,1.46,1.02,2.48,1.4,2.42,45,1.18,153,110,73.2,17,12,9,10,26.3,5,4,1,0,20.0,38.0,45,4,3,6,1,47.9,0.3,3.9,0.1,274,719,38.1,938,130,53.0,43.0,316,70.3,56.0,309,16,5.2,33,0.87,16.3,62,516,170,32.9,13.58,4.47,0.12,0.35,16.9,12,2,3,0.1,6.5,6.8,16282,20757,78.4,319204,107056,6575,7654,85.9,6939,8146,85.2,2496,4202,59.4,49,38.9,10.1,371,1192,368,79,1365,20757,18678,2079,459,44,3572,604,494,214,37,49,10,13596,2841,4320,5544,12460,988,1007,226,16282,82,368,466,543,769,20.24,549,77,48,42,34,19,96,2.53,66,8,5,11,2,4,600,369,331,200,69,204,600,34.0,396,5586,1583,28.3,2093,2461,1032,628,145,1,483,385,985,1021,15,25525,2402,8122,12028,6875,1090,23505,422,717,58.9,466,30,16605,78383,41271,1692,526,184,513,504,19684,16282,82.7,1594,90,100,418,85,,106,21,159,1.03,65,45,20,0.53,55.5,46.1,9.4,0.25,1,354,407,90,494,385,369,2,5,1,3986,755,654,53.6,2018
vs Tottenham,28,26.7,41.1,38,418,3420,38.0,36,28,33,3,5,61,2,0.95,0.74,1.68,0.87,1.61,45.3,41.3,30.7,72.0,1.19,0.81,2.0,1.09,1.9,67,1.76,185,123,65.9,13,2,23,6,15.8,4,4,0,0,0.0,38.0,67,4,2,10,1,62.5,0.33,-3.5,-0.09,364,873,41.7,916,137,66.5,49.5,298,88.6,62.5,337,22,6.5,29,0.76,14.0,36,455,147,32.3,11.97,3.87,0.07,0.22,16.4,13,3,5,0.09,-9.3,-8.3,11840,15740,75.2,242892,91286,4875,5697,85.6,4585,5584,82.1,2141,3835,55.8,28,30.7,-2.7,328,922,267,79,997,15740,13953,1787,430,62,2509,608,433,187,59,38,8,9406,2120,4214,4312,9144,830,767,210,11840,99,337,366,440,709,18.66,512,65,42,42,35,13,59,1.55,43,5,3,3,5,0,723,471,363,278,82,258,701,36.8,443,6651,1751,26.3,2416,2873,1362,675,154,3,521,466,1189,999,13,20542,2501,7065,9205,5462,826,18802,333,584,57.0,375,26,12268,61964,31130,1300,375,149,506,457,14727,11840,80.4,1190,90,100,418,85,,107,20,159,1.87,39,67,-28,-0.74,45.3,57.9,-12.7,-0.33,0,388,366,111,433,466,471,4,3,1,3372,562,538,51.1,2018
vs Watford,25,26.8,52.9,38,418,3420,38.0,56,38,52,4,5,50,3,1.47,1.0,2.47,1.37,2.37,54.5,50.7,36.0,86.6,1.43,0.95,2.38,1.33,2.28,52,1.37,151,99,66.2,16,8,14,10,26.3,1,1,0,0,0.0,38.0,52,1,0,9,1,49.7,0.33,-1.3,-0.04,268,681,39.4,820,142,56.1,44.7,261,84.7,61.1,313,22,7.0,18,0.47,13.8,56,481,170,35.3,12.66,4.47,0.11,0.31,16.2,18,4,5,0.11,1.5,1.3,15147,19301,78.5,297650,102995,6310,7272,86.8,6223,7365,84.5,2363,3986,59.3,38,36.0,2.0,340,1267,374,97,1372,19301,17489,1812,491,65,3454,643,513,210,52,42,16,12514,2596,4191,5271,11586,943,760,222,15147,107,322,425,470,732,19.26,511,74,54,40,36,17,88,2.32,58,5,6,8,7,4,733,459,370,264,99,214,562,38.1,348,6020,1749,29.1,2080,2710,1230,583,137,3,446,504,1237,1111,12,24153,2323,7252,11683,6676,1004,22395,388,634,61.2,420,22,15323,76372,40975,1745,555,149,466,485,18354,15147,82.5,1567,90,100,418,84,,105,22,161,1.32,59,52,7,0.18,54.5,48.1,6.4,0.17,3,406,431,118,513,504,459,5,1,1,3652,761,695,52.3,2018
vs West Ham,26,26.7,51.3,38,418,3420,38.0,54,40,50,4,5,57,1,1.42,1.05,2.47,1.32,2.37,62.1,58.3,44.7,102.9,1.63,1.18,2.81,1.53,2.71,52,1.37,147,98,68.0,16,7,15,14,36.8,5,5,0,0,0.0,38.0,52,5,0,8,1,52.8,0.33,1.8,0.05,267,609,43.8,813,139,51.2,42.4,267,72.3,56.1,298,24,8.1,21,0.55,13.8,54,517,192,37.1,13.61,5.05,0.1,0.26,16.4,19,4,5,0.12,-8.1,-8.3,15360,19276,79.7,291716,106595,6734,7618,88.4,6279,7385,85.0,2113,3599,58.7,40,44.7,-4.7,381,1353,359,87,1531,19276,17549,1727,369,71,2933,549,517,208,47,68,11,13106,2386,3784,5198,11854,804,793,233,15360,114,322,462,489,819,21.55,585,70,64,38,45,17,99,2.61,70,10,7,5,6,1,713,441,343,270,100,214,639,33.5,425,6347,1737,27.4,2171,2948,1228,607,131,2,476,439,1152,917,5,23880,2251,6856,11830,6803,999,22195,448,745,60.1,486,25,16133,82695,46571,2011,606,172,445,488,18231,15360,84.3,1728,90,100,418,85,,107,19,159,1.37,55,52,3,0.08,62.1,48.2,13.8,0.36,0,404,322,129,517,439,441,5,5,1,3602,521,539,49.2,2018
vs Wolves,21,26.8,53.1,38,418,3420,38.0,42,32,39,3,4,76,4,1.11,0.84,1.95,1.03,1.87,38.0,35.0,23.1,58.1,1.0,0.61,1.61,0.92,1.53,47,1.24,141,98,69.5,13,9,16,11,28.9,4,4,0,0,0.0,38.0,47,4,2,11,1,49.8,0.33,3.8,0.1,261,712,36.7,895,127,53.5,44.3,286,81.5,61.0,324,20,6.2,33,0.87,15.5,42,452,139,30.8,11.89,3.66,0.09,0.28,18.4,19,3,4,0.08,4.0,4.0,16761,20844,80.4,322731,104371,6937,7835,88.5,7157,8287,86.4,2392,4003,59.8,32,23.1,8.9,292,1212,311,50,1370,20844,18955,1889,455,31,2867,548,415,190,54,36,7,14314,2611,3919,5859,12578,806,874,227,16761,44,371,432,486,659,17.34,466,50,54,35,40,14,68,1.79,45,6,2,6,8,1,695,426,341,272,82,216,591,36.5,375,6159,1823,29.6,2081,2750,1328,570,127,2,443,412,1107,897,14,25461,2225,7054,13232,6780,848,23620,396,695,57.0,433,22,17285,83788,43792,1979,594,132,480,476,19811,16761,84.6,1525,90,100,418,85,,100,21,166,1.5,46,47,-1,-0.03,38.0,49.0,-10.9,-0.29,1,340,396,49,415,412,426,4,4,1,3670,645,717,47.4,2018
vs Arsenal,30,27.0,38.5,38,418,3420,38.0,51,38,46,5,6,52,4,1.34,1.0,2.34,1.21,2.21,50.5,46.0,33.9,79.9,1.33,0.89,2.22,1.21,2.1,74,1.95,227,154,69.2,13,6,19,6,15.8,5,4,1,0,20.0,38.0,74,4,1,10,0,72.3,0.31,-1.7,-0.04,323,855,37.8,889,131,64.7,50.1,315,88.9,65.4,265,11,4.2,18,0.47,13.3,51,419,142,33.9,11.03,3.74,0.11,0.32,16.6,12,5,6,0.11,0.5,0.0,11854,15786,75.1,240543,90198,4791,5562,86.1,4878,5893,82.8,1947,3716,52.4,38,33.9,4.1,295,881,267,74,999,15786,13987,1799,452,26,2635,473,458,180,76,54,18,9420,2300,4066,4277,9263,647,740,237,11854,69,319,459,390,640,16.84,439,66,40,35,39,21,88,2.32,68,4,4,4,5,3,660,387,313,257,90,210,646,32.5,436,6365,1721,27.0,2465,2707,1193,648,182,4,466,767,1427,1010,5,20631,2677,7110,9655,5039,778,18868,360,667,54.0,404,19,11719,59304,31400,1236,394,129,484,427,14577,11854,81.3,1056,90,100,418,85,,105,18,161,1.66,51,74,-23,-0.61,50.5,68.4,-17.9,-0.47,1,398,367,78,458,767,387,5,5,1,3218,764,722,51.4,2017
vs Bournemouth,22,26.9,52.2,38,418,3420,38.0,60,44,58,2,3,73,1,1.58,1.16,2.74,1.53,2.68,61.4,59.3,43.7,103.0,1.62,1.15,2.77,1.56,2.71,46,1.21,153,111,71.9,16,11,11,12,31.6,3,3,0,0,0.0,38.0,46,3,1,10,0,47.9,0.3,2.9,0.08,333,875,38.1,970,106,66.1,50.2,273,85.7,61.6,336,18,5.4,25,0.66,15.3,60,547,171,31.3,14.39,4.5,0.11,0.34,16.7,15,2,3,0.11,-1.4,-1.3,15009,19505,76.9,300947,104483,6205,7065,87.8,6016,7216,83.4,2491,4487,55.5,44,43.7,0.3,389,1177,366,92,1332,19505,17713,1792,371,35,2956,587,528,213,92,69,15,11950,2853,4702,5276,11604,875,852,209,15009,110,401,442,446,815,21.45,607,63,50,46,30,19,97,2.55,69,5,8,8,6,1,782,484,356,340,86,255,658,38.8,403,6042,1945,32.2,2059,2670,1313,626,158,1,468,602,1384,1008,8,24305,2493,7221,11902,6512,1070,22558,339,552,61.4,361,26,14759,74014,37667,1549,478,174,503,390,18060,15009,83.1,1375,90,100,418,85,,106,18,160,1.16,61,45,16,0.42,61.4,44.8,16.6,0.44,1,446,335,126,528,602,484,3,3,0,3850,902,816,52.5,2017
vs Brighton,24,27.0,56.3,38,418,3420,38.0,49,36,48,1,3,30,2,1.29,0.95,2.24,1.26,2.21,52.6,50.3,34.5,84.9,1.38,0.91,2.29,1.32,2.23,34,0.89,113,84,74.3,16,13,9,17,44.7,7,5,1,1,16.7,38.0,34,5,0,3,1,31.0,0.23,-2.0,-0.05,253,721,35.1,967,164,50.4,43.4,281,83.3,62.4,345,27,7.8,26,0.68,15.3,49,560,171,30.5,14.74,4.5,0.09,0.28,17.9,31,1,3,0.09,-3.6,-2.3,17142,21212,80.8,325890,105447,7342,8192,89.6,7164,8256,86.8,2308,4040,57.1,36,34.5,1.5,374,1376,327,78,1469,21212,19283,1929,480,29,3060,522,504,228,95,76,21,14393,2797,4022,5854,12867,803,868,275,17142,39,350,529,436,847,22.29,587,69,71,45,50,25,81,2.13,51,9,9,6,6,0,552,344,254,213,85,165,500,33.0,335,5224,1624,31.1,1554,2242,1428,511,106,3,405,503,1055,1027,8,25795,2054,6898,13065,7462,976,23903,458,729,62.8,497,25,16919,85680,47887,2116,630,160,490,460,20152,17142,85.1,1504,90,100,418,86,,105,16,161,1.05,54,34,20,0.53,52.6,37.2,15.5,0.41,1,297,400,52,504,503,344,3,7,1,3489,888,964,47.9,2017
vs Burnley,24,27.0,56.1,38,418,3420,38.0,38,29,35,3,5,45,6,1.0,0.76,1.76,0.92,1.68,51.8,48.3,37.5,85.8,1.36,0.99,2.35,1.27,2.26,36,0.95,126,89,71.4,12,12,14,13,34.2,0,0,0,0,,38.0,36,0,1,3,1,37.9,0.31,2.9,0.08,302,869,34.8,1055,159,58.9,46.7,277,89.5,65.5,351,32,9.1,39,1.03,15.6,38,569,160,28.1,14.97,4.21,0.06,0.22,17.9,13,3,5,0.09,-13.8,-13.3,15214,19752,77.0,296207,105407,6446,7339,87.8,6309,7556,83.5,2209,4190,52.7,29,37.5,-8.5,429,1143,365,91,1306,19752,17799,1953,430,26,3018,602,551,240,83,80,23,12005,3010,4737,5450,11359,1010,931,266,15214,50,374,504,465,892,23.47,683,69,54,38,31,17,67,1.76,45,3,5,8,3,3,548,337,283,211,54,146,420,34.8,274,4911,1557,31.7,1596,2252,1063,490,108,2,382,399,947,1355,8,24496,2385,8061,11228,6801,999,22571,369,630,58.6,411,22,15007,80576,44837,1874,610,189,508,359,18338,15214,83.0,1363,90,100,418,85,,96,18,169,1.42,39,36,3,0.08,51.8,34.5,17.2,0.45,2,444,339,55,551,399,337,5,0,1,3935,1193,1100,52.0,2017
vs Chelsea,26,26.9,44.6,38,418,3420,38.0,36,26,34,2,2,75,1,0.95,0.68,1.63,0.89,1.58,35.3,33.8,25.4,59.1,0.93,0.67,1.6,0.89,1.56,62,1.63,209,150,71.8,10,7,21,8,21.1,3,3,0,0,0.0,38.0,62,3,2,8,2,58.5,0.27,-1.5,-0.04,302,804,37.6,959,167,56.8,46.1,308,84.1,63.1,370,32,8.6,16,0.42,12.8,36,374,116,31.0,9.84,3.05,0.09,0.29,17.6,11,2,2,0.09,0.7,0.2,14686,18448,79.6,295033,98971,5849,6573,89.0,6155,7113,86.5,2381,4077,58.4,26,25.4,0.6,266,1131,258,61,1176,18448,16717,1731,453,28,2519,568,401,158,69,48,22,12312,2412,3724,5328,11032,657,712,271,14686,50,329,489,375,554,14.58,406,44,28,28,27,21,57,1.5,38,4,3,6,4,2,685,451,343,265,77,259,737,35.1,478,6507,1824,28.0,2469,2657,1381,642,187,6,455,649,1334,1016,11,23206,2540,7280,11683,5575,687,21516,312,584,53.4,345,20,14160,67370,34179,1419,427,97,515,484,17419,14686,84.3,1235,90,100,418,85,,107,19,159,1.84,38,62,-24,-0.63,35.3,57.9,-22.7,-0.6,1,421,343,57,401,649,451,2,3,2,3140,625,734,46.0,2017
vs Crystal Palace,28,27.0,54.7,38,418,3420,38.0,53,40,51,2,2,72,3,1.39,1.05,2.45,1.34,2.39,50.6,49.1,34.0,83.1,1.33,0.89,2.23,1.29,2.19,45,1.18,133,96,72.2,16,11,11,14,36.8,12,8,2,2,20.0,38.0,45,8,1,7,1,50.4,0.33,6.4,0.17,283,654,43.3,788,141,52.8,45.4,325,73.2,58.4,316,21,6.6,22,0.58,14.4,53,467,167,35.8,12.29,4.39,0.11,0.31,16.8,21,2,2,0.11,2.4,1.9,15465,19660,78.7,313634,106653,6146,7101,86.6,6471,7598,85.2,2558,4175,61.3,40,34.0,6.0,322,1259,334,89,1425,19660,17692,1968,456,33,2584,679,531,208,90,77,9,12533,2950,4177,5404,11645,946,896,236,15465,68,353,594,511,709,18.66,503,68,45,42,35,16,81,2.13,56,5,4,10,3,3,775,448,370,307,98,250,756,33.1,506,5851,1788,30.6,2206,2477,1168,581,156,8,425,505,1280,1153,14,24707,2326,7463,12007,6750,935,22778,379,683,55.5,424,24,14905,77396,42720,1762,482,112,498,502,18531,15465,83.5,1472,90,100,418,84,,107,21,159,1.16,55,45,10,0.26,50.6,56.1,-5.4,-0.14,2,422,413,77,531,505,448,2,10,1,3578,838,886,48.6,2017
vs Everton,30,27.0,54.1,38,418,3420,38.0,58,51,55,3,5,49,5,1.53,1.34,2.87,1.45,2.79,52.3,48.8,35.7,84.4,1.38,0.94,2.32,1.28,2.22,44,1.16,108,70,63.9,15,10,13,11,28.9,9,5,3,1,37.5,38.0,44,5,0,4,2,39.4,0.31,-2.6,-0.07,303,724,41.9,912,139,54.8,45.3,270,83.0,61.0,309,27,8.7,32,0.84,15.4,58,541,175,32.3,14.24,4.61,0.1,0.31,18.1,19,3,5,0.09,5.7,6.2,15381,19818,77.6,301312,107866,6481,7400,87.6,6228,7455,83.5,2359,4194,56.2,51,35.7,15.3,382,1224,357,82,1436,19818,17744,2074,508,26,3343,628,530,212,102,64,12,12226,3154,4438,5495,11547,881,1003,229,15381,55,378,553,465,819,21.55,592,70,56,46,37,18,98,2.58,71,5,10,9,3,0,652,389,306,267,79,218,561,38.9,343,5329,1694,31.8,1732,2391,1206,548,111,3,437,476,1128,1148,11,24806,2121,7518,11887,6967,1002,22771,397,670,59.3,423,23,15078,81247,44979,1865,540,180,508,500,18494,15381,83.2,1517,90,100,418,85,,102,18,164,1.29,58,44,14,0.37,52.3,41.4,10.9,0.29,3,388,449,59,530,476,389,3,8,2,3928,1013,962,51.3,2017
vs Huddersfield,25,27.0,54.3,38,418,3420,38.0,57,41,53,4,6,56,4,1.5,1.08,2.58,1.39,2.47,55.2,50.5,34.0,84.5,1.45,0.9,2.35,1.33,2.22,28,0.74,105,81,75.2,19,10,9,21,55.3,2,2,0,0,0.0,38.0,28,2,0,3,3,26.2,0.24,1.2,0.03,237,663,35.7,935,149,50.5,42.6,264,72.3,56.9,393,21,5.3,35,0.92,16.3,57,440,153,34.8,11.58,4.03,0.12,0.35,16.5,19,4,6,0.12,1.8,2.5,16173,20655,78.3,316582,112812,6488,7541,86.0,6934,8106,85.5,2425,4179,58.0,41,34.0,7.0,300,1315,298,63,1469,20655,18662,1993,441,42,3180,521,378,210,88,76,25,13197,3119,4339,5665,12140,904,1014,267,16173,110,383,513,506,670,17.63,458,73,44,33,44,18,86,2.26,59,5,7,7,6,2,741,452,381,273,87,248,556,44.6,308,5653,1819,32.2,1939,2480,1234,573,113,2,460,547,1288,1067,10,25661,2294,7561,13193,6300,877,23713,398,675,59.0,433,25,15587,74365,37396,1573,435,131,537,588,19554,16173,82.7,1549,90,100,418,84,,106,20,159,0.97,58,28,30,0.79,55.2,31.7,23.5,0.62,1,382,389,122,378,547,452,6,2,3,3911,939,925,50.4,2017
vs Leicester City,27,26.8,52.1,38,418,3420,38.0,58,47,56,2,4,52,1,1.53,1.24,2.76,1.47,2.71,49.9,46.9,37.1,84.0,1.31,0.98,2.29,1.23,2.21,56,1.47,137,88,62.8,15,11,12,8,21.1,6,5,1,0,16.7,38.0,56,5,1,8,3,50.0,0.33,-3.0,-0.08,258,706,36.5,839,147,57.3,46.6,275,81.8,61.3,386,40,10.4,27,0.71,14.5,58,489,161,32.9,12.87,4.24,0.11,0.35,18.0,14,2,4,0.1,8.1,9.1,14111,18385,76.8,273223,98500,6125,7043,87.0,5567,6774,82.2,2116,3796,55.7,47,37.1,9.9,372,1151,322,83,1347,18385,16390,1995,436,33,2867,591,476,216,107,71,12,11261,2863,4261,5126,10636,836,976,262,14111,70,386,546,471,767,20.18,570,61,45,30,37,24,98,2.58,64,9,7,8,7,3,729,430,375,264,90,274,728,37.6,454,5559,1669,30.0,1809,2584,1166,565,134,8,431,565,1294,1310,12,23512,2251,7209,11147,6549,932,21564,417,662,63.0,459,34,14004,73367,41153,1805,533,190,499,500,17220,14111,81.9,1391,90,100,418,85,,105,18,161,1.24,60,56,4,0.11,49.9,48.1,1.8,0.05,0,372,359,80,476,565,430,3,6,3,3540,847,961,46.8,2017
vs Liverpool,27,27.1,39.5,38,418,3420,38.0,38,23,34,4,6,50,0,1.0,0.61,1.61,0.89,1.5,34.0,29.5,19.6,49.0,0.9,0.51,1.41,0.78,1.29,84,2.21,228,145,64.0,5,12,21,7,18.4,3,2,1,0,33.3,38.0,84,2,2,12,2,69.8,0.3,-12.2,-0.32,395,1043,37.9,1010,161,67.0,50.5,400,91.5,68.5,342,29,8.5,28,0.74,13.9,38,273,96,35.2,7.18,2.53,0.12,0.35,17.0,10,4,6,0.11,4.0,4.5,11807,16047,73.6,238857,90296,4884,5678,86.0,4742,5797,81.8,1908,3871,49.3,23,19.6,3.4,193,783,185,58,913,16047,14218,1829,395,26,2724,463,351,126,59,38,9,9362,2484,4201,4384,9195,798,786,257,11807,95,398,494,416,416,10.95,291,43,24,16,34,8,56,1.47,35,3,5,7,5,1,712,453,402,269,41,228,715,31.9,487,6267,1769,28.2,2578,2716,973,618,185,2,433,647,1359,1164,20,20909,2962,7889,9880,4222,534,19112,320,566,56.5,357,29,11829,57394,29173,1041,316,76,509,500,14804,11807,79.8,953,90,100,418,85,,107,20,158,1.97,38,84,-46,-1.21,34.0,72.8,-38.7,-1.02,0,324,333,101,351,647,453,6,3,2,3347,778,746,51.0,2017
vs Manchester City,25,26.9,28.9,38,418,3420,38.0,25,17,25,0,2,77,3,0.66,0.45,1.11,0.66,1.11,22.8,21.3,14.8,36.1,0.6,0.39,0.99,0.56,0.95,106,2.79,255,157,60.8,2,4,32,2,5.3,8,6,2,0,25.0,38.0,106,6,2,15,3,92.0,0.34,-11.0,-0.29,331,985,33.6,878,105,69.9,51.5,411,90.3,66.1,338,32,9.5,10,0.26,12.0,25,233,82,35.2,6.13,2.16,0.11,0.3,18.0,10,0,2,0.09,2.2,3.7,8380,11987,69.9,172799,69801,3437,4074,84.4,3253,4151,78.4,1489,3220,46.2,17,14.8,2.2,149,558,127,34,629,11987,10203,1784,398,16,2135,341,225,103,54,29,6,6577,1921,3489,3302,6772,561,729,168,8380,90,336,447,327,338,8.89,210,36,33,16,29,14,36,0.95,29,1,2,1,2,1,719,435,458,200,61,214,664,32.2,450,6700,1591,23.7,2953,2671,1076,651,172,5,479,722,1441,914,19,16459,2897,7178,6948,3141,393,14726,349,606,57.6,389,28,8880,40378,20083,638,219,59,428,427,10989,8380,76.3,652,90,100,418,84,,106,22,160,2.63,27,106,-79,-2.08,22.8,86.4,-63.6,-1.67,1,373,328,101,225,722,435,2,8,3,2670,482,588,45.0,2017
vs Manchester Utd,27,26.9,45.2,38,418,3420,38.0,26,18,25,1,1,69,1,0.68,0.47,1.16,0.66,1.13,41.7,41.0,29.9,70.8,1.1,0.79,1.88,1.08,1.86,68,1.79,176,106,61.9,7,6,25,8,21.1,3,1,2,0,66.7,38.0,68,1,2,8,1,64.8,0.37,-2.2,-0.06,257,739,34.8,862,137,58.9,47.0,277,83.4,63.0,376,34,9.0,23,0.61,13.9,26,443,143,32.3,11.66,3.76,0.06,0.17,17.2,10,1,1,0.09,-15.7,-16.0,13626,17503,77.8,259876,94617,5824,6605,88.2,5702,6737,84.6,1849,3502,52.8,18,29.9,-11.9,340,985,303,62,1224,17503,15773,1730,482,22,2833,488,413,175,80,68,11,11446,2452,3605,4851,10549,724,690,225,13626,45,396,568,410,705,18.55,523,61,50,34,27,10,42,1.11,28,3,3,5,3,0,786,458,434,268,84,253,739,34.2,486,6279,1735,27.6,2257,2878,1144,627,187,5,440,570,1356,1112,5,22364,2540,7301,10996,5513,851,20687,366,583,62.8,390,19,13657,74081,40584,1656,505,136,464,406,16308,13626,83.6,1244,90,100,418,85,,107,19,159,2.13,28,68,-40,-1.05,41.7,60.7,-18.9,-0.5,1,440,398,52,413,570,458,1,3,1,3263,641,760,45.8,2017
vs Newcastle Utd,27,26.9,58.3,38,418,3420,38.0,44,32,40,4,6,62,0,1.16,0.84,2.0,1.05,1.89,53.4,48.7,37.9,86.6,1.41,1.0,2.4,1.28,2.28,39,1.03,152,114,74.3,18,8,12,14,36.8,1,0,1,0,100.0,38.0,39,0,1,9,1,43.0,0.28,5.0,0.13,309,749,41.3,977,176,53.1,44.2,286,80.4,60.7,308,21,6.8,30,0.79,15.0,44,472,145,30.7,12.42,3.82,0.08,0.28,16.6,13,4,6,0.11,-9.4,-8.7,17234,21696,79.4,349051,115237,6630,7582,87.4,7468,8680,86.0,2823,4591,61.5,32,37.9,-5.9,351,1442,349,93,1490,21696,19690,2006,450,28,3325,717,533,224,101,75,15,13996,3086,4614,6007,12801,904,969,268,17234,68,379,525,534,744,19.58,552,67,43,33,34,15,76,2.0,58,2,3,6,4,3,664,427,314,252,98,202,579,34.9,377,4920,1688,34.3,1669,2125,1126,525,134,2,391,473,1137,1213,13,26564,2295,7636,13209,7305,897,24603,396,660,60.0,430,36,16599,84779,43775,1824,527,116,527,498,20405,17234,84.5,1531,90,100,418,86,,99,17,167,1.16,47,39,8,0.21,53.4,45.3,8.1,0.21,0,394,396,81,533,473,427,6,1,1,3785,1126,1020,52.5,2017
vs Southampton,26,26.9,48.5,38,418,3420,38.0,56,43,55,1,2,51,2,1.47,1.13,2.61,1.45,2.58,48.8,47.3,33.7,81.0,1.29,0.89,2.17,1.25,2.13,37,0.97,138,104,75.4,16,15,7,14,36.8,3,3,0,0,0.0,38.0,37,3,1,7,1,38.9,0.27,2.9,0.08,351,825,42.5,922,174,60.8,47.6,321,82.2,62.6,406,35,8.6,30,0.79,15.1,56,498,165,33.1,13.11,4.34,0.11,0.33,18.1,20,1,2,0.1,7.2,7.7,13739,17903,76.7,274675,99939,5636,6539,86.2,5712,6862,83.2,2153,3835,56.1,43,33.7,9.3,365,1099,311,85,1204,17903,15913,1990,468,23,2706,500,462,200,79,69,13,11024,2677,4202,4958,10226,860,925,259,13739,40,349,491,456,776,20.42,572,71,34,40,48,11,91,2.39,67,8,1,11,4,0,598,352,301,220,77,171,570,30.0,399,6006,1640,27.3,2096,2670,1240,577,129,6,448,551,1149,1166,5,22808,2360,7033,10734,6411,847,20862,367,632,58.1,399,24,13484,67182,36183,1601,516,117,477,534,16717,13739,82.2,1275,90,100,418,85,,104,21,160,0.95,56,37,19,0.5,48.8,42.1,6.7,0.18,0,407,416,48,462,551,352,2,3,1,3594,955,816,53.9,2017
vs Stoke City,30,26.9,58.7,38,418,3420,38.0,66,49,61,5,5,49,0,1.74,1.29,3.03,1.61,2.89,63.7,59.9,44.5,104.4,1.68,1.17,2.85,1.58,2.75,35,0.92,122,88,71.3,19,12,7,13,34.2,3,0,3,0,100.0,38.0,35,0,1,7,1,36.4,0.29,2.4,0.06,225,617,36.5,843,158,49.6,42.3,270,73.7,57.0,293,40,13.7,23,0.61,15.1,66,575,212,36.9,15.13,5.58,0.11,0.29,17.1,26,5,5,0.11,2.3,1.1,16379,20604,79.5,319517,109876,6672,7556,88.3,7188,8299,86.6,2291,4121,55.6,49,44.5,4.5,408,1299,390,86,1508,20604,18573,2031,488,51,2871,539,548,280,114,69,12,13866,2717,4021,5804,12285,813,920,266,16379,79,384,507,444,875,23.03,648,67,43,44,57,16,101,2.66,76,6,3,6,9,1,653,382,309,270,74,247,639,38.7,392,5175,1569,30.3,1679,2351,1145,494,113,5,381,494,1147,1193,8,25578,2078,7420,12802,7028,1071,23586,357,645,55.3,390,33,15693,82831,45978,1856,556,186,502,517,19381,16379,84.5,1569,90,100,418,85,,107,19,159,0.87,68,35,33,0.87,63.7,37.5,26.2,0.69,0,403,427,92,548,494,382,5,3,1,3645,894,1156,43.6,2017
vs Swansea City,26,27.1,54.8,38,418,3420,38.0,54,37,51,3,6,68,0,1.42,0.97,2.39,1.34,2.32,59.5,54.8,42.1,96.9,1.57,1.11,2.67,1.44,2.55,28,0.74,94,68,71.3,21,9,8,18,47.4,1,1,0,0,0.0,38.0,28,1,0,9,1,28.0,0.3,1.0,0.03,284,650,43.7,860,133,50.3,42.8,266,81.6,59.6,334,31,9.3,32,0.84,15.8,54,539,182,33.8,14.18,4.79,0.09,0.28,17.1,16,3,6,0.1,-5.5,-3.8,17664,21546,82.0,337537,111721,7621,8487,89.8,7288,8292,87.9,2445,4029,60.7,37,42.1,-5.1,399,1393,376,95,1485,21546,19821,1725,391,37,3211,578,533,195,88,58,22,14632,2898,4016,6355,12789,768,807,242,17664,69,347,497,424,852,22.42,647,61,38,36,48,22,85,2.24,54,6,2,11,10,2,692,437,338,263,91,233,605,38.5,372,5656,1742,30.8,1753,2582,1321,520,114,6,406,464,1156,1107,9,26244,2130,7147,13513,7180,1014,24561,349,603,57.9,389,26,16969,85572,45873,2073,612,157,465,444,20511,17664,86.1,1542,90,100,418,86,,101,18,165,0.87,56,28,28,0.74,59.5,30.5,29.0,0.76,0,419,364,86,533,464,437,5,1,1,3499,956,803,54.3,2017
vs Tottenham,25,26.9,38.1,38,418,3420,38.0,35,22,33,2,3,75,1,0.92,0.58,1.5,0.87,1.45,35.0,32.7,23.0,55.6,0.92,0.6,1.53,0.86,1.46,74,1.95,212,142,66.0,7,8,23,4,10.5,3,2,1,0,33.3,38.0,74,2,0,7,4,73.0,0.34,3.0,0.08,331,977,33.9,946,140,70.0,52.2,345,91.3,66.2,410,21,5.1,13,0.34,12.2,35,361,123,34.1,9.5,3.24,0.09,0.27,16.4,10,2,3,0.09,0.0,0.3,10318,14477,71.3,216561,85669,4150,4972,83.5,3983,5028,79.2,1958,3875,50.5,22,23.0,-1.0,252,760,212,61,861,14477,12660,1817,455,41,2479,518,399,161,79,50,19,7798,2352,4327,3946,8130,802,744,200,10318,105,378,436,423,533,14.03,367,62,36,23,30,15,57,1.5,36,7,4,3,5,2,811,494,478,271,62,264,754,35.0,490,7062,1963,27.8,2907,3002,1153,722,200,2,522,610,1421,1151,26,19523,2852,7741,8493,4261,653,17741,339,602,56.3,376,33,10305,50901,25880,979,288,121,485,470,13148,10318,78.5,930,90,100,418,85,,106,20,160,2.03,36,74,-38,-1.0,35.0,67.3,-32.2,-0.85,0,413,373,114,399,610,494,3,3,4,3442,759,730,51.0,2017
vs Watford,29,26.9,50.4,38,418,3420,38.0,63,43,57,6,6,65,3,1.66,1.13,2.79,1.5,2.63,57.9,53.4,35.7,89.1,1.52,0.94,2.46,1.41,2.34,44,1.16,128,87,68.0,19,8,11,14,36.8,6,3,2,1,40.0,38.0,44,3,0,6,2,45.5,0.33,3.5,0.09,296,741,39.9,901,154,54.4,45.0,302,83.1,62.6,387,37,9.6,18,0.47,14.4,63,413,151,36.6,10.87,3.97,0.14,0.38,16.5,17,6,6,0.13,5.1,3.6,13423,17653,76.0,270739,98021,5497,6411,85.7,5434,6557,82.9,2231,4002,55.7,43,35.7,7.3,286,1026,255,60,1155,17653,15723,1930,491,31,2691,590,477,197,74,55,26,10806,2638,4209,4881,10206,798,858,258,13423,105,375,548,394,611,16.08,420,67,37,36,41,10,102,2.68,62,10,12,8,9,1,736,432,357,294,85,261,622,42.0,361,5701,1769,31.0,2021,2579,1101,604,131,1,473,505,1241,1403,9,22890,2522,7578,11130,5488,844,20996,350,606,57.8,387,22,12932,66845,36123,1421,419,150,516,518,16610,13423,80.8,1193,90,100,418,85,,105,19,161,1.08,64,44,20,0.53,57.9,47.4,10.6,0.28,2,398,429,117,477,505,432,5,6,2,3577,1043,977,51.6,2017
vs West Brom,24,26.9,59.4,38,418,3420,38.0,54,44,53,1,1,56,1,1.42,1.16,2.58,1.39,2.55,48.5,47.7,36.4,84.1,1.28,0.96,2.23,1.26,2.21,31,0.82,106,74,71.7,19,13,6,13,34.2,1,1,0,0,0.0,38.0,31,1,1,11,0,30.3,0.28,-0.7,-0.02,275,643,42.8,876,209,48.3,41.4,304,72.4,57.4,399,40,10.0,19,0.5,14.0,54,515,155,30.1,13.55,4.08,0.1,0.34,18.2,27,1,1,0.09,5.5,5.3,17670,21796,81.1,346248,113416,7295,8190,89.1,7405,8575,86.4,2627,4287,61.3,44,36.4,7.6,373,1487,371,84,1639,21796,19928,1868,489,26,2659,748,572,175,66,50,19,14820,2767,4209,6135,13035,872,831,327,17670,46,354,591,421,801,21.08,594,59,49,40,45,14,96,2.53,71,6,7,6,6,0,748,440,350,295,103,250,622,40.2,372,5462,1671,30.6,1875,2282,1305,514,102,2,412,385,1133,1238,9,26727,2205,7649,13173,7720,944,24899,403,702,57.4,442,23,16892,91563,51429,2092,648,147,519,413,20786,17670,85.0,1656,90,100,418,85,,103,20,161,0.82,56,31,25,0.66,48.5,34.4,14.1,0.37,1,372,428,54,572,385,440,1,1,0,3685,978,934,51.2,2017
vs West Ham,27,26.8,55.0,38,418,3420,38.0,67,48,62,5,6,55,1,1.76,1.26,3.03,1.63,2.89,59.2,54.6,41.0,95.6,1.56,1.08,2.64,1.44,2.51,48,1.26,128,80,64.1,16,12,10,9,23.7,4,2,2,0,50.0,38.0,48,2,1,7,0,41.7,0.31,-6.3,-0.17,264,661,39.9,833,145,55.7,45.8,250,78.8,59.9,361,25,6.9,31,0.82,15.0,67,567,180,31.7,14.92,4.74,0.11,0.34,18.1,19,5,6,0.1,7.8,7.4,15887,19941,79.7,303646,106050,6682,7609,87.8,6701,7817,85.7,2152,3726,57.8,48,41.0,7.0,422,1263,330,81,1442,19941,18137,1804,447,37,3068,531,504,207,69,93,10,13348,2741,3852,5480,11990,800,814,257,15887,44,364,529,434,891,23.45,681,70,49,44,39,8,108,2.84,73,7,9,11,8,0,684,419,315,292,77,212,621,34.1,409,5788,1736,30.0,1904,2719,1165,543,109,2,434,432,1116,1118,7,24734,2086,6919,12359,7066,998,22961,388,648,59.9,426,29,15402,80442,44675,2029,642,181,501,442,18580,15887,85.5,1498,90,100,418,86,,104,17,162,1.11,68,48,20,0.53,59.2,39.8,19.3,0.51,1,466,376,55,504,432,419,6,4,0,3695,901,922,49.4,2017
