,Div,Date,Time,HomeTeam,AwayTeam,FTHG,FTAG,FTR,HTHG,HTAG,HTR,Referee,HS,AS,HST,AST,HF,AF,HC,AC,HY,AY,HR,AR,B365H,B365D,B365A,BWH,BWD,BWA,IWH,IWD,IWA,PSH,PSD,PSA,WHH,WHD,WHA,VCH,VCD,VCA,MaxH,MaxD,MaxA,AvgH,AvgD,AvgA,B365>2.5,B365<2.5,P>2.5,P<2.5,Max>2.5,Max<2.5,Avg>2.5,Avg<2.5,AHh,B365AHH,B365AHA,PAHH,PAHA,MaxAHH,MaxAHA,AvgAHH,AvgAHA,B365CH,B365CD,B365CA,BWCH,BWCD,BWCA,IWCH,IWCD,IWCA,PSCH,PSCD,PSCA,WHCH,WHCD,WHCA,VCCH,VCCD,VCCA,MaxCH,MaxCD,MaxCA,AvgCH,AvgCD,AvgCA,B365C>2.5,B365C<2.5,PC>2.5,PC<2.5,MaxC>2.5,MaxC<2.5,AvgC>2.5,AvgC<2.5,AHCh,B365CAHH,B365CAHA,PCAHH,PCAHA,MaxCAHH,MaxCAHA,AvgCAHH,AvgCAHA
0,E0,05/08/2022,20:00,Crystal Palace,Arsenal,0,2,A,0,1,A,A Taylor,10,10,2,2,16,11,3,5,1,2,0,0,4.2,3.6,1.85,4.33,3.5,1.87,4.3,3.55,1.85,4.5,3.65,1.89,4.4,3.5,1.83,4.6,3.5,1.87,4.6,3.78,1.95,4.39,3.59,1.88,2.1,1.72,2.14,1.78,2.19,1.91,2.09,1.76,0.5,2.04,1.89,2.03,1.89,2.06,1.91,2.01,1.87,4.5,3.6,1.8,4.5,3.5,1.83,4.4,3.55,1.85,4.58,3.63,1.88,4.8,3.4,1.78,4.75,3.5,1.85,5.01,3.7,1.91,4.56,3.57,1.85,2.1,1.72,2.14,1.78,2.19,1.91,2.08,1.76,0.5,2.09,1.84,2.04,1.88,2.09,1.88,2.03,1.85
1,E0,06/08/2022,12:30,Fulham,Liverpool,2,2,D,1,0,H,A Madley,9,11,3,4,7,9,4,4,2,0,0,0,11.0,6.0,1.25,10.0,5.75,1.28,12.0,5.75,1.27,11.2,6.22,1.28,12.0,5.5,1.27,13.0,6.0,1.25,13.0,6.4,1.31,10.99,6.05,1.28,1.5,2.62,1.5,2.7,1.54,2.76,1.48,2.63,1.75,1.9,2.03,1.91,2.0,1.92,2.04,1.89,1.99,11.0,5.75,1.28,9.25,6.0,1.29,11.0,5.5,1.3,10.5,6.5,1.29,11.0,5.5,1.27,11.5,6.0,1.29,11.95,6.93,1.3,10.33,6.2,1.28,1.5,2.62,1.49,2.77,1.51,3.0,1.47,2.73,1.75,1.9,2.03,1.91,2.02,2.01,2.06,1.89,1.99
2,E0,06/08/2022,15:00,Bournemouth,Aston Villa,2,0,H,1,0,H,P Bankes,7,15,3,2,18,16,5,5,3,3,0,0,3.75,3.5,2.0,3.75,3.4,2.0,3.65,3.45,2.05,3.93,3.58,2.04,3.75,3.3,2.05,3.75,3.3,2.0,4.0,3.66,2.1,3.8,3.5,2.04,2.0,1.8,2.1,1.81,2.1,1.87,2.03,1.8,0.5,1.87,2.06,1.88,2.04,1.88,2.07,1.85,2.04,4.0,3.5,1.95,3.9,3.4,1.95,3.85,3.45,2.0,4.09,3.59,2.0,4.0,3.4,1.95,4.1,3.4,2.0,4.25,3.63,2.06,3.99,3.49,2.0,2.1,1.72,2.13,1.79,2.24,1.81,2.1,1.76,0.5,1.93,2.0,1.93,2.0,1.94,2.04,1.88,2.0
3,E0,06/08/2022,15:00,Leeds,Wolves,2,1,H,1,1,D,R Jones,12,15,4,6,13,9,6,4,2,0,0,0,2.25,3.4,3.2,2.3,3.3,2.95,2.3,3.3,3.15,2.39,3.33,3.3,2.25,3.3,3.2,2.3,3.2,3.1,2.42,3.54,3.3,2.34,3.34,3.18,2.05,1.85,2.09,1.83,2.11,1.87,2.03,1.81,-0.25,2.05,1.88,2.04,1.89,2.06,1.9,2.01,1.87,2.37,3.3,3.0,2.4,3.3,2.75,2.45,3.3,2.95,2.45,3.44,3.09,2.4,3.3,2.9,2.4,3.4,3.0,2.5,3.55,3.18,2.43,3.36,3.02,1.95,1.95,1.96,1.94,2.09,1.96,1.96,1.87,-0.25,2.08,1.85,2.1,1.84,2.14,1.87,2.08,1.81
4,E0,06/08/2022,15:00,Newcastle,Nott'm Forest,2,0,H,0,0,D,S Hooper,23,5,10,0,9,14,11,1,0,3,0,0,1.66,3.8,5.25,1.65,3.8,5.5,1.65,3.8,5.5,1.71,3.74,5.83,1.67,3.7,5.25,1.62,3.7,5.5,1.72,3.96,6.0,1.67,3.8,5.57,2.05,1.85,2.1,1.81,2.1,1.86,2.03,1.81,-0.75,1.87,2.06,1.92,2.01,1.92,2.08,1.86,2.02,1.53,4.0,6.0,1.58,3.9,6.0,1.63,3.8,6.0,1.57,4.22,6.6,1.53,3.9,6.5,1.57,3.9,7.0,1.67,4.3,7.0,1.59,4.07,6.15,1.94,1.96,1.97,1.93,2.06,1.97,1.94,1.89,-1.0,1.97,1.96,1.99,1.93,2.19,1.97,2.03,1.86
5,E0,06/08/2022,15:00,Tottenham,Southampton,4,1,H,2,1,H,A Marriner,18,10,8,2,11,6,10,2,3,0,0,0,1.33,5.5,8.5,1.35,5.25,8.25,1.37,5.25,7.75,1.37,5.39,9.11,1.35,5.0,8.5,1.33,5.0,9.0,1.4,5.5,9.2,1.36,5.27,8.64,1.61,2.3,1.65,2.37,1.65,2.48,1.61,2.34,-1.5,2.04,1.89,2.08,1.85,2.08,1.91,2.03,1.85,1.36,5.0,8.5,1.36,5.25,8.25,1.37,5.25,8.0,1.39,5.34,8.55,1.33,4.8,9.5,1.33,5.25,10.0,1.4,5.5,10.0,1.37,5.24,8.59,1.61,2.3,1.65,2.36,1.67,2.4,1.63,2.31,-1.5,2.07,1.86,2.04,1.88,2.08,1.88,2.03,1.85
6,E0,06/08/2022,17:30,Everton,Chelsea,0,1,A,0,1,A,C Pawson,8,15,4,6,14,11,4,16,3,2,0,0,5.5,4.0,1.61,5.5,3.8,1.58,5.5,3.9,1.63,6.04,4.06,1.63,5.8,3.75,1.62,5.75,3.7,1.6,6.1,4.2,1.67,5.74,3.96,1.63,2.02,1.88,2.05,1.86,2.07,1.92,1.99,1.84,0.75,2.11,1.82,2.13,1.82,2.13,1.84,2.08,1.8,6.5,4.2,1.55,6.0,3.9,1.57,6.25,3.9,1.6,6.89,4.16,1.56,6.5,3.9,1.53,6.0,4.0,1.6,7.08,4.3,1.64,6.44,4.04,1.57,2.1,1.72,2.13,1.79,2.18,1.86,2.08,1.77,1.0,1.93,2.0,1.94,1.98,1.94,2.11,1.88,2.0
7,E0,07/08/2022,14:00,Leicester,Brentford,2,2,D,1,0,H,J Gillett,14,8,5,3,6,5,5,6,0,0,0,0,2.0,3.75,3.5,2.0,3.6,3.6,2.05,3.65,3.55,2.07,3.69,3.74,2.0,3.6,3.5,1.95,3.5,3.6,2.1,3.84,3.8,2.03,3.66,3.64,1.72,2.1,1.79,2.12,1.84,2.17,1.77,2.08,-0.5,2.04,1.89,2.07,1.87,2.07,1.91,2.02,1.86,1.85,3.8,4.0,1.88,3.6,4.0,1.95,3.65,3.9,1.96,3.69,4.29,1.88,3.6,4.0,1.91,3.6,4.2,2.01,3.88,4.4,1.92,3.66,4.08,1.94,1.96,1.9,2.01,1.96,2.07,1.86,1.97,-0.5,1.94,1.99,1.96,1.96,1.96,2.04,1.92,1.96
8,E0,07/08/2022,14:00,Man United,Brighton,1,2,A,0,2,A,P Tierney,17,15,5,4,7,12,6,2,4,1,0,0,1.6,4.2,5.25,1.62,3.9,5.5,1.6,4.0,5.75,1.65,4.14,5.68,1.6,3.9,5.5,1.57,3.8,5.75,1.66,4.22,6.12,1.62,4.01,5.68,1.92,1.98,1.9,2.0,1.95,2.0,1.89,1.93,-1.0,2.05,1.75,2.18,1.77,2.18,1.86,2.09,1.79,1.8,3.75,4.33,1.75,3.7,4.6,1.77,3.7,4.6,1.81,3.86,4.72,1.78,3.6,4.6,1.8,3.7,4.75,1.83,3.94,5.0,1.78,3.77,4.73,1.89,2.01,1.96,1.94,1.96,2.03,1.9,1.94,-0.75,2.06,1.87,2.05,1.88,2.08,1.97,2.0,1.88
9,E0,07/08/2022,16:30,West Ham,Man City,0,2,A,0,1,A,M Oliver,6,14,1,2,8,4,1,4,0,1,0,0,8.0,5.0,1.36,7.75,5.0,1.38,7.5,5.25,1.37,8.58,5.48,1.38,9.0,5.0,1.33,8.5,5.0,1.33,9.6,5.6,1.41,8.32,5.25,1.37,1.53,2.5,1.56,2.59,1.62,2.61,1.54,2.47,1.5,1.86,2.07,1.88,2.05,1.9,2.1,1.84,2.04,7.5,5.25,1.36,7.5,5.0,1.38,7.5,5.0,1.4,8.0,5.35,1.41,8.0,5.0,1.36,8.5,5.25,1.36,8.5,5.55,1.42,7.9,5.27,1.39,1.5,2.62,1.52,2.67,1.54,2.82,1.5,2.62,1.5,1.85,2.08,1.85,2.08,2.0,2.12,1.85,2.04
10,E0,13/08/2022,12:30,Aston Villa,Everton,2,1,H,1,0,H,M Oliver,12,15,4,4,9,7,5,8,4,1,0,0,1.8,3.5,4.75,1.8,3.5,4.75,1.8,3.55,4.6,1.83,3.55,5.12,1.8,3.4,4.75,1.8,3.6,5.0,1.85,3.68,5.12,1.82,3.56,4.87,2.1,1.72,2.15,1.78,2.15,1.82,2.08,1.77,-0.5,1.77,2.02,1.82,2.1,1.83,2.16,1.81,2.07,1.75,3.5,5.0,1.75,3.6,4.8,1.75,3.6,4.9,1.81,3.64,5.11,1.75,3.5,5.0,1.8,3.5,5.0,1.84,3.75,5.37,1.78,3.62,4.95,2.1,1.72,2.23,1.72,2.23,1.81,2.13,1.74,-0.75,2.05,1.85,2.07,1.87,2.07,1.9,2.02,1.86
11,E0,13/08/2022,15:00,Arsenal,Leicester,4,2,H,2,0,H,D England,19,6,7,2,15,9,6,2,1,1,0,0,1.53,4.33,5.75,1.52,4.4,6.0,1.53,4.4,5.75,1.58,4.34,6.22,1.53,4.2,5.8,1.5,4.2,6.0,1.6,4.65,6.42,1.55,4.37,6.04,1.66,2.2,1.71,2.25,1.76,2.3,1.69,2.21,-1.0,1.92,1.98,1.96,1.96,1.98,2.04,1.91,1.96,1.55,4.33,5.5,1.57,4.33,5.5,1.53,4.2,6.25,1.58,4.42,5.97,1.55,4.2,5.8,1.55,4.4,6.0,1.6,4.7,6.25,1.57,4.4,5.89,1.66,2.2,1.73,2.22,1.76,2.34,1.68,2.22,-1.0,1.98,1.92,1.96,1.96,1.99,2.0,1.94,1.94
12,E0,13/08/2022,15:00,Brighton,Newcastle,0,0,D,0,0,D,G Scott,13,4,7,1,8,6,7,3,2,3,0,0,2.45,3.2,3.0,2.35,3.25,3.1,2.45,3.2,3.05,2.48,3.24,3.22,2.38,3.25,3.0,2.38,3.13,3.1,2.54,3.46,3.27,2.44,3.25,3.1,2.1,1.72,2.19,1.75,2.21,1.79,2.13,1.73,-0.25,2.07,1.83,2.11,1.83,2.12,1.89,2.07,1.82,2.37,3.3,3.0,2.4,3.2,3.0,2.45,3.25,3.0,2.5,3.3,3.14,2.38,3.2,3.1,2.4,3.25,3.2,2.56,3.38,3.21,2.44,3.28,3.1,2.1,1.72,2.2,1.74,2.2,1.81,2.14,1.73,-0.25,2.11,1.79,2.13,1.82,2.14,1.84,2.08,1.81
13,E0,13/08/2022,15:00,Man City,Bournemouth,4,0,H,3,0,H,D Coote,19,3,7,1,9,9,11,1,0,3,0,0,1.06,13.0,29.0,1.07,12.5,41.0,1.08,12.0,27.0,1.07,13.82,41.0,1.05,13.0,34.0,1.06,11.0,31.0,1.09,16.0,50.0,1.07,12.72,37.57,1.33,3.4,1.33,3.45,1.38,3.55,1.33,3.35,-2.75,1.88,2.02,1.87,2.03,1.9,2.06,1.87,2.01,1.08,12.0,21.0,1.09,11.5,26.0,1.08,12.0,24.0,1.08,13.5,36.0,1.06,11.0,34.0,1.06,13.0,41.0,1.09,15.0,41.0,1.08,12.66,32.0,1.28,3.75,1.33,3.41,1.34,3.99,1.29,3.67,-2.75,1.95,1.95,1.94,1.94,1.98,2.02,1.92,1.95
14,E0,13/08/2022,15:00,Southampton,Leeds,2,2,D,0,0,D,T Harrington,14,13,4,5,10,12,2,5,1,3,0,0,2.25,3.5,3.1,2.25,3.4,3.1,2.3,3.45,3.1,2.34,3.55,3.18,2.25,3.4,3.1,2.25,3.4,3.0,2.4,3.64,3.2,2.32,3.51,3.1,1.72,2.1,1.75,2.19,1.79,2.2,1.73,2.13,-0.25,2.01,1.89,2.02,1.9,2.04,1.91,2.0,1.87,2.4,3.5,2.8,2.4,3.5,2.8,2.45,3.4,2.9,2.44,3.64,2.96,2.5,3.4,2.75,2.4,3.6,2.88,2.57,3.65,3.0,2.44,3.57,2.87,1.61,2.3,1.67,2.33,1.73,2.45,1.65,2.28,-0.25,2.09,1.81,2.12,1.83,2.13,1.84,2.1,1.79
15,E0,13/08/2022,15:00,Wolves,Fulham,0,0,D,0,0,D,J Brooks,7,9,1,3,7,14,5,3,3,3,0,0,2.3,3.3,3.2,2.35,3.25,3.1,2.4,3.25,3.1,2.44,3.24,3.29,2.35,3.25,3.1,2.3,3.2,3.1,2.48,3.46,3.29,2.4,3.28,3.15,2.1,1.72,2.18,1.75,2.2,1.79,2.11,1.75,-0.25,2.04,1.86,2.07,1.86,2.07,1.89,2.04,1.84,2.2,3.4,3.3,2.2,3.3,3.3,2.2,3.4,3.3,2.23,3.48,3.5,2.2,3.25,3.4,2.15,3.4,3.5,2.29,3.5,3.59,2.22,3.41,3.41,1.97,1.93,2.0,1.91,2.02,2.03,1.96,1.88,-0.25,1.9,2.0,1.92,2.01,1.95,2.05,1.9,1.98
16,E0,13/08/2022,17:30,Brentford,Man United,4,0,H,4,0,H,S Attwell,13,15,7,4,6,15,8,2,0,4,0,0,3.75,3.5,2.0,3.7,3.5,2.0,3.65,3.55,2.0,3.82,3.64,2.06,3.8,3.5,1.95,3.6,3.5,1.95,4.04,3.65,2.08,3.77,3.56,2.02,1.8,2.0,1.83,2.08,1.86,2.11,1.82,2.02,0.5,1.87,2.03,1.88,2.06,1.92,2.08,1.85,2.03,4.5,3.75,1.75,3.6,3.5,2.0,4.3,3.65,1.85,4.65,4.09,1.78,4.75,3.6,1.75,4.4,3.9,1.8,5.05,4.09,1.97,4.35,3.86,1.83,1.72,2.1,1.74,2.23,1.8,2.36,1.71,2.18,0.5,2.08,1.73,2.17,1.78,2.19,1.95,2.04,1.84
17,E0,14/08/2022,14:00,Nott'm Forest,West Ham,1,0,H,1,0,H,R Jones,13,19,6,5,10,11,6,7,4,1,0,0,4.2,3.6,1.85,4.1,3.6,1.87,4.1,3.6,1.9,4.28,3.72,1.92,4.2,3.5,1.85,4.1,3.5,1.85,4.4,3.75,1.94,4.21,3.64,1.9,1.92,1.98,1.9,2.01,1.95,2.01,1.9,1.93,0.5,2.0,1.9,2.0,1.92,2.02,1.92,1.98,1.89,3.8,3.5,1.95,3.9,3.6,1.9,3.95,3.5,1.95,4.03,3.68,1.99,4.2,3.4,1.91,4.0,3.6,1.95,4.48,3.8,2.02,4.01,3.62,1.95,1.91,1.99,1.92,2.01,1.92,2.03,1.88,1.96,0.5,1.9,2.0,1.93,1.99,1.96,2.04,1.92,1.95
18,E0,14/08/2022,16:30,Chelsea,Tottenham,2,2,D,1,0,H,A Taylor,16,10,3,5,9,9,8,5,3,0,0,0,2.25,3.4,3.2,2.25,3.4,3.1,2.3,3.35,3.15,2.28,3.52,3.35,2.25,3.3,3.2,2.2,3.3,3.2,2.38,3.55,3.36,2.29,3.44,3.21,1.98,1.92,1.98,1.92,2.02,1.97,1.94,1.89,-0.25,1.95,1.95,1.96,1.96,1.99,1.98,1.96,1.92,2.1,3.5,3.5,2.15,3.4,3.3,2.15,3.35,3.45,2.17,3.53,3.61,2.2,3.3,3.3,2.15,3.5,3.5,2.25,3.6,3.65,2.16,3.49,3.48,1.95,1.95,1.95,1.95,1.99,2.03,1.92,1.93,-0.25,1.86,2.04,1.87,2.07,1.92,2.07,1.86,2.02
19,E0,15/08/2022,20:00,Liverpool,Crystal Palace,1,1,D,0,1,A,P Tierney,24,7,4,3,7,8,4,2,2,4,1,0,1.18,6.75,16.0,1.2,6.75,15.0,1.2,6.75,15.0,1.2,7.09,18.57,1.18,6.5,17.0,1.15,7.0,17.0,1.23,7.23,19.0,1.2,6.85,16.33,1.57,2.37,1.57,2.52,1.57,2.57,1.55,2.46,-2.0,2.01,1.89,2.04,1.87,2.06,1.93,2.0,1.86,1.28,5.75,11.0,1.28,5.75,10.5,1.3,5.75,11.0,1.29,6.25,12.0,1.27,5.5,12.0,1.25,6.0,13.0,1.3,7.0,14.5,1.27,6.1,11.72,1.57,2.37,1.61,2.42,1.63,2.47,1.59,2.4,-1.75,2.06,1.84,2.08,1.83,2.08,2.09,2.02,1.86
20,E0,20/08/2022,12:30,Tottenham,Wolves,1,0,H,0,0,D,S Hooper,11,20,4,3,10,8,8,6,2,2,0,0,1.4,4.75,7.5,1.39,4.8,7.75,1.4,4.8,7.5,1.43,4.94,7.95,1.38,4.6,8.5,1.4,4.8,8.5,1.44,5.14,8.5,1.41,4.88,7.96,1.72,2.1,1.74,2.21,1.76,2.21,1.73,2.14,-1.25,1.95,1.95,1.99,1.93,1.99,2.0,1.91,1.95,1.4,4.75,7.5,1.44,4.6,6.75,1.45,4.6,6.75,1.48,4.88,6.99,1.42,4.4,7.5,1.44,4.6,7.5,1.49,5.08,8.5,1.45,4.8,7.17,1.61,2.3,1.69,2.28,1.76,2.34,1.67,2.24,-1.25,2.03,1.87,2.05,1.88,2.06,1.98,2.0,1.88
21,E0,20/08/2022,15:00,Crystal Palace,Aston Villa,3,1,H,1,1,D,A Madley,17,13,9,5,16,14,4,2,2,1,0,0,2.5,3.25,2.9,2.5,3.2,2.87,2.5,3.2,2.95,2.58,3.19,3.12,2.5,3.2,2.9,2.45,3.13,2.9,2.6,3.35,3.16,2.52,3.2,3.0,2.2,1.66,2.27,1.7,2.29,1.75,2.19,1.69,0.0,1.78,2.13,1.79,2.17,1.82,2.17,1.78,2.12,2.45,3.2,3.0,2.45,3.1,3.0,2.45,3.2,3.0,2.56,3.26,3.08,2.38,3.25,3.0,2.55,3.2,3.0,2.61,3.3,3.25,2.5,3.22,3.06,2.2,1.66,2.27,1.7,2.34,1.74,2.24,1.67,-0.25,2.08,1.73,2.17,1.78,2.19,1.83,2.12,1.77
22,E0,20/08/2022,15:00,Everton,Nott'm Forest,1,1,D,0,0,D,A Marriner,19,14,8,5,6,9,6,2,3,2,0,0,1.9,3.6,4.0,1.9,3.5,4.0,1.97,3.45,3.85,2.0,3.45,4.27,1.91,3.5,4.0,1.93,3.3,4.0,2.02,3.64,4.3,1.97,3.48,4.05,2.1,1.72,2.1,1.81,2.12,1.82,2.06,1.78,-0.5,1.98,1.92,2.0,1.93,2.02,1.94,1.98,1.9,1.85,3.6,4.2,1.85,3.4,4.4,1.9,3.55,4.3,1.89,3.58,4.62,1.85,3.4,4.4,1.87,3.5,4.5,1.99,3.7,4.62,1.91,3.52,4.33,2.1,1.72,2.18,1.77,2.2,1.85,2.11,1.75,-0.5,1.86,2.04,1.89,2.03,1.96,2.08,1.9,1.97
23,E0,20/08/2022,15:00,Fulham,Brentford,3,2,H,2,1,H,P Bankes,18,13,9,5,13,7,6,3,3,2,0,0,2.45,3.4,2.9,2.37,3.3,2.95,2.45,3.4,2.9,2.52,3.53,2.93,2.4,3.4,2.88,2.38,3.3,2.9,2.62,3.54,3.04,2.46,3.42,2.92,1.96,1.94,1.93,1.97,2.05,1.98,1.93,1.9,-0.25,2.1,1.8,2.16,1.78,2.16,1.84,2.11,1.78,2.62,3.4,2.7,2.6,3.3,2.65,2.65,3.35,2.7,2.7,3.44,2.8,2.62,3.25,2.7,2.63,3.4,2.75,2.75,3.49,2.8,2.67,3.38,2.73,1.91,1.99,1.92,1.99,1.94,2.03,1.89,1.95,0.0,1.9,2.0,1.93,2.0,1.94,2.02,1.91,1.97
24,E0,20/08/2022,15:00,Leicester,Southampton,1,2,A,0,0,D,M Salisbury,6,9,1,3,11,15,2,5,2,3,0,0,1.83,4.0,4.0,1.87,3.8,3.9,1.83,3.9,3.95,1.86,4.09,4.12,1.85,3.75,3.9,1.8,3.75,4.0,1.88,4.1,4.2,1.85,3.97,4.01,1.61,2.3,1.64,2.39,1.67,2.39,1.63,2.29,-0.5,1.84,2.06,1.86,2.07,1.88,2.11,1.84,2.04,1.72,4.0,4.33,1.73,4.0,4.33,1.75,4.1,4.3,1.78,4.18,4.51,1.7,3.9,4.6,1.75,4.0,4.6,1.92,4.2,4.6,1.77,4.1,4.38,1.57,2.37,1.6,2.42,1.7,2.47,1.6,2.37,-0.75,1.95,1.95,1.98,1.94,2.14,1.98,1.98,1.9
25,E0,20/08/2022,17:30,Bournemouth,Arsenal,0,3,A,0,2,A,C Pawson,6,14,1,6,12,10,3,4,2,1,0,0,8.0,4.75,1.4,7.25,4.6,1.42,7.25,4.7,1.43,7.55,4.8,1.46,8.0,4.5,1.4,8.0,4.4,1.4,8.01,4.9,1.47,7.65,4.7,1.43,1.72,2.1,1.81,2.1,1.82,2.14,1.76,2.09,1.25,1.91,1.99,1.92,2.01,1.96,2.03,1.9,1.97,7.5,4.75,1.4,7.0,4.5,1.44,7.0,4.6,1.45,7.26,4.82,1.47,8.0,4.5,1.4,8.5,4.8,1.4,8.5,4.9,1.48,7.54,4.72,1.44,1.72,2.1,1.81,2.1,1.9,2.12,1.78,2.07,1.25,1.9,2.0,1.88,2.05,1.93,2.05,1.88,1.99
26,E0,21/08/2022,14:00,Leeds,Chelsea,3,0,H,2,0,H,S Attwell,12,14,6,3,16,15,4,6,0,1,0,1,5.75,4.5,1.53,5.75,4.33,1.55,5.75,4.4,1.55,6.23,4.6,1.54,5.25,4.33,1.57,6.0,4.2,1.5,6.23,4.6,1.6,5.93,4.43,1.55,1.66,2.2,1.68,2.31,1.77,2.32,1.68,2.21,1.0,2.01,1.89,2.03,1.9,2.05,1.95,1.97,1.9,5.75,4.75,1.5,6.0,4.4,1.51,5.5,4.5,1.55,6.14,4.63,1.55,5.5,4.5,1.52,6.5,4.6,1.5,6.5,4.84,1.57,6.03,4.58,1.53,1.61,2.3,1.65,2.35,1.67,2.45,1.62,2.32,1.0,2.06,1.84,2.06,1.87,2.12,1.94,2.03,1.84
27,E0,21/08/2022,14:00,West Ham,Brighton,0,2,A,0,1,A,A Taylor,13,11,3,2,10,7,5,4,2,0,0,0,2.3,3.4,3.1,2.25,3.4,3.1,2.35,3.4,3.05,2.34,3.52,3.22,2.25,3.4,3.1,2.25,3.25,3.1,2.42,3.52,3.29,2.32,3.41,3.14,1.99,1.91,1.98,1.93,2.01,1.93,1.96,1.85,-0.25,2.01,1.89,2.01,1.91,2.04,1.93,2.0,1.87,2.5,3.4,2.8,2.5,3.3,2.8,2.45,3.35,2.9,2.6,3.42,2.9,2.4,3.2,3.0,2.55,3.3,2.88,2.65,3.5,3.24,2.52,3.37,2.91,1.99,1.91,1.97,1.93,2.12,1.93,1.97,1.86,0.0,1.83,2.07,1.86,2.08,1.86,2.12,1.81,2.08
28,E0,21/08/2022,16:30,Newcastle,Man City,3,3,D,2,1,H,J Gillett,12,21,6,10,14,7,5,5,4,2,0,0,7.5,5.0,1.36,8.0,5.0,1.38,8.0,5.0,1.37,9.43,5.22,1.37,9.0,4.8,1.35,8.5,5.0,1.33,9.5,5.35,1.41,8.67,5.11,1.37,1.66,2.2,1.68,2.3,1.75,2.42,1.65,2.26,1.25,2.06,1.84,2.07,1.86,2.08,1.86,2.05,1.83,6.5,4.75,1.44,6.5,4.75,1.44,6.75,4.8,1.45,7.0,5.0,1.47,7.0,4.5,1.44,7.5,4.75,1.44,7.9,5.2,1.49,6.94,4.92,1.45,1.57,2.37,1.61,2.45,1.65,2.53,1.6,2.37,1.25,1.86,2.04,1.88,2.04,2.04,2.09,1.9,1.97
29,E0,22/08/2022,20:00,Man United,Liverpool,2,1,H,1,0,H,M Oliver,12,17,4,5,11,7,6,8,3,1,0,0,5.25,4.33,1.6,4.8,4.4,1.6,4.9,4.4,1.6,5.39,4.35,1.64,5.25,4.33,1.57,5.25,4.2,1.55,5.6,4.7,1.65,5.22,4.38,1.6,1.5,2.62,1.52,2.65,1.55,2.69,1.5,2.58,1.0,1.88,2.02,1.88,2.04,1.96,2.04,1.88,1.99,4.75,4.2,1.66,4.5,4.33,1.66,4.5,4.2,1.7,4.65,4.5,1.7,4.5,4.0,1.7,4.5,4.33,1.7,4.83,4.6,1.74,4.59,4.37,1.7,1.5,2.62,1.54,2.61,1.54,2.85,1.5,2.6,0.75,2.03,1.87,2.05,1.88,2.07,1.9,2.01,1.86
30,E0,27/08/2022,12:30,Southampton,Man United,0,1,A,0,0,D,A Madley,17,11,5,6,4,14,5,3,0,3,0,0,4.2,4.0,1.8,4.2,3.9,1.78,4.2,4.0,1.77,4.31,4.0,1.85,4.2,4.0,1.75,4.33,4.0,1.8,4.5,4.35,1.85,4.27,4.06,1.8,1.57,2.37,1.66,2.34,1.66,2.5,1.59,2.39,0.75,1.87,2.03,1.83,2.08,1.9,2.08,1.86,2.01,3.4,3.8,1.95,3.5,3.8,1.98,3.65,3.7,1.97,3.65,3.95,2.02,3.6,3.7,1.95,3.7,3.9,1.95,4.3,4.1,2.07,3.68,3.93,1.96,1.57,2.37,1.61,2.44,1.65,2.53,1.59,2.4,0.5,1.9,2.0,1.91,2.02,2.1,2.02,1.93,1.94
31,E0,27/08/2022,15:00,Brentford,Everton,1,1,D,0,1,A,J Brooks,19,14,5,7,8,8,8,5,2,2,0,0,2.0,3.5,3.75,2.0,3.4,3.7,2.05,3.45,3.7,2.1,3.49,3.84,2.05,3.4,3.6,2.0,3.3,3.75,2.16,3.58,3.92,2.06,3.47,3.77,2.06,1.84,2.1,1.81,2.11,1.85,2.04,1.8,-0.5,2.07,1.83,2.1,1.84,2.1,1.89,2.05,1.84,2.05,3.3,3.8,2.1,3.4,3.6,2.1,3.35,3.65,2.08,3.51,3.91,2.0,3.4,3.7,2.1,3.4,3.7,2.19,3.6,3.91,2.1,3.44,3.72,2.03,1.87,2.06,1.85,2.08,1.9,2.02,1.82,-0.5,2.06,1.84,2.08,1.86,2.16,1.86,2.08,1.8
32,E0,27/08/2022,15:00,Brighton,Leeds,1,0,H,0,0,D,M Salisbury,13,10,4,2,10,14,5,3,2,3,0,0,1.9,3.8,3.8,1.88,3.6,3.5,1.9,3.7,3.9,1.93,3.72,4.24,1.85,3.7,4.0,1.85,3.6,4.0,1.96,3.85,4.24,1.91,3.73,4.04,1.88,2.02,1.9,2.01,1.91,2.08,1.82,2.01,-0.5,1.91,1.99,1.93,2.0,1.94,2.0,1.9,1.98,1.66,4.0,5.25,1.7,3.9,4.2,1.75,3.8,4.6,1.74,3.98,5.09,1.73,3.7,4.8,1.73,3.8,5.0,1.92,4.0,5.25,1.75,3.9,4.8,1.86,2.04,1.88,2.02,1.91,2.07,1.85,1.99,-0.75,1.93,1.97,1.94,1.98,2.12,2.01,1.96,1.92
33,E0,27/08/2022,15:00,Chelsea,Leicester,2,1,H,0,0,D,P Tierney,7,17,3,5,10,7,3,11,1,2,1,0,1.4,5.0,7.0,1.41,4.75,7.25,1.43,4.9,7.0,1.45,4.86,7.66,1.4,4.75,7.5,1.4,4.5,7.5,1.46,5.2,8.2,1.42,4.93,7.52,1.61,2.3,1.71,2.25,1.71,2.39,1.64,2.28,-1.25,1.96,1.94,2.0,1.92,1.97,2.0,1.92,1.95,1.4,5.0,7.5,1.39,5.0,7.5,1.43,4.9,7.0,1.41,5.2,7.99,1.36,4.75,8.5,1.36,5.0,9.0,1.45,5.35,9.0,1.41,5.06,7.7,1.61,2.3,1.67,2.33,1.69,2.43,1.63,2.32,-1.25,1.86,2.04,1.88,2.05,1.95,2.08,1.88,2.0
34,E0,27/08/2022,15:00,Liverpool,Bournemouth,9,0,H,5,0,H,S Attwell,19,5,12,2,6,5,8,1,0,1,0,0,1.1,10.0,26.0,1.1,10.5,29.0,1.12,9.5,22.0,1.13,10.48,23.11,1.1,9.5,21.0,1.06,10.5,29.0,1.14,11.0,34.0,1.11,10.17,25.51,1.36,3.2,1.36,3.31,1.4,3.31,1.36,3.16,-2.5,1.86,2.04,1.88,2.03,1.96,2.11,1.89,1.98,1.14,8.0,17.0,1.16,8.5,16.0,1.15,8.25,17.0,1.15,9.25,19.5,1.14,8.5,17.0,1.13,9.5,22.0,1.17,11.0,23.0,1.15,8.99,18.65,1.3,3.5,1.35,3.34,1.43,3.5,1.34,3.28,-2.25,1.91,1.99,1.93,1.97,1.95,2.27,1.87,2.01
35,E0,27/08/2022,15:00,Man City,Crystal Palace,4,2,H,0,2,A,D England,18,2,5,2,14,8,6,1,1,2,0,0,1.18,7.5,13.0,1.19,7.25,12.5,1.2,7.5,13.0,1.2,7.5,16.26,1.18,7.0,15.0,1.15,7.0,17.0,1.22,8.2,18.0,1.19,7.56,15.25,1.44,2.75,1.5,2.69,1.5,2.87,1.45,2.77,-2.0,1.91,1.99,1.94,1.96,1.94,2.06,1.9,1.97,1.2,7.0,15.0,1.19,7.25,12.5,1.2,7.5,13.0,1.2,7.75,16.0,1.18,7.0,15.0,1.18,7.5,15.0,1.22,8.05,17.79,1.2,7.51,15.24,1.5,2.62,1.5,2.69,1.52,3.0,1.48,2.66,-2.0,1.97,1.93,1.95,1.95,2.01,1.99,1.93,1.94
36,E0,27/08/2022,17:30,Arsenal,Fulham,2,1,H,0,0,D,J Gillett,22,11,8,3,6,12,9,2,2,3,0,0,1.3,5.75,9.0,1.3,5.75,9.25,1.35,5.25,8.25,1.33,5.83,9.75,1.29,5.5,9.5,1.29,5.5,10.0,1.36,6.1,10.0,1.32,5.77,9.44,1.5,2.62,1.52,2.66,1.54,2.75,1.49,2.62,-1.5,1.87,2.03,1.88,2.05,1.91,2.07,1.86,2.01,1.4,5.5,6.5,1.39,5.0,7.25,1.4,5.5,7.0,1.42,5.35,7.5,1.36,5.0,8.0,1.36,5.25,8.5,1.43,5.8,9.5,1.39,5.32,7.66,1.53,2.5,1.57,2.54,1.59,2.66,1.54,2.5,-1.5,2.02,1.77,2.15,1.79,2.15,2.04,2.03,1.84
37,E0,28/08/2022,14:00,Aston Villa,West Ham,0,1,A,0,0,D,D Coote,9,7,3,2,10,10,3,2,2,0,0,0,2.3,3.4,3.1,2.2,3.4,3.2,2.3,3.4,3.15,2.41,3.41,3.18,2.25,3.4,3.1,2.2,3.4,3.13,2.41,3.6,3.3,2.3,3.43,3.18,1.91,1.99,1.93,1.98,1.94,2.01,1.88,1.95,-0.25,1.99,1.91,2.07,1.87,2.07,1.96,1.97,1.9,2.1,3.5,3.75,2.1,3.4,3.5,2.1,3.4,3.55,2.12,3.53,3.74,2.1,3.4,3.5,2.1,3.4,3.7,2.23,3.62,3.9,2.12,3.45,3.66,1.94,1.96,1.95,1.95,2.06,2.03,1.94,1.89,-0.5,2.05,1.75,2.11,1.82,2.14,1.88,2.09,1.8
38,E0,28/08/2022,14:00,Wolves,Newcastle,1,1,D,1,0,H,P Bankes,10,21,4,6,10,11,4,13,2,1,0,0,2.7,3.3,2.7,2.65,3.2,2.7,2.7,3.2,2.7,2.76,3.32,2.79,2.7,3.25,2.62,2.7,3.13,2.63,2.86,3.46,2.79,2.75,3.26,2.7,2.1,1.72,2.15,1.78,2.19,1.84,2.11,1.75,0.0,1.97,1.93,1.95,1.97,2.01,1.96,1.96,1.91,2.45,3.25,2.9,2.5,3.25,2.87,2.5,3.25,2.9,2.59,3.3,3.0,2.5,3.25,2.8,2.55,3.3,2.9,2.75,3.46,3.0,2.56,3.3,2.92,2.1,1.72,2.1,1.81,2.13,1.89,2.05,1.8,-0.25,2.08,1.73,2.2,1.75,2.23,1.8,2.14,1.75
39,E0,28/08/2022,16:30,Nott'm Forest,Tottenham,0,2,A,0,1,A,C Pawson,17,18,1,7,11,13,6,1,6,1,0,0,7.0,4.6,1.44,6.75,4.5,1.46,6.75,4.5,1.45,7.15,4.63,1.49,7.0,4.4,1.44,7.0,4.2,1.44,7.5,4.8,1.51,6.98,4.59,1.47,1.72,2.1,1.79,2.13,1.79,2.2,1.74,2.12,1.25,1.81,2.09,1.83,2.12,1.85,2.12,1.82,2.06,7.0,4.75,1.45,6.5,4.6,1.46,6.5,4.6,1.47,7.1,5.05,1.45,7.5,4.4,1.44,7.5,4.6,1.44,7.53,5.05,1.51,6.89,4.77,1.46,1.61,2.3,1.66,2.35,1.75,2.47,1.64,2.3,1.25,1.87,2.03,1.88,2.06,1.95,2.1,1.86,2.01
40,E0,30/08/2022,19:30,Crystal Palace,Brentford,1,1,D,0,0,D,S Hooper,13,9,4,3,11,8,4,6,1,2,0,0,2.05,3.4,3.6,2.1,3.3,3.6,2.1,3.35,3.6,2.11,3.47,3.83,2.05,3.4,3.6,2.1,3.4,3.75,2.16,3.58,3.9,2.1,3.42,3.72,2.1,1.72,2.12,1.79,2.17,1.84,2.09,1.77,-0.5,2.02,1.77,2.11,1.83,2.12,1.83,2.08,1.8,2.05,3.4,3.6,2.05,3.4,3.6,2.1,3.35,3.65,2.12,3.49,3.78,2.05,3.4,3.6,2.1,3.4,3.7,2.16,3.6,3.94,2.09,3.47,3.69,1.98,1.92,2.01,1.9,2.05,2.03,1.98,1.86,-0.5,2.02,1.77,2.11,1.81,2.14,1.85,2.07,1.81
41,E0,30/08/2022,19:30,Fulham,Brighton,2,1,H,0,0,D,T Bramall,10,7,3,4,9,11,3,3,2,1,0,0,3.1,3.3,2.3,3.1,3.3,2.3,3.15,3.3,2.3,3.26,3.44,2.36,3.2,3.2,2.3,3.2,3.3,2.38,3.44,3.45,2.4,3.21,3.35,2.33,2.01,1.89,2.04,1.87,2.08,1.9,2.01,1.83,0.25,1.89,2.01,1.9,2.02,1.9,2.04,1.87,1.99,3.3,3.2,2.3,3.25,3.2,2.3,3.35,3.2,2.25,3.36,3.29,2.38,3.3,3.2,2.25,3.3,3.25,2.3,3.47,3.34,2.44,3.34,3.26,2.32,2.2,1.66,2.18,1.76,2.25,1.84,2.16,1.72,0.25,1.87,2.03,1.9,2.03,1.94,2.04,1.9,1.97
42,E0,30/08/2022,19:45,Southampton,Chelsea,2,1,H,2,1,H,M Oliver,9,10,7,4,15,10,5,3,2,1,0,0,5.25,4.0,1.61,5.0,4.0,1.63,5.5,3.95,1.63,5.28,4.24,1.67,5.25,4.0,1.62,5.5,4.0,1.65,5.5,4.3,1.69,5.22,4.16,1.65,1.72,2.1,1.78,2.14,1.81,2.17,1.75,2.11,0.75,2.07,1.83,2.09,1.85,2.09,1.86,2.06,1.82,5.0,4.0,1.65,4.8,4.0,1.66,5.25,3.95,1.65,5.22,4.11,1.69,5.5,3.9,1.62,5.5,4.0,1.65,5.6,4.27,1.71,5.18,4.1,1.67,1.72,2.1,1.82,2.08,1.83,2.17,1.76,2.09,0.75,2.05,1.85,2.05,1.88,2.11,1.88,2.06,1.83
43,E0,30/08/2022,20:00,Leeds,Everton,1,1,D,0,1,A,D England,14,7,5,2,10,9,10,2,3,3,0,0,2.15,3.5,3.3,2.1,3.5,3.3,2.15,3.5,3.35,2.16,3.61,3.53,2.1,3.4,3.4,2.15,3.5,3.5,2.18,3.72,3.58,2.14,3.57,3.46,1.87,2.03,1.87,2.05,1.91,2.07,1.84,1.99,-0.25,1.87,2.03,1.87,2.06,1.88,2.11,1.84,2.04,2.05,3.6,3.4,2.1,3.5,3.4,2.15,3.55,3.35,2.17,3.65,3.49,2.1,3.4,3.5,2.1,3.6,3.5,2.17,3.7,3.75,2.12,3.6,3.47,1.84,2.06,1.86,2.06,1.87,2.13,1.82,2.03,-0.25,1.86,2.04,1.88,2.06,1.88,2.09,1.84,2.04
44,E0,31/08/2022,19:30,Arsenal,Aston Villa,2,1,H,1,0,H,R Jones,22,4,9,3,10,14,10,3,2,3,0,0,1.45,4.5,6.0,1.46,4.5,7.0,1.47,4.6,6.75,1.5,4.67,6.97,1.44,4.4,7.0,1.4,4.4,7.5,1.5,4.8,7.5,1.47,4.63,7.0,1.72,2.1,1.78,2.15,1.82,2.17,1.75,2.11,-1.25,2.06,1.84,2.12,1.83,2.12,1.88,2.04,1.84,1.5,4.5,6.0,1.53,4.2,6.0,1.53,4.4,5.75,1.55,4.57,6.27,1.52,4.2,6.0,1.53,4.5,6.0,1.59,4.6,6.7,1.54,4.46,6.08,1.66,2.2,1.71,2.24,1.75,2.29,1.68,2.22,-1.0,1.9,2.0,1.91,2.02,1.98,2.05,1.88,1.98
45,E0,31/08/2022,19:30,Bournemouth,Wolves,0,0,D,0,0,D,A Taylor,5,17,2,4,12,12,2,5,2,1,0,0,3.5,3.3,2.15,3.5,3.3,1.98,3.5,3.35,2.15,3.52,3.43,2.24,3.5,3.4,2.1,3.4,3.2,2.15,3.67,3.54,2.24,3.53,3.38,2.16,2.1,1.72,2.15,1.78,2.18,1.81,2.11,1.75,0.25,2.02,1.88,2.01,1.92,2.07,1.92,2.01,1.86,3.2,3.25,2.3,3.25,3.2,2.15,3.2,3.2,2.35,3.4,3.32,2.34,3.3,3.2,2.25,3.4,3.2,2.3,3.4,3.44,2.43,3.3,3.26,2.34,2.2,1.66,2.25,1.71,2.31,1.73,2.23,1.68,0.25,1.9,2.0,1.93,2.0,1.93,2.06,1.88,1.99
46,E0,31/08/2022,19:30,Man City,Nott'm Forest,6,0,H,3,0,H,P Tierney,17,8,9,1,9,7,10,1,0,1,0,0,1.06,13.0,29.0,1.08,12.5,34.0,1.07,12.0,28.0,1.08,13.43,31.06,1.06,12.0,29.0,1.06,11.5,29.0,1.1,14.5,43.0,1.08,12.84,30.99,1.22,4.33,1.33,3.16,1.27,4.33,1.24,4.07,-3.0,2.02,1.88,2.02,1.87,2.06,1.91,2.01,1.86,1.08,11.0,23.0,1.09,12.0,26.0,1.1,10.0,22.0,1.1,12.5,26.0,1.07,11.0,29.0,1.06,12.0,31.0,1.12,13.0,36.0,1.09,11.93,27.15,1.25,4.0,1.33,3.16,1.27,4.55,1.24,4.06,-2.75,1.92,1.98,1.93,1.96,1.99,2.01,1.91,1.97
47,E0,31/08/2022,19:45,West Ham,Tottenham,1,1,D,0,1,A,P Bankes,14,13,4,4,10,9,3,4,2,5,0,0,3.6,3.8,1.95,3.4,3.6,1.95,3.55,3.7,2.0,3.67,3.84,2.04,3.7,3.6,1.95,3.6,3.5,1.95,3.8,3.9,2.08,3.63,3.74,2.01,1.72,2.1,1.77,2.15,1.81,2.17,1.75,2.1,0.5,1.86,2.04,1.88,2.04,1.89,2.07,1.86,2.01,3.2,3.6,2.2,3.0,3.5,2.15,3.2,3.5,2.2,3.29,3.51,2.3,3.3,3.4,2.15,3.25,3.5,2.25,3.76,3.72,2.3,3.31,3.56,2.2,1.89,2.01,1.88,2.03,1.91,2.04,1.85,1.99,0.25,1.93,1.97,1.94,1.98,2.0,2.02,1.95,1.92
48,E0,31/08/2022,20:00,Liverpool,Newcastle,2,1,H,0,1,A,A Marriner,23,5,6,2,9,10,13,0,0,2,0,0,1.33,5.25,9.0,1.3,5.75,9.5,1.3,5.75,9.0,1.33,5.89,9.75,1.29,5.5,10.0,1.29,5.5,10.0,1.34,6.25,11.0,1.31,5.81,9.58,1.5,2.62,1.51,2.69,1.52,2.72,1.49,2.61,-1.5,1.87,2.03,1.91,2.02,1.92,2.07,1.86,2.01,1.28,6.0,10.0,1.29,6.0,9.5,1.27,6.25,9.5,1.29,6.26,10.61,1.27,5.8,10.0,1.29,6.0,10.5,1.36,6.8,11.5,1.29,6.22,10.29,1.4,3.0,1.41,3.05,1.45,3.12,1.4,2.96,-1.5,1.7,2.1,1.76,2.17,1.97,2.26,1.78,2.12
49,E0,01/09/2022,20:00,Leicester,Man United,0,1,A,0,1,A,C Pawson,10,9,2,2,7,15,1,3,1,3,0,0,3.4,3.75,2.05,3.4,3.75,2.0,3.3,3.75,2.05,3.45,3.86,2.11,3.3,3.7,2.05,3.4,3.6,2.0,3.54,4.0,2.14,3.41,3.81,2.07,1.66,2.2,1.67,2.33,1.71,2.42,1.63,2.3,0.5,1.77,2.02,1.82,2.1,1.85,2.11,1.82,2.06,3.1,3.75,2.15,3.1,3.7,2.15,3.2,3.6,2.2,3.2,3.76,2.25,3.2,3.6,2.15,3.2,3.7,2.2,3.56,3.88,2.25,3.24,3.75,2.16,1.61,2.3,1.69,2.29,1.73,2.45,1.65,2.28,0.25,2.0,1.9,1.96,1.96,2.06,1.96,1.99,1.89
50,E0,03/09/2022,12:30,Everton,Liverpool,0,0,D,0,0,D,A Taylor,14,23,3,8,7,11,7,9,2,2,0,0,7.0,4.75,1.4,7.25,5.0,1.4,7.25,5.0,1.4,8.08,5.21,1.41,8.0,4.75,1.38,8.5,5.0,1.4,8.5,5.39,1.44,7.77,5.06,1.4,1.57,2.37,1.6,2.47,1.63,2.51,1.58,2.4,1.25,2.04,1.86,2.08,1.85,2.08,1.89,2.02,1.86,7.5,4.75,1.36,7.0,5.25,1.39,7.75,4.6,1.43,7.8,5.4,1.4,8.0,4.8,1.38,8.0,5.0,1.36,8.28,5.5,1.44,7.63,5.19,1.4,1.5,2.62,1.52,2.65,1.65,2.66,1.52,2.56,1.5,1.8,2.0,1.83,2.11,1.87,2.17,1.81,2.08
51,E0,03/09/2022,15:00,Brentford,Leeds,5,2,H,2,1,H,R Jones,14,17,8,6,8,9,2,6,2,2,0,0,2.1,3.5,3.4,2.1,3.6,3.2,2.15,3.55,3.3,2.21,3.59,3.44,2.15,3.5,3.2,2.1,3.5,3.25,2.25,3.75,3.45,2.17,3.59,3.33,1.72,2.1,1.76,2.17,1.79,2.17,1.75,2.1,-0.25,1.89,2.01,1.91,2.02,1.92,2.06,1.88,1.99,2.1,3.6,3.3,2.15,3.5,3.25,2.15,3.55,3.3,2.17,3.57,3.55,2.1,3.5,3.4,2.1,3.6,3.5,2.19,3.72,3.55,2.15,3.57,3.42,1.8,2.0,1.83,2.07,1.9,2.14,1.78,2.06,-0.25,1.85,2.05,1.88,2.06,1.88,2.08,1.85,2.03
52,E0,03/09/2022,15:00,Chelsea,West Ham,2,1,H,0,0,D,A Madley,8,6,3,3,6,11,10,3,4,2,0,0,1.55,4.5,5.5,1.51,4.2,6.25,1.53,4.4,6.0,1.58,4.37,6.17,1.53,4.2,5.8,1.5,4.2,6.0,1.59,4.58,6.4,1.55,4.38,6.03,1.72,2.1,1.81,2.1,1.81,2.2,1.74,2.12,-1.0,1.93,1.97,1.96,1.96,1.96,2.03,1.9,1.97,1.65,4.0,5.0,1.68,3.8,5.0,1.67,3.9,5.25,1.69,4.03,5.44,1.65,3.8,5.25,1.67,3.9,5.5,1.74,4.2,6.06,1.67,4.02,5.33,1.93,1.97,1.95,1.95,1.97,2.0,1.9,1.94,-0.75,1.88,2.02,1.88,2.05,1.91,2.1,1.85,2.03
53,E0,03/09/2022,15:00,Newcastle,Crystal Palace,0,0,D,0,0,D,M Salisbury,23,19,6,9,19,12,13,5,2,1,0,0,2.0,3.5,3.75,2.0,3.4,3.75,2.05,3.45,3.7,2.1,3.44,3.89,2.0,3.4,3.7,2.0,3.3,3.75,2.12,3.6,4.0,2.05,3.48,3.8,2.0,1.8,2.12,1.8,2.16,1.85,2.05,1.79,-0.5,2.05,1.85,2.1,1.84,2.1,1.89,2.04,1.85,2.1,3.5,3.6,2.05,3.4,3.6,2.1,3.35,3.65,2.12,3.47,3.82,2.05,3.3,3.7,2.05,3.4,3.9,2.15,3.53,4.23,2.09,3.42,3.75,2.1,1.72,2.14,1.78,2.24,1.8,2.11,1.75,-0.5,2.1,1.8,2.12,1.83,2.14,1.92,2.09,1.81
54,E0,03/09/2022,15:00,Nott'm Forest,Bournemouth,2,3,A,2,0,H,M Oliver,11,8,3,3,13,10,4,6,2,1,0,0,1.95,3.5,3.8,2.0,3.4,3.8,2.0,3.45,3.8,2.05,3.51,4.0,2.0,3.4,3.8,1.95,3.3,3.9,2.06,3.56,4.0,2.02,3.47,3.89,2.1,1.72,2.16,1.76,2.18,1.8,2.1,1.75,-0.5,2.02,1.88,2.05,1.88,2.05,1.91,2.02,1.86,2.15,3.3,3.5,2.2,3.25,3.4,2.2,3.3,3.45,2.21,3.38,3.65,2.15,3.3,3.4,2.2,3.3,3.6,2.3,3.5,3.76,2.2,3.35,3.53,2.1,1.72,2.21,1.74,2.35,1.79,2.14,1.73,-0.25,1.87,2.03,1.89,2.04,1.94,2.08,1.87,2.0
55,E0,03/09/2022,15:00,Tottenham,Fulham,2,1,H,1,0,H,S Attwell,23,9,10,3,9,6,10,3,3,4,0,0,1.5,4.5,6.5,1.47,4.6,6.25,1.47,4.6,6.25,1.52,4.63,6.51,1.47,4.33,6.5,1.45,4.4,6.5,1.53,4.8,7.04,1.49,4.62,6.54,1.61,2.3,1.63,2.41,1.66,2.43,1.62,2.32,-1.25,2.09,1.81,2.1,1.82,2.1,1.86,2.05,1.83,1.5,4.33,6.5,1.51,4.5,5.75,1.55,4.2,6.0,1.54,4.62,6.24,1.5,4.33,6.0,1.5,4.6,6.5,1.55,4.75,6.63,1.52,4.57,6.2,1.57,2.37,1.63,2.41,1.65,2.45,1.6,2.36,-1.0,1.84,2.06,1.86,2.07,1.92,2.09,1.83,2.04
56,E0,03/09/2022,15:00,Wolves,Southampton,1,0,H,1,0,H,J Brooks,7,12,2,1,10,14,5,6,4,2,0,0,2.2,3.4,3.25,2.15,3.4,3.3,2.25,3.35,3.25,2.3,3.41,3.41,2.2,3.4,3.25,2.15,3.25,3.3,2.32,3.54,3.45,2.24,3.4,3.33,2.04,1.86,2.1,1.81,2.1,1.87,2.02,1.81,-0.25,1.89,2.01,1.97,1.95,1.97,2.01,1.91,1.96,2.2,3.4,3.25,2.1,3.4,3.4,2.15,3.45,3.35,2.14,3.53,3.68,2.1,3.4,3.4,2.15,3.4,3.6,2.2,3.58,3.75,2.16,3.46,3.49,2.04,1.86,1.99,1.92,2.08,1.95,1.97,1.86,-0.25,1.89,2.01,1.84,2.1,1.89,2.11,1.85,2.03
57,E0,03/09/2022,17:30,Aston Villa,Man City,1,1,D,0,0,D,S Hooper,3,13,1,4,7,6,1,4,2,0,0,0,8.0,5.5,1.33,8.0,5.25,1.35,8.25,5.5,1.33,9.25,5.98,1.33,9.0,5.25,1.32,9.0,5.25,1.3,9.9,6.0,1.38,8.75,5.63,1.34,1.53,2.5,1.52,2.65,1.57,2.66,1.52,2.54,1.5,1.95,1.95,1.99,1.93,1.99,2.03,1.93,1.95,8.0,5.75,1.33,8.75,5.5,1.32,8.0,5.5,1.35,9.35,5.85,1.33,9.0,5.5,1.3,9.5,6.0,1.3,10.5,6.25,1.35,9.02,5.8,1.33,1.44,2.75,1.49,2.77,1.5,2.92,1.45,2.75,1.5,2.0,1.9,2.02,1.91,2.05,1.95,1.98,1.9
58,E0,04/09/2022,14:00,Brighton,Leicester,5,2,H,2,2,D,T Harrington,23,6,11,4,6,8,10,1,1,1,0,0,1.83,3.5,4.5,1.88,3.6,4.0,1.9,3.6,4.2,1.85,3.63,4.85,1.83,3.4,4.5,1.8,3.5,4.4,1.92,3.77,4.85,1.87,3.6,4.43,2.01,1.89,2.04,1.87,2.04,1.95,1.97,1.86,-0.5,1.86,2.04,1.85,2.09,1.91,2.09,1.86,2.02,1.9,3.5,4.2,1.88,3.5,4.1,1.9,3.55,4.1,1.94,3.63,4.29,1.91,3.4,4.2,1.9,3.6,4.2,2.01,3.69,4.69,1.91,3.58,4.26,1.98,1.92,2.0,1.91,2.2,1.92,1.99,1.85,-0.5,1.93,1.97,1.94,1.98,1.95,2.04,1.9,1.97
59,E0,04/09/2022,16:30,Man United,Arsenal,3,1,H,1,0,H,P Tierney,10,16,6,3,13,9,2,5,3,3,0,0,2.5,3.5,2.7,2.55,3.5,2.55,2.55,3.55,2.65,2.7,3.58,2.68,2.5,3.5,2.7,2.5,3.5,2.6,2.7,3.74,2.78,2.61,3.55,2.67,1.66,2.2,1.73,2.22,1.77,2.28,1.7,2.18,0.0,1.9,2.0,1.97,1.95,1.98,2.01,1.91,1.97,2.6,3.5,2.6,2.6,3.4,2.6,2.65,3.4,2.65,2.71,3.56,2.69,2.6,3.4,2.62,2.63,3.5,2.7,2.78,3.65,2.75,2.66,3.49,2.67,1.72,2.1,1.76,2.18,1.82,2.25,1.74,2.13,0.0,1.92,1.98,1.97,1.95,1.97,2.03,1.94,1.94
60,E0,16/09/2022,20:00,Aston Villa,Southampton,1,0,H,1,0,H,T Harrington,11,7,3,1,13,13,6,3,3,1,0,0,2.1,3.5,3.5,2.0,3.5,3.6,2.1,3.45,3.5,2.14,3.62,3.6,2.05,3.5,3.5,2.1,3.4,3.4,2.18,3.72,3.62,2.1,3.55,3.53,1.88,2.02,1.88,2.03,1.89,2.03,1.84,1.99,-0.25,1.83,2.07,1.85,2.09,1.86,2.12,1.81,2.07,2.1,3.5,3.5,2.05,3.4,3.5,2.1,3.45,3.55,2.14,3.58,3.64,2.05,3.3,3.7,2.0,3.4,3.5,2.14,3.65,3.9,2.08,3.55,3.63,1.92,1.98,1.93,1.97,1.93,2.03,1.89,1.95,-0.25,1.82,2.08,1.85,2.09,1.85,2.14,1.79,2.09
61,E0,16/09/2022,20:00,Nott'm Forest,Fulham,2,3,A,1,0,H,J Gillett,11,15,3,7,11,10,2,10,2,4,0,0,2.75,3.3,2.62,2.75,3.4,2.5,2.75,3.35,2.6,2.82,3.43,2.67,2.75,3.4,2.5,2.7,3.3,2.55,2.92,3.54,2.68,2.81,3.4,2.57,1.93,1.97,1.94,1.96,1.93,2.0,1.88,1.94,0.0,2.01,1.89,2.02,1.91,2.03,1.91,2.0,1.86,2.75,3.3,2.6,2.75,3.4,2.5,2.8,3.35,2.55,2.8,3.49,2.64,2.75,3.25,2.55,2.7,3.3,2.5,2.94,3.5,2.68,2.8,3.39,2.58,1.9,2.0,1.92,1.99,1.93,2.03,1.88,1.95,0.0,2.02,1.88,2.02,1.9,2.08,1.9,2.01,1.86
62,E0,17/09/2022,12:30,Wolves,Man City,0,3,A,0,2,A,A Taylor,6,16,1,7,7,9,5,7,2,1,1,0,9.5,5.0,1.33,9.0,5.5,1.32,8.5,5.5,1.33,9.3,5.52,1.36,9.5,5.25,1.32,9.5,5.25,1.29,10.0,5.9,1.37,9.25,5.47,1.34,1.57,2.37,1.64,2.39,1.64,2.47,1.58,2.39,1.5,1.93,1.97,1.94,1.98,1.99,2.0,1.92,1.95,8.0,5.75,1.33,8.75,5.25,1.34,8.25,5.25,1.35,9.25,5.65,1.35,9.5,5.25,1.32,9.5,5.25,1.29,10.0,5.9,1.37,9.09,5.53,1.34,1.57,2.37,1.59,2.5,1.61,2.53,1.57,2.41,1.5,1.95,1.95,1.98,1.94,2.07,2.0,1.93,1.94
63,E0,17/09/2022,15:00,Newcastle,Bournemouth,1,1,D,0,0,D,C Pawson,20,10,7,3,10,11,8,1,2,2,0,0,1.44,4.4,7.5,1.46,4.33,7.25,1.5,4.4,6.75,1.49,4.56,7.5,1.44,4.2,7.5,1.4,4.33,7.5,1.5,4.7,7.77,1.47,4.47,7.39,1.87,2.03,1.83,2.06,1.87,2.06,1.82,2.01,-1.25,2.07,1.83,2.1,1.84,2.11,1.86,2.05,1.82,1.4,4.5,7.5,1.41,4.75,7.5,1.45,4.6,7.0,1.43,5.01,7.85,1.4,4.5,8.0,1.36,4.6,8.5,1.45,5.01,8.6,1.42,4.82,7.89,1.72,2.1,1.78,2.15,1.78,2.23,1.74,2.13,-1.25,1.94,1.96,1.96,1.96,1.97,2.01,1.93,1.94
64,E0,17/09/2022,17:30,Tottenham,Leicester,6,2,H,2,2,D,S Hooper,16,19,11,7,9,9,6,1,1,2,0,0,1.45,4.5,7.0,1.47,4.5,6.5,1.5,4.7,6.0,1.52,4.46,7.04,1.47,4.5,6.5,1.44,4.5,6.5,1.54,5.0,7.1,1.49,4.59,6.7,1.57,2.37,1.63,2.4,1.65,2.52,1.59,2.39,-1.25,2.07,1.83,2.11,1.83,2.11,1.88,2.04,1.83,1.55,4.5,6.0,1.5,4.5,5.75,1.55,4.4,6.5,1.56,4.45,6.38,1.47,4.33,7.0,1.5,4.4,6.0,1.58,4.8,7.06,1.52,4.57,6.26,1.57,2.37,1.61,2.46,1.68,2.52,1.59,2.4,-1.0,1.88,2.02,1.91,2.02,1.92,2.09,1.84,2.05
65,E0,18/09/2022,12:00,Brentford,Arsenal,0,3,A,0,2,A,D Coote,5,13,2,7,10,10,3,3,0,2,0,0,4.2,3.8,1.8,4.2,3.75,1.82,4.2,3.85,1.8,4.46,3.98,1.83,4.2,3.8,1.78,4.33,3.8,1.75,4.5,4.05,1.86,4.3,3.91,1.81,1.66,2.2,1.72,2.24,1.72,2.28,1.68,2.21,0.75,1.85,2.05,1.88,2.05,1.9,2.07,1.84,2.04,4.5,3.8,1.75,4.33,3.9,1.77,4.3,3.85,1.8,4.5,3.85,1.85,4.6,3.7,1.75,4.4,3.7,1.75,4.96,4.1,1.86,4.48,3.89,1.8,1.72,2.1,1.79,2.13,1.81,2.17,1.77,2.09,0.75,1.83,2.07,1.84,2.08,1.99,2.12,1.86,2.02
66,E0,18/09/2022,14:15,Everton,West Ham,1,0,H,0,0,D,M Oliver,7,14,2,4,8,11,5,14,3,1,0,0,2.9,3.25,2.5,3.0,3.3,2.37,2.9,3.3,2.5,2.96,3.39,2.57,2.9,3.25,2.45,2.88,3.2,2.45,3.05,3.45,2.58,2.95,3.31,2.5,2.06,1.84,2.08,1.84,2.11,1.84,2.03,1.8,0.25,1.79,2.11,1.76,2.19,1.81,2.19,1.76,2.13,2.9,3.25,2.5,2.85,3.25,2.5,2.9,3.3,2.5,2.95,3.35,2.6,3.0,3.2,2.4,2.8,3.2,2.5,3.0,3.44,2.62,2.92,3.3,2.54,2.06,1.84,2.09,1.83,2.26,1.85,2.04,1.8,0.0,2.08,1.73,2.1,1.84,2.15,1.85,2.08,1.8
67,E0,01/10/2022,12:30,Arsenal,Tottenham,3,1,H,1,1,D,A Taylor,22,7,9,3,10,10,5,2,2,1,0,1,2.05,3.75,3.3,2.05,3.7,3.4,2.1,3.7,3.3,2.13,3.65,3.57,2.05,3.5,3.5,2.0,3.6,3.5,2.15,3.85,3.65,2.08,3.7,3.48,1.72,2.1,1.76,2.18,1.77,2.28,1.71,2.16,-0.5,2.06,1.84,2.12,1.81,2.12,1.87,2.06,1.82,1.95,3.8,3.8,2.0,3.6,3.5,1.97,3.7,3.65,1.99,3.75,3.84,1.95,3.6,3.7,1.93,3.6,3.7,2.05,3.88,3.95,1.99,3.71,3.75,1.72,2.1,1.76,2.17,1.81,2.23,1.74,2.13,-0.5,1.97,1.93,1.99,1.89,2.03,1.97,1.99,1.89
68,E0,01/10/2022,15:00,Bournemouth,Brentford,0,0,D,0,0,D,T Bramall,7,13,1,4,11,10,7,8,1,2,0,0,3.3,3.4,2.2,3.3,3.4,2.15,3.25,3.4,2.2,3.45,3.49,2.25,3.3,3.4,2.15,3.3,3.3,2.15,3.5,3.56,2.28,3.36,3.44,2.21,2.02,1.88,2.03,1.88,2.05,1.89,1.99,1.84,0.25,1.99,1.91,1.99,1.93,2.01,1.93,1.97,1.9,3.2,3.4,2.25,3.1,3.4,2.25,3.1,3.45,2.3,3.3,3.53,2.27,3.1,3.4,2.25,3.13,3.4,2.2,3.36,3.66,2.32,3.18,3.49,2.27,1.96,1.94,1.93,1.98,1.98,1.98,1.91,1.92,0.25,1.94,1.96,1.96,1.96,1.96,2.0,1.91,1.95
69,E0,01/10/2022,15:00,Crystal Palace,Chelsea,1,2,A,1,1,D,C Kavanagh,7,13,3,3,11,13,5,2,1,3,0,0,4.2,3.6,1.85,4.2,3.6,1.83,4.2,3.55,1.9,4.42,3.56,1.93,4.2,3.6,1.83,4.2,3.4,1.85,4.6,3.7,1.95,4.29,3.57,1.9,2.1,1.72,2.12,1.8,2.12,1.83,2.04,1.79,0.5,1.99,1.91,1.99,1.93,2.02,1.93,1.97,1.89,4.75,3.75,1.75,4.75,3.7,1.75,4.7,3.7,1.77,4.83,3.78,1.79,4.75,3.6,1.75,4.8,3.5,1.73,5.0,3.92,1.82,4.82,3.74,1.77,1.98,1.92,2.01,1.9,2.1,1.93,1.98,1.85,0.75,1.91,1.99,1.9,2.03,1.95,2.03,1.88,1.98
70,E0,01/10/2022,15:00,Fulham,Newcastle,1,4,A,0,3,A,D England,3,19,1,10,9,10,1,8,2,0,1,0,3.0,3.4,2.37,3.0,3.4,2.3,3.0,3.4,2.35,3.11,3.57,2.38,3.0,3.3,2.35,3.0,3.3,2.3,3.15,3.68,2.42,3.04,3.46,2.37,1.91,1.99,1.88,2.03,1.93,2.03,1.88,1.94,0.25,1.85,2.05,1.88,2.05,1.88,2.08,1.84,2.03,2.9,3.4,2.45,2.85,3.4,2.45,2.85,3.4,2.5,2.95,3.42,2.51,3.0,3.3,2.38,2.8,3.3,2.45,3.08,3.55,2.61,2.91,3.42,2.48,1.91,1.99,1.92,1.99,1.95,2.02,1.88,1.95,0.25,1.73,2.08,1.79,2.15,1.81,2.19,1.78,2.1
71,E0,01/10/2022,15:00,Liverpool,Brighton,3,3,D,1,2,A,A Madley,15,6,7,6,9,13,9,2,1,1,0,0,1.33,5.25,8.5,1.35,5.25,8.0,1.35,5.25,8.25,1.38,5.49,8.42,1.36,5.0,8.0,1.33,5.0,8.5,1.41,5.5,8.9,1.37,5.33,8.25,1.53,2.5,1.57,2.55,1.63,2.59,1.56,2.46,-1.5,2.01,1.89,2.05,1.88,2.05,1.95,2.01,1.86,1.45,4.75,6.0,1.46,4.75,6.5,1.45,4.8,6.75,1.49,4.76,6.85,1.44,4.5,7.0,1.4,4.6,7.0,1.51,4.95,7.3,1.47,4.77,6.72,1.57,2.37,1.63,2.42,1.64,2.5,1.59,2.39,-1.25,2.01,1.89,2.04,1.88,2.04,1.92,2.0,1.88
72,E0,01/10/2022,15:00,Southampton,Everton,1,2,A,0,0,D,A Marriner,22,12,6,5,11,10,7,6,2,2,0,0,2.15,3.4,3.4,2.15,3.3,3.3,2.2,3.35,3.4,2.23,3.48,3.49,2.15,3.4,3.3,2.1,3.3,3.4,2.28,3.52,3.55,2.19,3.41,3.44,2.04,1.86,2.06,1.86,2.08,1.86,2.0,1.83,-0.25,1.87,2.03,1.92,2.01,1.92,2.08,1.87,2.0,2.3,3.3,3.1,2.3,3.25,3.1,2.35,3.3,3.1,2.38,3.32,3.23,2.3,3.25,3.2,2.3,3.2,3.13,2.42,3.46,3.45,2.33,3.3,3.24,2.1,1.72,2.17,1.76,2.2,1.81,2.12,1.74,-0.25,2.03,1.87,2.04,1.88,2.07,1.93,1.99,1.88
73,E0,01/10/2022,17:30,West Ham,Wolves,2,0,H,1,0,H,P Tierney,18,15,5,4,8,6,1,6,2,2,0,0,1.95,3.5,4.2,1.93,3.5,4.0,1.95,3.45,4.0,2.01,3.42,4.31,1.91,3.4,4.2,1.91,3.3,4.1,2.02,3.65,4.31,1.96,3.48,4.12,2.2,1.66,2.27,1.7,2.27,1.83,2.16,1.71,-0.5,1.98,1.92,2.01,1.92,2.01,1.96,1.95,1.91,2.0,3.4,4.0,2.05,3.3,3.75,2.05,3.35,3.85,2.07,3.36,4.01,2.0,3.3,3.9,2.0,3.2,3.9,2.1,3.46,4.21,2.05,3.37,3.95,2.2,1.66,2.23,1.72,2.33,1.74,2.21,1.69,-0.5,2.07,1.83,2.07,1.86,2.09,1.89,2.04,1.84
74,E0,02/10/2022,14:00,Man City,Man United,6,3,H,4,0,H,M Oliver,22,12,10,8,3,9,5,1,0,3,0,0,1.33,5.75,7.5,1.34,5.5,7.75,1.35,5.75,7.75,1.37,5.91,7.74,1.33,5.25,8.5,1.3,5.25,9.0,1.4,6.0,9.4,1.35,5.7,8.0,1.44,2.75,1.47,2.83,1.49,2.9,1.44,2.79,-1.5,1.93,1.97,1.94,1.98,2.01,1.99,1.92,1.94,1.44,5.5,6.5,1.42,5.25,6.5,1.47,5.0,6.0,1.43,5.6,6.7,1.4,5.0,7.0,1.4,4.8,7.0,1.48,5.6,7.3,1.44,5.31,6.61,1.44,2.75,1.47,2.84,1.51,2.96,1.46,2.74,-1.25,1.86,2.04,1.91,2.05,1.95,2.05,1.89,1.98
75,E0,02/10/2022,16:30,Leeds,Aston Villa,0,0,D,0,0,D,S Attwell,9,19,1,7,23,12,2,9,3,2,1,0,2.35,3.4,3.0,2.37,3.4,2.87,2.35,3.45,2.95,2.43,3.44,3.12,2.35,3.4,2.9,2.25,3.4,3.0,2.48,3.66,3.12,2.36,3.46,3.03,1.8,2.0,1.88,2.03,1.89,2.09,1.82,2.01,-0.25,2.0,1.9,2.09,1.85,2.09,1.91,2.02,1.85,2.37,3.25,3.0,2.37,3.4,2.9,2.45,3.3,3.0,2.45,3.49,3.06,2.45,3.25,2.88,2.38,3.3,2.9,2.59,3.55,3.2,2.41,3.42,3.02,1.91,1.99,1.91,1.99,1.93,2.03,1.87,1.96,-0.25,2.08,1.82,2.11,1.83,2.14,1.87,2.06,1.82
76,E0,03/10/2022,20:00,Leicester,Nott'm Forest,4,0,H,3,0,H,R Jones,17,10,7,3,13,12,6,6,2,4,0,0,1.75,4.0,4.33,1.73,3.9,4.5,1.75,4.0,4.3,1.78,4.2,4.48,1.73,3.9,4.4,1.7,3.8,4.5,1.8,4.2,4.51,1.76,4.05,4.41,1.66,2.2,1.68,2.3,1.72,2.31,1.67,2.22,-0.75,1.98,1.92,1.99,1.93,2.0,1.95,1.96,1.9,1.7,4.0,4.5,1.71,3.9,4.6,1.75,3.85,4.6,1.74,4.15,4.75,1.7,3.8,4.75,1.67,3.8,4.8,1.75,4.2,4.98,1.72,4.07,4.74,1.66,2.2,1.74,2.28,1.76,2.34,1.7,2.18,-0.75,1.93,1.97,1.93,2.0,1.94,2.0,1.9,1.97
77,E0,08/10/2022,15:00,Bournemouth,Leicester,2,1,H,0,1,A,M Salisbury,10,9,4,5,8,16,7,2,1,2,0,0,3.6,3.4,2.05,3.3,3.6,2.05,3.4,3.55,2.1,3.64,3.7,2.09,3.5,3.6,2.0,3.5,3.4,2.05,3.65,3.85,2.16,3.53,3.63,2.09,1.8,2.0,1.88,2.03,1.92,2.09,1.84,1.99,0.5,1.75,2.05,1.85,2.09,1.85,2.14,1.8,2.08,3.2,3.5,2.2,3.2,3.5,2.2,3.15,3.5,2.2,3.45,3.54,2.22,3.2,3.4,2.2,3.25,3.4,2.15,3.48,3.65,2.28,3.29,3.53,2.21,1.94,1.96,1.96,1.94,2.02,2.03,1.88,1.94,0.25,1.99,1.91,2.01,1.92,2.01,1.96,1.96,1.91
78,E0,08/10/2022,15:00,Chelsea,Wolves,3,0,H,1,0,H,S Hooper,20,8,7,2,8,8,4,2,2,0,0,0,1.4,4.5,8.0,1.39,4.75,8.25,1.4,4.8,8.0,1.41,4.92,8.68,1.4,4.5,8.0,1.36,4.5,9.0,1.44,5.0,9.2,1.4,4.82,8.5,1.87,2.03,1.88,2.03,1.9,2.05,1.84,1.99,-1.25,1.92,1.98,1.95,1.97,1.96,2.02,1.91,1.97,1.5,4.2,7.0,1.51,4.2,6.25,1.53,4.2,6.25,1.53,4.36,7.03,1.47,4.2,7.0,1.5,4.0,6.5,1.55,4.6,8.04,1.51,4.32,6.88,1.95,1.95,1.96,1.94,2.02,2.03,1.92,1.91,-1.0,1.89,2.01,1.91,2.02,1.91,2.13,1.86,2.01
79,E0,08/10/2022,15:00,Man City,Southampton,4,0,H,2,0,H,A Madley,21,5,8,0,4,8,9,1,0,1,0,0,1.11,10.0,17.0,1.12,10.5,20.0,1.12,10.0,19.0,1.13,10.77,20.4,1.1,9.0,23.0,1.08,10.0,23.0,1.14,11.0,27.0,1.12,10.3,21.15,1.25,4.0,,,1.28,4.1,1.25,3.9,-2.5,1.87,2.03,1.89,2.02,1.94,2.06,1.88,2.0,1.11,10.0,21.0,1.13,10.0,19.0,1.12,9.5,18.0,1.13,11.0,21.0,1.11,9.0,21.0,1.09,9.5,21.0,1.14,11.5,26.0,1.12,10.26,20.84,1.25,4.0,,,1.29,4.0,1.26,3.87,-2.5,1.97,1.93,1.96,1.94,2.0,2.0,1.92,1.94
80,E0,08/10/2022,15:00,Newcastle,Brentford,5,1,H,2,0,H,J Brooks,16,6,6,3,14,9,9,5,0,1,0,0,1.83,3.8,4.2,1.8,3.8,4.1,1.8,3.85,4.3,1.81,3.99,4.55,1.78,3.75,4.33,1.73,3.7,4.5,1.88,4.08,4.6,1.8,3.92,4.38,1.72,2.1,1.76,2.17,1.82,2.17,1.77,2.08,-0.75,2.03,1.87,2.04,1.88,2.04,1.91,2.02,1.87,1.65,4.0,5.25,1.65,4.0,5.0,1.7,3.75,5.0,1.69,4.05,5.35,1.65,3.9,5.0,1.65,3.8,5.25,1.72,4.3,5.5,1.68,4.0,5.11,1.8,2.0,1.81,2.09,1.85,2.13,1.79,2.06,-0.75,1.84,2.06,1.88,2.05,1.88,2.07,1.86,2.01
81,E0,08/10/2022,17:30,Brighton,Tottenham,0,1,A,0,1,A,T Harrington,14,8,4,3,9,14,6,2,1,2,0,0,2.8,3.4,2.5,2.65,3.5,2.5,2.75,3.45,2.55,2.82,3.45,2.65,2.7,3.4,2.5,2.7,3.3,2.5,2.83,3.66,2.68,2.76,3.47,2.58,1.88,2.02,1.86,2.05,1.9,2.08,1.86,1.98,0.0,2.04,1.86,2.02,1.9,2.07,1.9,2.01,1.87,2.5,3.3,2.8,2.55,3.25,2.75,2.55,3.3,2.8,2.58,3.4,2.94,2.6,3.2,2.75,2.45,3.25,2.8,2.74,3.41,2.96,2.58,3.32,2.86,2.03,1.87,2.04,1.88,2.05,1.92,2.0,1.84,0.0,1.82,2.08,1.84,2.1,1.87,2.13,1.83,2.05
82,E0,09/10/2022,14:00,Crystal Palace,Leeds,2,1,H,1,1,D,P Tierney,13,10,5,4,13,23,5,3,3,3,0,0,2.05,3.5,3.6,2.05,3.6,3.4,2.1,3.55,3.45,2.06,3.68,3.76,2.0,3.6,3.5,2.0,3.4,3.6,2.17,3.85,3.77,2.07,3.62,3.57,1.86,2.04,1.85,2.06,1.92,2.06,1.85,1.99,-0.5,2.04,1.86,2.06,1.87,2.14,1.88,2.07,1.82,2.05,3.5,3.5,2.05,3.5,3.4,2.05,3.55,3.5,2.09,3.62,3.73,2.05,3.5,3.5,2.0,3.4,3.6,2.13,3.66,3.83,2.07,3.58,3.61,1.94,1.96,1.94,1.96,2.12,2.0,1.91,1.93,-0.5,2.07,1.83,2.09,1.85,2.13,1.87,2.07,1.82
83,E0,09/10/2022,14:00,West Ham,Fulham,3,1,H,1,1,D,C Kavanagh,17,8,8,2,9,7,4,2,1,3,0,0,1.72,3.8,4.75,1.75,3.8,4.4,1.77,3.85,4.4,1.79,3.9,4.82,1.75,3.75,4.5,1.73,3.7,4.6,1.84,4.05,4.82,1.78,3.9,4.56,1.8,2.0,1.83,2.08,1.85,2.11,1.8,2.04,-0.75,2.0,1.9,2.03,1.9,2.04,1.93,1.99,1.89,1.6,3.8,5.5,1.61,3.9,5.5,1.67,3.85,5.25,1.63,4.11,5.89,1.65,3.8,5.25,1.57,3.9,5.75,1.69,4.2,6.0,1.64,4.03,5.54,1.91,1.99,1.89,2.01,1.92,2.1,1.86,1.98,-1.0,2.07,1.83,2.09,1.83,2.2,1.86,2.11,1.78
84,E0,09/10/2022,16:30,Arsenal,Liverpool,3,2,H,2,1,H,M Oliver,11,8,7,3,11,11,4,3,1,2,0,0,2.5,3.6,2.62,2.5,3.7,2.55,2.5,3.65,2.6,2.67,3.69,2.66,2.5,3.6,2.6,2.5,3.6,2.55,2.69,3.96,2.7,2.58,3.72,2.62,1.57,2.37,1.63,2.41,1.67,2.49,1.6,2.38,0.0,1.93,1.97,1.96,1.96,1.98,2.03,1.92,1.96,2.5,3.75,2.6,2.5,3.7,2.6,2.6,3.45,2.7,2.58,3.84,2.67,2.5,3.6,2.6,2.45,3.6,2.6,2.63,3.86,2.8,2.53,3.75,2.67,1.53,2.5,1.58,2.53,1.58,2.66,1.54,2.51,0.0,1.91,1.99,1.93,1.99,1.96,2.03,1.89,1.98
85,E0,09/10/2022,19:00,Everton,Man United,1,2,A,1,2,A,D Coote,11,12,2,4,7,13,5,4,2,1,0,0,3.6,3.5,2.05,3.5,3.5,2.05,3.45,3.5,2.1,3.62,3.67,2.11,3.5,3.5,2.05,3.5,3.4,2.05,3.71,3.8,2.15,3.56,3.58,2.09,1.88,2.02,1.89,2.02,1.93,2.06,1.85,1.99,0.5,1.8,2.1,1.82,2.1,1.84,2.13,1.81,2.09,3.6,3.5,2.0,3.5,3.5,2.05,3.5,3.55,2.1,3.65,3.68,2.09,3.7,3.4,2.0,3.5,3.4,2.05,3.96,3.8,2.22,3.59,3.59,2.08,1.85,2.05,1.85,2.07,1.91,2.13,1.83,2.02,0.5,1.8,2.0,1.85,2.09,1.89,2.11,1.82,2.06
86,E0,10/10/2022,20:00,Nott'm Forest,Aston Villa,1,1,D,1,1,D,A Taylor,6,12,3,2,13,19,1,4,3,3,0,0,3.3,3.4,2.2,3.25,3.4,2.2,3.3,3.4,2.2,3.4,3.6,2.22,3.4,3.3,2.15,3.4,3.25,2.15,3.48,3.65,2.25,3.35,3.49,2.19,2.03,1.87,2.04,1.87,2.06,1.89,2.01,1.83,0.25,2.01,1.89,2.01,1.92,2.04,1.92,1.99,1.88,3.6,3.6,2.0,3.7,3.5,2.0,3.7,3.55,2.0,3.79,3.64,2.03,3.9,3.4,1.95,3.6,3.4,2.0,3.97,3.76,2.05,3.77,3.6,2.02,1.94,1.96,1.92,1.99,1.96,2.03,1.9,1.94,0.5,1.89,2.01,1.89,2.03,1.9,2.08,1.85,2.03
87,E0,14/10/2022,20:00,Brentford,Brighton,2,0,H,1,0,H,M Salisbury,7,21,3,7,12,15,2,11,3,1,0,0,3.1,3.4,2.3,3.0,3.4,2.3,3.15,3.4,2.3,3.32,3.52,2.29,3.2,3.25,2.25,3.1,3.3,2.25,3.33,3.52,2.38,3.21,3.44,2.3,1.97,1.93,1.95,1.95,1.99,1.95,1.93,1.89,0.25,1.92,1.98,1.95,1.97,1.95,2.01,1.9,1.97,3.1,3.4,2.3,3.1,3.4,2.25,3.15,3.4,2.25,3.35,3.53,2.27,3.2,3.25,2.25,3.13,3.3,2.25,3.54,3.55,2.38,3.23,3.46,2.27,1.91,1.99,1.93,1.98,2.12,1.99,1.9,1.93,0.25,1.89,2.01,1.96,1.96,1.96,2.04,1.91,1.96
88,E0,15/10/2022,12:30,Leicester,Crystal Palace,0,0,D,0,0,D,A Madley,14,8,5,1,18,13,9,2,2,2,0,0,2.3,3.4,3.1,2.25,3.5,3.1,2.3,3.45,3.1,2.38,3.55,3.12,2.25,3.4,3.1,2.25,3.3,3.1,2.44,3.68,3.21,2.31,3.49,3.12,1.89,2.01,1.86,2.05,1.91,2.05,1.85,1.98,-0.25,2.01,1.89,2.05,1.88,2.05,1.95,1.99,1.89,2.3,3.5,3.0,2.4,3.4,2.87,2.35,3.45,2.95,2.49,3.54,2.96,2.3,3.3,3.1,2.38,3.3,2.9,2.52,3.58,3.1,2.4,3.47,2.99,1.87,2.03,1.86,2.05,1.91,2.05,1.86,1.97,-0.25,2.1,1.8,2.14,1.79,2.14,1.85,2.07,1.82
89,E0,15/10/2022,15:00,Fulham,Bournemouth,2,2,D,1,2,A,G Scott,19,10,4,6,9,11,5,6,2,0,0,0,1.85,3.75,4.0,1.87,3.7,4.0,1.9,3.65,4.0,1.92,3.77,4.23,1.88,3.6,4.0,1.83,3.5,4.2,1.96,3.9,4.3,1.89,3.72,4.13,1.96,1.94,1.99,1.92,1.99,2.02,1.9,1.92,-0.5,1.88,2.02,1.92,2.01,1.92,2.05,1.89,1.98,1.9,3.6,4.0,1.95,3.5,3.8,1.95,3.6,3.85,1.98,3.69,4.03,1.95,3.4,3.9,1.91,3.5,3.9,2.02,3.75,4.18,1.96,3.6,3.94,1.92,1.98,1.93,1.98,2.09,2.01,1.92,1.91,-0.5,1.97,1.93,1.98,1.94,2.02,1.96,1.96,1.91
90,E0,15/10/2022,15:00,Wolves,Nott'm Forest,1,0,H,0,0,D,T Bramall,9,10,2,2,17,13,4,5,2,2,0,0,1.7,3.75,5.0,1.68,3.8,5.0,1.73,3.75,4.9,1.74,3.78,5.41,1.7,3.7,5.0,1.67,3.6,5.25,1.78,3.9,5.5,1.72,3.81,5.13,2.06,1.84,2.09,1.83,2.09,1.88,2.02,1.82,-0.75,1.94,1.96,1.97,1.95,1.97,2.0,1.93,1.94,1.7,3.75,5.0,1.73,3.75,4.75,1.75,3.65,4.8,1.76,3.91,5.02,1.7,3.7,5.0,1.7,3.6,5.0,1.78,3.91,5.4,1.73,3.81,5.02,1.99,1.91,2.0,1.9,2.13,1.94,1.99,1.85,-0.75,1.96,1.94,1.99,1.93,1.99,1.97,1.94,1.93
91,E0,15/10/2022,17:30,Tottenham,Everton,2,0,H,0,0,D,P Tierney,21,4,7,0,12,13,7,1,1,4,0,0,1.5,4.5,6.5,1.49,4.4,6.25,1.5,4.5,6.5,1.48,4.67,7.26,1.47,4.2,7.0,1.44,4.2,7.0,1.52,4.75,7.26,1.49,4.56,6.81,1.72,2.1,1.78,2.15,1.83,2.17,1.76,2.08,-1.25,2.09,1.81,2.12,1.83,2.12,1.85,2.09,1.8,1.45,4.5,7.5,1.47,4.6,6.25,1.5,4.5,6.5,1.5,4.7,6.9,1.42,4.6,7.0,1.4,4.5,7.0,1.51,4.85,7.6,1.47,4.68,6.9,1.66,2.2,1.72,2.24,1.73,2.34,1.68,2.21,-1.25,2.04,1.86,2.1,1.84,2.1,1.89,2.02,1.85
92,E0,16/10/2022,14:00,Aston Villa,Chelsea,0,2,A,0,1,A,R Jones,18,8,7,4,12,11,7,1,0,3,0,0,4.33,3.75,1.8,4.33,3.7,1.8,4.4,3.7,1.8,4.78,3.65,1.85,4.4,3.6,1.8,4.6,3.6,1.75,4.78,3.84,1.87,4.54,3.69,1.82,2.03,1.87,2.1,1.81,2.13,1.91,1.98,1.83,0.75,1.82,2.08,1.81,2.11,1.84,2.11,1.81,2.07,3.75,3.5,2.0,3.9,3.4,1.95,3.9,3.35,2.0,3.97,3.49,2.07,4.0,3.4,1.95,3.9,3.3,1.95,4.33,3.6,2.07,3.98,3.48,2.0,2.0,1.8,2.1,1.81,2.16,1.9,2.06,1.79,0.5,1.84,2.06,1.87,2.07,1.92,2.12,1.87,2.01
93,E0,16/10/2022,14:00,Leeds,Arsenal,0,1,A,0,1,A,C Kavanagh,16,9,4,4,10,11,6,3,0,2,0,0,6.0,4.2,1.55,5.5,4.4,1.55,5.75,4.4,1.55,6.23,4.49,1.56,5.5,4.2,1.57,5.75,4.2,1.53,6.3,4.6,1.6,5.83,4.41,1.56,1.61,2.3,1.65,2.37,1.67,2.41,1.62,2.31,1.0,1.98,1.92,2.01,1.92,2.01,1.96,1.95,1.92,5.0,4.0,1.66,4.8,4.2,1.65,4.9,4.3,1.63,4.97,4.22,1.7,5.25,4.0,1.62,5.0,4.1,1.6,5.73,4.5,1.7,5.11,4.27,1.64,1.61,2.3,1.64,2.39,1.64,2.53,1.59,2.38,0.75,2.02,1.88,2.04,1.89,2.13,1.93,2.07,1.81
94,E0,16/10/2022,14:00,Man United,Newcastle,0,0,D,0,0,D,C Pawson,15,9,2,2,13,11,4,4,3,1,0,0,1.95,3.8,3.5,2.0,3.7,3.5,2.0,3.75,3.55,2.04,3.71,3.8,1.95,3.7,3.6,1.95,3.6,3.6,2.04,4.0,3.84,2.0,3.78,3.65,1.72,2.1,1.76,2.17,1.78,2.27,1.7,2.18,-0.5,2.01,1.89,2.04,1.88,2.04,1.91,1.99,1.88,2.05,3.75,3.5,2.05,3.6,3.4,2.05,3.65,3.4,2.08,3.68,3.71,2.0,3.5,3.6,2.0,3.6,3.4,2.15,3.8,3.92,2.08,3.68,3.52,1.72,2.1,1.76,2.18,1.77,2.34,1.69,2.21,-0.5,2.06,1.84,2.08,1.85,2.11,1.87,2.07,1.82
95,E0,16/10/2022,14:00,Southampton,West Ham,1,1,D,1,0,H,P Bankes,10,25,8,4,7,3,4,14,1,1,0,0,2.9,3.4,2.4,2.9,3.3,2.4,2.9,3.4,2.45,3.08,3.42,2.47,2.88,3.4,2.38,2.9,3.3,2.38,3.08,3.6,2.5,2.96,3.42,2.44,2.0,1.9,2.04,1.87,2.04,1.98,1.93,1.9,0.25,1.8,2.1,1.83,2.12,1.83,2.14,1.79,2.09,2.9,3.4,2.45,2.9,3.3,2.4,2.95,3.35,2.45,3.01,3.37,2.54,3.0,3.3,2.35,2.8,3.25,2.45,3.14,3.5,2.56,2.97,3.36,2.47,2.04,1.86,2.04,1.88,2.06,1.93,1.97,1.86,0.0,2.1,1.8,2.15,1.81,2.16,1.84,2.11,1.78
96,E0,16/10/2022,16:30,Liverpool,Man City,1,0,H,0,0,D,A Taylor,13,16,2,6,10,7,5,6,3,1,0,0,3.6,4.0,1.9,3.5,4.0,1.9,3.6,4.1,1.9,4.0,4.11,1.88,3.7,3.9,1.88,3.6,3.9,1.87,4.1,4.33,1.95,3.74,4.06,1.91,1.44,2.75,1.49,2.76,1.5,2.8,1.46,2.7,0.5,1.99,1.91,2.04,1.88,2.04,1.96,1.97,1.91,3.75,4.0,1.85,3.75,4.0,1.85,3.65,3.8,1.95,3.81,4.25,1.9,4.0,3.8,1.83,3.75,4.0,1.83,4.18,4.35,1.95,3.8,4.11,1.88,1.44,2.75,1.49,2.76,1.49,2.96,1.45,2.78,0.5,2.02,1.88,2.02,1.9,2.05,1.95,2.0,1.88
