id,first_name,second_name,team,Top_100,Top_1K,Top_10K,Top_100K,Top_1M,Overall
1,Mesut,Özil,1,0.0,0.0,0.0,0.0,0.0,0.6006006006006006
2,Sokratis,Papastathopoulos,1,0.0,0.0,0.0,0.0,0.0,0.3003003003003003
3,David,Luiz Moreira Marinho,1,0.0,0.0,0.0,0.0,0.2597402597402597,0.6006006006006006
4,Pierre-Emerick,Aubameyang,1,0.0,0.0,0.0,0.0,0.2597402597402597,5.8558558558558556
5,Cédric,Soares,1,0.0,0.0,0.2702702702702703,1.0443864229765014,0.0,0.15015015015015015
6,Alexandre,Lacazette,1,0.0,1.7985611510791366,0.5405405405405406,2.088772845953003,2.0779220779220777,4.504504504504505
7,Shkodran,Mustafi,1,0.0,0.0,0.0,0.0,0.0,0.0
8,Bernd,Leno,1,5.0,11.151079136690647,5.405405405405405,6.7885117493472595,5.454545454545454,6.906906906906906
9,Granit,Xhaka,1,0.0,0.0,0.0,0.0,0.0,0.3003003003003003
10,Pablo,Marí,1,0.0,0.0,0.0,0.0,0.0,0.0
11,Héctor,Bellerín,1,0.0,0.0,0.0,0.26109660574412535,0.5194805194805194,3.303303303303303
13,Calum,Chambers,1,0.0,0.0,0.2702702702702703,0.0,0.5194805194805194,0.15015015015015015
14,Sead,Kolasinac,1,0.0,0.0,0.0,0.0,0.0,0.3003003003003003
16,Rob,Holding,1,43.75,33.093525179856115,33.24324324324324,22.193211488250654,11.948051948051948,4.354354354354354
17,Kieran,Tierney,1,0.0,0.0,0.0,0.0,0.0,2.7027027027027026
18,Nicolas,Pépé,1,0.0,0.3597122302158274,0.0,0.26109660574412535,0.7792207792207793,1.0510510510510511
19,Lucas,Torreira,1,0.0,0.0,0.0,0.0,0.0,0.15015015015015015
21,Reiss,Nelson,1,0.0,0.0,0.0,0.0,0.0,0.0
22,Edward,Nketiah,1,0.0,0.0,0.2702702702702703,0.0,0.2597402597402597,0.6006006006006006
23,Emile,Smith Rowe,1,6.25,8.633093525179856,6.216216216216217,6.266318537859007,3.896103896103896,2.8528528528528527
24,Bukayo,Saka,1,3.75,7.194244604316546,4.864864864864865,8.87728459530026,8.571428571428571,9.60960960960961
25,Matteo,Guendouzi,1,0.0,0.0,0.0,0.0,0.0,0.0
26,Gabriel Teodoro,Martinelli Silva,1,0.0,0.3597122302158274,0.0,0.0,0.0,0.0
27,William,Saliba,1,0.0,0.0,0.0,0.0,0.0,0.7507507507507507
70,Mathew,Ryan,1,0.0,0.7194244604316548,0.2702702702702703,0.26109660574412535,1.0389610389610389,8.108108108108109
478,Willian,Borges Da Silva,1,0.0,0.0,0.0,0.0,0.0,3.153153153153153
494,Gabriel,Magalhães,1,0.0,0.0,0.0,0.0,1.0389610389610389,4.2042042042042045
501,Daniel,Ceballos Fernández,1,0.0,0.0,0.2702702702702703,0.26109660574412535,0.2597402597402597,0.6006006006006006
526,Mohamed Naser,El Sayed Elneny,1,0.0,0.0,0.0,0.26109660574412535,0.0,0.45045045045045046
527,Matt,Macey,1,0.0,0.0,0.2702702702702703,0.0,0.0,1.0510510510510511
547,Rúnar Alex,Rúnarsson,1,0.0,0.0,0.0,0.0,0.0,0.15015015015015015
567,Thomas,Partey,1,0.0,0.0,0.0,0.0,0.0,0.3003003003003003
645,Martin,Ødegaard,1,0.0,0.0,0.0,0.26109660574412535,1.0389610389610389,0.45045045045045046
689,Miguel,Azeez,1,0.0,0.0,0.0,0.0,0.0,0.0
12,Emiliano,Martínez,2,37.5,44.24460431654676,50.54054054054053,51.174934725848566,66.49350649350649,40.090090090090094
28,Tom,Heaton,2,0.0,0.0,0.0,0.0,0.0,0.0
29,Ahmed,El Mohamady,2,0.0,0.0,0.0,0.0,0.2597402597402597,0.3003003003003003
30,Henri,Lansbury,2,0.0,0.0,0.0,0.0,0.0,0.15015015015015015
31,Neil,Taylor,2,0.0,0.0,0.0,0.0,0.0,0.15015015015015015
32,Jed,Steer,2,0.0,1.4388489208633095,1.891891891891892,2.3498694516971277,3.896103896103896,4.504504504504505
33,Conor,Hourihane,2,0.0,0.0,0.0,0.0,0.0,0.15015015015015015
34,José Ignacio,Peleteiro Romallo,2,0.0,0.0,0.0,0.0,0.0,0.0
35,Ørjan,Nyland,2,0.0,0.3597122302158274,0.2702702702702703,0.0,0.7792207792207793,4.354354354354354
36,Bjorn,Engels,2,0.0,0.0,0.0,0.0,0.0,0.0
37,Jack,Grealish,2,0.0,0.0,0.0,0.0,0.5194805194805194,13.213213213213212
38,John,McGinn,2,1.25,0.3597122302158274,0.2702702702702703,0.26109660574412535,0.5194805194805194,0.7507507507507507
39,Kortney,Hause,2,0.0,0.0,0.0,0.0,0.0,0.0
40,Mahmoud Ahmed,Ibrahim Hassan,2,0.0,0.0,0.0,0.0,0.0,0.15015015015015015
41,Tyrone,Mings,2,0.0,0.0,0.0,0.26109660574412535,1.8181818181818181,11.26126126126126
42,Matt,Targett,2,10.0,10.071942446043165,11.351351351351353,18.27676240208877,21.298701298701296,16.366366366366368
43,James,Bree,2,0.0,0.0,0.0,0.0,0.0,0.0
44,Marvelous,Nakamba,2,0.0,0.0,0.0,0.0,0.0,0.6006006006006006
45,Anwar,El Ghazi,2,0.0,0.0,0.2702702702702703,0.26109660574412535,0.2597402597402597,0.9009009009009009
46,Ezri,Konsa Ngoyo,2,7.5,10.071942446043165,7.837837837837839,7.310704960835509,6.493506493506493,6.306306306306306
47,Frédéric,Guilbert,2,0.0,0.0,0.0,0.0,0.0,0.0
48,Wesley,Moraes,2,0.0,0.0,0.0,0.0,0.0,0.0
49,Mbwana,Samatta,2,0.0,0.0,0.0,0.0,0.0,0.15015015015015015
50,Keinan,Davis,2,17.5,11.870503597122301,10.27027027027027,8.093994778067886,3.6363636363636362,7.657657657657657
51,Indiana,Vassilev,2,0.0,0.0,0.0,0.0,0.0,0.3003003003003003
52,Douglas Luiz,Soares de Paulo,2,0.0,0.0,0.0,0.0,0.2597402597402597,0.45045045045045046
106,Ross,Barkley,2,0.0,0.0,0.0,0.0,0.0,1.0510510510510511
496,Matthew,Cash,2,0.0,0.0,0.0,0.0,0.5194805194805194,0.6006006006006006
514,Ollie,Watkins,2,30.0,28.05755395683453,31.62162162162162,28.459530026109658,39.22077922077922,24.774774774774773
540,Bertrand,Traoré,2,0.0,0.3597122302158274,0.2702702702702703,0.5221932114882507,0.2597402597402597,0.15015015015015015
554,Jacob,Ramsey,2,0.0,0.0,0.0,0.0,0.0,0.15015015015015015
647,Morgan,Sanson,2,0.0,0.0,0.0,0.0,0.0,0.0
671,Kaine,Hayden,2,0.0,0.0,0.0,0.0,0.0,0.0
672,Carney,Chukwuemeka,2,0.0,0.0,0.0,0.0,0.0,0.0
683,Jaden,Philogene-Bidace,2,0.0,0.0,0.0,0.0,0.0,0.0
53,Glenn,Murray,3,0.0,0.0,0.0,0.0,0.0,0.15015015015015015
54,Adam,Lallana,3,0.0,0.0,0.0,0.0,0.0,0.3003003003003003
57,Pascal,Groß,3,0.0,0.0,0.0,0.0,0.2597402597402597,0.15015015015015015
58,Shane,Duffy,3,0.0,0.0,0.0,0.0,0.0,0.15015015015015015
59,Davy,Pröpper,3,0.0,0.0,0.0,0.0,0.0,0.0
60,Aaron,Mooy,3,0.0,0.0,0.0,0.0,0.0,0.0
61,Dan,Burn,3,1.25,1.4388489208633095,1.6216216216216217,1.3054830287206265,1.2987012987012987,0.6006006006006006
62,Lewis,Dunk,3,7.5,9.352517985611511,9.72972972972973,13.838120104438643,18.441558441558442,9.30930930930931
63,Martín,Montoya,3,0.0,0.0,0.0,0.0,0.0,0.0
64,Florin,Andone,3,0.0,0.0,0.0,0.0,0.0,0.15015015015015015
65,Solomon,March,3,0.0,0.0,0.0,0.0,0.0,0.15015015015015015
66,Adam,Webster,3,0.0,0.0,0.0,0.26109660574412535,0.0,0.45045045045045046
67,Joël,Veltman,3,26.25,21.942446043165468,18.10810810810811,14.099216710182768,8.311688311688311,2.1021021021021022
68,Neal,Maupay,3,0.0,0.0,0.0,0.5221932114882507,1.8181818181818181,3.003003003003003
69,Leandro,Trossard,3,7.5,6.115107913669065,2.7027027027027026,2.610966057441253,6.753246753246753,2.2522522522522523
71,Alireza,Jahanbakhsh,3,0.0,0.0,0.0,0.0,0.0,0.0
72,José,Izquierdo,3,0.0,0.0,0.0,0.0,0.0,0.0
73,Matthew,Clarke,3,0.0,0.0,0.0,0.0,0.0,0.0
74,Ben,White,3,1.25,0.3597122302158274,1.891891891891892,2.088772845953003,2.0779220779220777,1.951951951951952
75,Bernardo,Fernandes da Silva Junior,3,0.0,0.0,0.0,0.0,0.5194805194805194,4.954954954954955
76,Yves,Bissouma,3,0.0,0.3597122302158274,0.2702702702702703,0.7832898172323759,0.0,1.6516516516516515
77,Tariq,Lamptey,3,0.0,0.0,0.0,0.0,0.0,2.1021021021021022
78,Aaron,Connolly,3,0.0,0.0,0.0,0.0,0.0,0.3003003003003003
79,Steven,Alzate,3,0.0,0.0,0.2702702702702703,0.26109660574412535,0.0,0.7507507507507507
80,Alexis,Mac Allister,3,0.0,0.0,0.0,0.0,0.0,0.0
503,Christian,Walton,3,0.0,0.0,0.0,0.26109660574412535,0.5194805194805194,1.2012012012012012
528,Jason,Steele,3,0.0,0.3597122302158274,0.2702702702702703,0.0,0.5194805194805194,0.9009009009009009
550,Jayson,Molumby,3,0.0,0.0,0.0,0.0,0.0,0.0
574,Andi,Zeqiri,3,0.0,0.0,0.0,0.0,0.0,0.15015015015015015
588,Danny,Welbeck,3,5.0,1.7985611510791366,1.0810810810810811,1.0443864229765014,0.5194805194805194,0.7507507507507507
597,Robert,Sánchez,3,10.0,6.115107913669065,7.837837837837839,11.488250652741515,9.090909090909092,4.054054054054054
627,Percy,Tau,3,0.0,0.0,0.0,0.0,0.0,0.0
628,Jakub,Moder,3,0.0,0.0,0.0,0.0,0.0,0.0
630,Reda,Khadra,3,0.0,0.0,0.0,0.0,0.0,0.0
631,Teddy,Jenks,3,0.0,0.0,0.0,0.0,0.0,0.0
632,Max,Sanders,3,0.0,0.0,0.0,0.0,0.0,0.0
633,Jensen,Weir,3,0.0,0.0,0.0,0.0,0.0,0.0
662,Thomas,McGill,3,2.5,0.7194244604316548,1.6216216216216217,1.0443864229765014,0.5194805194805194,0.0
663,Michal,Karbownik,3,0.0,0.0,0.0,0.0,0.0,0.0
664,Moisés,Caicedo,3,0.0,0.0,0.0,0.0,0.0,0.0
55,Dale,Stephens,4,0.0,0.0,0.0,0.0,0.2597402597402597,2.8528528528528527
81,James,Tarkowski,4,0.0,0.3597122302158274,0.2702702702702703,0.26109660574412535,0.2597402597402597,2.5525525525525525
82,Phil,Bardsley,4,0.0,0.0,0.0,0.0,0.0,0.15015015015015015
83,Erik,Pieters,4,0.0,0.0,0.0,0.26109660574412535,0.5194805194805194,0.9009009009009009
84,Jack,Cork,4,0.0,0.0,0.0,0.0,0.0,0.0
85,Kevin,Long,4,0.0,0.0,0.0,0.0,0.0,0.0
86,Jay,Rodriguez,4,0.0,0.0,0.0,0.0,0.0,0.0
87,Ashley,Barnes,4,0.0,0.0,0.0,0.0,0.0,0.15015015015015015
88,Ben,Mee,4,2.5,1.4388489208633095,1.3513513513513513,2.8720626631853787,5.194805194805195,3.153153153153153
89,Ashley,Westwood,4,0.0,0.0,0.0,0.0,0.0,0.3003003003003003
90,Johann Berg,Gudmundsson,4,0.0,0.0,0.0,0.0,0.0,0.0
91,Chris,Wood,4,3.75,7.553956834532374,5.135135135135135,4.43864229765013,3.3766233766233764,2.5525525525525525
92,Matthew,Lowton,4,6.25,5.39568345323741,4.594594594594595,4.699738903394255,7.012987012987012,2.5525525525525525
93,Matej,Vydra,4,7.5,12.949640287769784,10.54054054054054,8.616187989556137,2.5974025974025974,1.951951951951952
94,Ben,Gibson,4,0.0,0.0,0.0,0.0,0.0,0.15015015015015015
95,Robbie,Brady,4,0.0,0.0,0.0,0.0,0.0,0.0
96,Nick,Pope,4,3.75,0.7194244604316548,2.9729729729729732,3.1331592689295036,6.493506493506493,10.96096096096096
97,Charlie,Taylor,4,0.0,0.0,0.5405405405405406,0.0,0.0,2.2522522522522523
98,Josh,Brownhill,4,0.0,0.0,0.0,0.0,0.0,0.0
99,Bailey,Peacock-Farrell,4,0.0,0.0,0.0,0.26109660574412535,0.5194805194805194,1.0510510510510511
100,Dwight,McNeil,4,0.0,0.0,0.0,0.0,0.2597402597402597,0.15015015015015015
519,Jimmy,Dunne,4,0.0,0.0,0.2702702702702703,1.0443864229765014,0.7792207792207793,3.303303303303303
520,Bobby,Thomas,4,0.0,0.0,0.0,0.0,0.0,0.6006006006006006
535,Josh,Benson,4,0.0,0.0,0.0,0.0,0.0,0.0
536,Anthony,Driscoll-Glennon,4,0.0,0.0,0.0,0.0,0.0,0.15015015015015015
551,Mace,Goodridge,4,0.0,0.0,0.0,0.0,0.0,0.0
583,Will,Norris,4,0.0,0.0,0.0,0.0,0.0,0.3003003003003003
591,Max,Thompson,4,0.0,0.0,0.0,0.0,0.0,0.45045045045045046
592,Lewis,Richardson,4,0.0,0.0,0.0,0.0,0.0,0.0
612,Anthony,Mancini,4,0.0,0.0,0.0,0.0,0.0,0.0
613,Joel,Mumbongo,4,0.0,0.0,0.0,0.0,0.0,0.0
658,Richard,Nartey,4,0.0,0.0,0.0,0.0,0.0,0.0
101,Willy,Caballero,5,0.0,0.0,0.0,0.0,0.0,0.3003003003003003
102,César,Azpilicueta,5,5.0,8.633093525179856,10.0,9.39947780678851,11.948051948051948,7.957957957957958
103,Olivier,Giroud,5,0.0,0.0,0.0,0.0,0.0,1.0510510510510511
104,Marcos,Alonso,5,6.25,4.676258992805756,2.9729729729729732,4.43864229765013,2.3376623376623376,2.4024024024024024
105,Jorge Luiz,Frello Filho,5,0.0,0.0,0.5405405405405406,1.0443864229765014,2.857142857142857,4.804804804804805
107,Mateo,Kovacic,5,0.0,0.0,0.0,0.0,0.0,0.3003003003003003
109,Antonio,Rüdiger,5,47.5,42.805755395683455,41.62162162162162,37.85900783289817,18.441558441558442,7.207207207207207
110,Kurt,Zouma,5,0.0,0.3597122302158274,0.0,0.26109660574412535,1.0389610389610389,8.708708708708707
111,Emerson,Palmieri dos Santos,5,0.0,0.0,0.0,0.0,0.0,0.0
112,Kepa,Arrizabalaga,5,0.0,0.0,0.0,0.0,0.0,0.45045045045045046
113,N'Golo,Kanté,5,0.0,0.0,0.0,0.0,0.2597402597402597,2.4024024024024024
114,Hakim,Ziyech,5,0.0,0.0,0.0,0.0,0.2597402597402597,2.8528528528528527
116,Andreas,Christensen,5,5.0,1.4388489208633095,3.2432432432432434,1.8276762402088773,2.3376623376623376,1.2012012012012012
117,Timo,Werner,5,0.0,0.0,0.0,0.0,1.0389610389610389,11.561561561561561
118,Tammy,Abraham,5,0.0,0.0,0.0,0.0,0.0,2.7027027027027026
119,Christian,Pulisic,5,0.0,0.0,0.2702702702702703,0.26109660574412535,2.3376623376623376,4.654654654654655
120,Mason,Mount,5,10.0,6.83453237410072,10.27027027027027,14.099216710182768,20.51948051948052,19.51951951951952
121,Fikayo,Tomori,5,0.0,0.0,0.0,0.0,0.0,0.0
122,Callum,Hudson-Odoi,5,0.0,0.0,0.0,0.0,0.0,0.7507507507507507
123,Reece,James,5,5.0,2.158273381294964,1.3513513513513513,3.6553524804177546,3.3766233766233764,6.756756756756757
124,Billy,Gilmour,5,0.0,0.0,0.0,0.0,0.0,0.0
232,Benjamin,Chilwell,5,0.0,0.3597122302158274,0.5405405405405406,1.3054830287206265,3.3766233766233764,16.816816816816818
490,Thiago,Thiago,5,0.0,0.0,0.0,0.0,0.0,2.1021021021021022
500,Kai,Havertz,5,0.0,0.0,0.2702702702702703,1.3054830287206265,0.5194805194805194,4.054054054054054
548,Edouard,Mendy,5,43.75,33.093525179856115,33.513513513513516,29.50391644908616,19.22077922077922,10.06006006006006
593,Karlo,Ziger,5,0.0,0.0,0.0,0.0,0.0,0.6006006006006006
605,Faustino,Anjorin,5,0.0,0.0,0.0,0.0,0.0,0.0
698,Valentino,Livramento,5,0.0,0.0,0.0,0.0,0.0,0.0
108,Michy,Batshuayi,6,0.0,0.0,0.0,0.0,0.0,0.6006006006006006
125,Gary,Cahill,6,0.0,0.0,0.0,0.0,0.0,0.0
126,Wayne,Hennessey,6,0.0,0.0,0.0,0.0,0.0,0.45045045045045046
127,Mamadou,Sakho,6,0.0,0.0,0.0,0.0,0.0,0.0
128,Vicente,Guaita,6,1.25,0.7194244604316548,1.3513513513513513,1.0443864229765014,1.8181818181818181,3.303303303303303
129,James,Tomkins,6,0.0,0.0,0.0,0.0,0.0,0.0
130,James,McArthur,6,0.0,0.0,0.0,0.0,0.0,0.0
131,James,McCarthy,6,0.0,0.0,0.0,0.0,0.2597402597402597,0.9009009009009009
132,Christian,Benteke,6,0.0,0.0,0.0,0.0,0.0,0.7507507507507507
133,Cheikhou,Kouyaté,6,0.0,0.0,0.0,0.0,0.0,0.3003003003003003
134,Joel,Ward,6,3.75,0.3597122302158274,1.891891891891892,0.0,0.7792207792207793,0.45045045045045046
135,Martin,Kelly,6,0.0,0.0,0.0,0.0,0.0,0.3003003003003003
136,Connor,Wickham,6,0.0,0.0,0.0,0.0,0.0,0.3003003003003003
137,Andros,Townsend,6,0.0,0.0,0.0,0.0,0.0,1.3513513513513513
138,Luka,Milivojevic,6,0.0,0.0,0.0,0.26109660574412535,0.0,0.15015015015015015
139,Patrick,van Aanholt,6,0.0,0.0,0.0,0.0,0.0,0.45045045045045046
140,Jordan,Ayew,6,0.0,0.0,0.0,0.0,0.2597402597402597,1.0510510510510511
141,Wilfried,Zaha,6,2.5,1.4388489208633095,0.5405405405405406,1.0443864229765014,0.2597402597402597,8.85885885885886
142,Jeffrey,Schlupp,6,0.0,0.0,0.0,0.0,0.0,0.0
143,Max,Meyer,6,0.0,0.0,0.0,0.0,0.0,0.15015015015015015
144,Jairo,Riedewald,6,0.0,0.0,0.2702702702702703,0.26109660574412535,0.0,0.3003003003003003
145,Nathan,Ferguson,6,0.0,0.0,0.0,0.26109660574412535,0.2597402597402597,0.7507507507507507
146,Tyrick,Mitchell,6,5.0,4.676258992805756,4.594594594594595,5.221932114882506,7.012987012987012,11.561561561561561
147,Brandon,Pierrick,6,0.0,0.0,0.0,0.0,0.0,0.15015015015015015
486,Scott,Dann,6,0.0,0.0,0.0,0.0,0.0,0.3003003003003003
489,Eberechi,Eze,6,0.0,0.0,0.0,0.0,0.5194805194805194,0.45045045045045046
522,Sam,Woods,6,0.0,0.0,0.0,0.0,0.0,0.15015015015015015
534,Ryan,Inniss,6,0.0,0.0,0.0,0.0,0.0,0.0
577,Nathaniel,Clyne,6,0.0,0.0,0.0,0.0,0.0,0.15015015015015015
578,Stephen,Henderson,6,0.0,0.0,0.0,0.26109660574412535,0.0,0.3003003003003003
586,Jack,Butland,6,0.0,0.0,0.0,0.0,0.0,0.0
641,Jean-Philippe,Mateta,6,0.0,0.0,0.0,0.0,0.0,0.0
675,Reece,Hannam,6,0.0,0.0,0.0,0.0,0.0,0.0
688,Jesurun,Rak-Sakyi,6,0.0,0.0,0.0,0.0,0.0,0.0
149,Fabian,Delph,7,0.0,0.0,0.0,0.0,0.0,0.0
150,Gylfi,Sigurdsson,7,6.25,2.877697841726619,4.594594594594595,3.3942558746736298,2.3376623376623376,2.7027027027027026
151,Jonas,Lössl,7,0.0,0.0,0.0,0.0,0.0,0.0
152,Seamus,Coleman,7,2.5,6.474820143884892,5.135135135135135,3.3942558746736298,3.6363636363636362,0.9009009009009009
153,Cenk,Tosun,7,0.0,0.0,0.0,0.0,0.0,0.0
154,Bernard,Anício Caldeira Duarte,7,0.0,0.0,0.0,0.0,0.0,0.15015015015015015
155,Lucas,Digne,7,10.0,13.309352517985612,12.432432432432433,10.966057441253264,8.311688311688311,8.708708708708707
156,Michael,Keane,7,2.5,1.7985611510791366,2.9729729729729732,2.088772845953003,5.974025974025974,6.156156156156156
157,Jordan,Pickford,7,0.0,2.158273381294964,1.891891891891892,0.7832898172323759,1.5584415584415585,4.354354354354354
158,André Filipe,Tavares Gomes,7,0.0,0.0,0.0,0.0,0.0,0.3003003003003003
159,Alex,Iwobi,7,0.0,0.0,0.0,0.0,0.0,0.0
160,Jonjoe,Kenny,7,0.0,0.0,0.0,0.0,0.0,0.0
161,Jean-Philippe,Gbamin,7,0.0,0.0,0.0,0.0,0.0,0.0
162,Yerry,Mina,7,0.0,0.0,0.0,0.0,0.0,1.3513513513513513
163,Tom,Davies,7,0.0,0.0,0.0,0.0,0.0,0.15015015015015015
164,Dominic,Calvert-Lewin,7,8.75,6.115107913669065,6.486486486486487,7.310704960835509,6.233766233766234,27.47747747747748
165,Mason,Holgate,7,3.75,3.237410071942446,3.5135135135135136,1.8276762402088773,1.0389610389610389,0.6006006006006006
166,Richarlison,de Andrade,7,2.5,1.079136690647482,0.8108108108108109,1.8276762402088773,3.116883116883117,10.06006006006006
167,João,Virgínia,7,0.0,0.0,0.0,0.0,0.0,0.0
168,Anthony,Gordon,7,0.0,0.0,0.0,0.0,0.0,0.15015015015015015
169,Moise,Kean,7,0.0,0.0,0.0,0.0,0.0,0.15015015015015015
170,Jarrad,Branthwaite,7,0.0,0.0,0.0,0.0,0.0,1.951951951951952
502,Allan,Marques Loureiro,7,0.0,0.0,0.0,0.0,0.0,1.2012012012012012
508,James,Rodríguez,7,1.25,1.4388489208633095,1.3513513513513513,1.3054830287206265,1.0389610389610389,9.45945945945946
512,Abdoulaye,Doucouré,7,0.0,0.0,0.0,0.0,0.0,0.45045045045045046
559,Niels,Nkounkou,7,0.0,0.0,0.0,0.0,0.0,0.6006006006006006
566,Ben,Godfrey,7,1.25,0.7194244604316548,0.2702702702702703,0.7832898172323759,0.2597402597402597,0.6006006006006006
573,Robin,Olsen,7,0.0,0.0,0.0,0.26109660574412535,0.0,0.15015015015015015
596,Ellis,Simms,7,0.0,0.0,0.0,0.0,0.0,0.0
644,Tyler,Onyango,7,0.0,0.0,0.0,0.0,0.0,0.0
651,Joshua,King,7,0.0,0.0,0.0,0.0,0.0,0.0
679,Kyle,John,7,0.0,0.0,0.0,0.0,0.0,0.0
680,Nathan,Broadhead,7,0.0,0.0,0.0,0.0,0.0,0.0
681,Ryan,Astley,7,0.0,0.0,0.0,0.0,0.0,0.0
682,Harry,Tyrer,7,0.0,0.0,0.0,0.0,0.0,0.0
690,Reece,Welch,7,0.0,0.0,0.0,0.0,0.0,0.0
691,Isaac,Price,7,0.0,0.0,0.0,0.0,0.0,0.0
115,Ruben,Loftus-Cheek,8,0.0,0.0,0.0,0.0,0.0,0.15015015015015015
171,Fabricio,Agosto Ramírez,8,7.5,5.755395683453238,5.405405405405405,4.177545691906006,3.3766233766233764,2.1021021021021022
172,Kevin,McDonald,8,0.0,0.0,0.0,0.0,0.0,0.0
173,Maxime,Le Marchand,8,0.0,0.0,0.0,0.0,0.0,0.0
174,Stefan,Johansen,8,0.0,0.0,0.0,0.0,0.0,0.0
175,Tom,Cairney,8,0.0,0.0,0.0,0.0,0.0,0.15015015015015015
176,Tim,Ream,8,0.0,0.0,0.0,0.0,0.0,0.0
177,Anthony,Knockaert,8,0.0,0.0,0.0,0.0,0.0,0.0
178,Michael,Hector,8,0.0,0.0,0.0,0.0,0.0,0.3003003003003003
179,Cyrus,Christie,8,0.0,0.0,0.0,0.0,0.0,0.0
180,Neeskens,Kebano,8,0.0,0.0,0.0,0.0,0.0,0.0
181,Bobby,Decordova-Reid,8,0.0,0.3597122302158274,0.0,0.0,0.2597402597402597,0.3003003003003003
182,Joe,Bryan,8,0.0,0.0,0.0,0.0,0.0,0.45045045045045046
183,Marcus,Bettinelli,8,0.0,0.0,0.0,0.0,0.0,0.0
184,Aleksandar,Mitrović,8,0.0,0.0,0.0,0.0,0.0,2.5525525525525525
185,Alfie,Mawson,8,0.0,0.0,0.0,0.0,0.0,0.0
186,Marek,Rodák,8,0.0,0.0,0.0,0.0,0.0,0.0
187,Ivan Ricardo,Neves Abreu Cavaleiro,8,0.0,0.0,0.0,0.0,0.0,0.0
188,Josh,Onomah,8,0.0,0.0,0.0,0.0,0.0,0.0
189,Jean Michaël,Seri,8,0.0,0.0,0.0,0.0,0.0,0.0
190,Aboubakar,Kamara,8,0.0,0.0,0.0,0.0,0.0,0.0
191,André-Frank,Zambo Anguissa,8,0.0,0.0,0.0,0.0,0.2597402597402597,1.8018018018018018
192,Zeze Steven,Sessegnon,8,0.0,0.0,0.0,0.0,0.0,0.0
373,Harrison,Reed,8,0.0,0.3597122302158274,0.0,0.26109660574412535,0.0,0.7507507507507507
484,Antonee,Robinson,8,0.0,0.0,0.0,0.0,0.2597402597402597,0.15015015015015015
493,Mario,Lemina,8,0.0,0.0,0.0,0.26109660574412535,0.0,0.45045045045045046
516,Alphonse,Areola,8,7.5,5.39568345323741,6.486486486486487,7.5718015665796345,9.61038961038961,3.453453453453453
517,Kenny,Tete,8,1.25,0.3597122302158274,0.0,0.26109660574412535,0.0,0.15015015015015015
525,Denis,Odoi,8,0.0,0.0,0.0,0.0,0.0,0.15015015015015015
557,Ademola,Lookman,8,1.25,1.079136690647482,1.0810810810810811,0.7832898172323759,1.8181818181818181,1.2012012012012012
562,Ola,Aina,8,0.0,1.079136690647482,1.3513513513513513,2.3498694516971277,3.3766233766233764,2.4024024024024024
571,Joachim,Andersen,8,0.0,0.0,0.0,0.26109660574412535,0.7792207792207793,0.6006006006006006
572,Tosin,Adarabioyo,8,0.0,0.0,0.0,0.0,0.7792207792207793,0.45045045045045046
585,Terence,Kongolo,8,0.0,0.0,0.0,0.0,0.0,0.0
665,Josh,Maja,8,0.0,0.3597122302158274,0.0,0.26109660574412535,0.2597402597402597,0.9009009009009009
695,Fabio,Carvalho,8,0.0,0.0,0.0,0.0,0.0,0.0
216,Wes,Morgan,9,0.0,0.0,0.0,0.0,0.0,0.0
217,Kasper,Schmeichel,9,10.0,6.474820143884892,2.9729729729729732,1.8276762402088773,4.1558441558441555,11.26126126126126
218,Christian,Fuchs,9,0.0,0.0,0.0,0.0,0.0,0.15015015015015015
219,Jonny,Evans,9,0.0,0.7194244604316548,1.0810810810810811,4.177545691906006,3.116883116883117,1.8018018018018018
220,Adrien,Silva,9,0.0,0.0,0.0,0.0,0.0,0.3003003003003003
221,Marc,Albrighton,9,0.0,0.0,0.0,0.0,0.0,0.0
222,Matty,James,9,0.0,0.0,0.0,0.0,0.0,0.0
223,Danny,Ward,9,0.0,0.0,0.0,0.0,0.0,0.15015015015015015
224,Jamie,Vardy,9,25.0,16.906474820143885,18.64864864864865,18.27676240208877,17.402597402597404,21.47147147147147
225,Dennis,Praet,9,0.0,0.0,0.0,0.0,0.0,0.0
226,Ricardo Domingos,Barbosa Pereira,9,1.25,0.0,0.5405405405405406,0.7832898172323759,1.8181818181818181,0.6006006006006006
227,Daniel,Amartey,9,2.5,1.4388489208633095,2.4324324324324325,0.7832898172323759,1.5584415584415585,1.6516516516516515
228,Youri,Tielemans,9,0.0,0.0,0.2702702702702703,1.0443864229765014,1.8181818181818181,3.453453453453453
229,Ayoze,Pérez,9,0.0,0.0,0.0,0.26109660574412535,0.0,0.6006006006006006
230,Demarai,Gray,9,0.0,0.0,0.0,0.0,0.0,0.0
231,James,Maddison,9,8.75,9.352517985611511,12.702702702702704,9.921671018276761,9.35064935064935,7.057057057057057
233,Kelechi,Iheanacho,9,91.25,95.32374100719424,95.67567567567568,90.86161879895562,76.62337662337663,23.573573573573572
234,Hamza,Choudhury,9,0.0,0.0,0.0,0.0,0.0,0.0
235,Harvey,Barnes,9,0.0,0.0,0.0,0.0,0.2597402597402597,4.054054054054054
236,Wilfred,Ndidi,9,0.0,0.0,0.0,0.0,0.0,0.9009009009009009
237,Filip,Benkovic,9,0.0,0.0,0.0,0.0,0.0,0.0
238,Çaglar,Söyüncü,9,0.0,0.3597122302158274,0.8108108108108109,0.7832898172323759,0.0,3.153153153153153
239,James,Justin,9,0.0,0.0,0.0,0.0,0.5194805194805194,7.657657657657657
240,Luke,Thomas,9,0.0,0.3597122302158274,0.0,0.0,0.7792207792207793,0.45045045045045046
498,Timothy,Castagne,9,27.500000000000004,22.302158273381295,15.135135135135137,17.4934725848564,11.428571428571429,6.606606606606606
518,Nampalys,Mendy,9,0.0,0.0,0.0,0.26109660574412535,0.5194805194805194,0.6006006006006006
541,Cengiz,Ünder,9,0.0,0.0,0.0,0.0,0.0,0.0
561,Wesley,Fofana,9,7.5,8.273381294964029,8.378378378378379,8.355091383812011,4.1558441558441555,1.3513513513513513
579,Islam,Slimani,9,0.0,0.0,0.0,0.0,0.0,0.0
660,Vontae,Daley-Campbell,9,0.0,0.0,0.0,0.0,0.0,0.0
661,Thakgalo,Leshabela,9,0.0,0.0,0.0,0.0,0.0,0.0
676,Sidnei,Tavares,9,0.0,0.0,0.0,0.0,0.0,0.0
684,Shane,Flynn,9,0.0,0.0,0.0,0.0,0.0,0.0
687,Thanawat,Suengchitthawon,9,0.0,0.0,0.0,0.0,0.0,0.0
703,Tawanda,Maswanhise,9,0.0,0.0,0.0,0.0,0.0,0.0
193,Pablo,Hernández Domínguez,10,0.0,0.0,0.0,0.0,0.0,0.15015015015015015
194,Francisco,Casilla Cortés,10,0.0,0.0,0.0,0.0,0.2597402597402597,0.45045045045045046
195,Liam,Cooper,10,0.0,0.0,0.0,0.0,0.0,0.0
196,Barry,Douglas,10,0.0,0.0,0.0,0.0,0.0,3.003003003003003
197,Luke,Ayling,10,1.25,0.7194244604316548,1.0810810810810811,1.0443864229765014,1.2987012987012987,2.4024024024024024
198,Mateusz,Klich,10,0.0,0.0,0.0,0.0,0.0,3.453453453453453
199,Adam,Forshaw,10,0.0,0.0,0.0,0.0,0.0,0.0
200,Stuart,Dallas,10,35.0,38.1294964028777,42.432432432432435,45.16971279373368,54.285714285714285,26.576576576576578
201,Ezgjan,Alioski,10,0.0,0.7194244604316548,1.0810810810810811,1.0443864229765014,1.5584415584415585,2.8528528528528527
202,Patrick,Bamford,10,16.25,17.985611510791365,21.08108108108108,31.853785900783286,48.83116883116883,45.19519519519519
203,Jack,Harrison,10,5.0,2.158273381294964,2.4324324324324325,0.7832898172323759,3.3766233766233764,3.153153153153153
204,Kalvin,Phillips,10,0.0,0.0,0.0,0.0,0.0,1.0510510510510511
205,Hélder Wander,Sousa de Azevedo e Costa,10,0.0,0.0,0.0,0.0,0.0,3.153153153153153
206,Tyler,Roberts,10,0.0,0.0,0.0,0.0,0.0,0.15015015015015015
207,Jay-Roy,Grot,10,0.0,0.0,0.0,0.0,0.0,0.0
208,Kamil,Miazek,10,0.0,0.0,0.0,0.0,0.0,0.6006006006006006
209,Ian Carlo,Poveda-Ocampo,10,0.0,0.0,0.0,0.0,0.0,0.0
210,Jamie,Shackleton,10,0.0,0.0,0.0,0.0,0.0,0.0
211,Pascal,Struijk,10,1.25,5.39568345323741,4.594594594594595,7.5718015665796345,8.311688311688311,4.954954954954955
212,Jordan,Stevens,10,0.0,0.0,0.0,0.0,0.0,0.3003003003003003
213,Illan,Meslier,10,8.75,5.755395683453238,4.594594594594595,7.5718015665796345,11.168831168831169,5.8558558558558556
214,Leif,Davis,10,0.0,0.0,0.0,0.0,0.0,0.7507507507507507
215,Oliver,Casey,10,0.0,0.0,0.0,0.0,0.2597402597402597,0.7507507507507507
491,Robin,Koch,10,0.0,0.0,0.0,0.0,0.0,0.15015015015015015
492,Rodrigo,Moreno,10,0.0,0.0,0.0,0.0,0.0,1.8018018018018018
532,Elia,Caprile,10,0.0,0.0,0.0,0.0,0.0,0.0
533,Mateusz,Bogusz,10,0.0,0.0,0.0,0.0,0.0,0.0
549,Diego,Llorente,10,0.0,0.0,0.5405405405405406,0.5221932114882507,0.7792207792207793,0.3003003003003003
570,Raphael,Dias Belloli,10,6.25,10.431654676258994,15.675675675675677,14.621409921671018,13.766233766233766,6.756756756756757
599,Jack,Jenkins,10,0.0,0.0,0.0,0.0,0.0,0.0
619,Niall,Huggins,10,0.0,0.0,0.0,0.0,0.0,0.15015015015015015
620,Charlie,Cresswell,10,0.0,0.0,0.0,0.0,0.0,0.0
667,Joe,Gelhardt,10,0.0,0.0,0.0,0.0,0.0,0.0
685,Gaetano,Berardi,10,0.0,0.0,0.0,0.0,0.0,0.0
692,Sam,Greenwood,10,0.0,0.0,0.0,0.0,0.0,0.0
693,Crysencio,Summerville,10,0.0,0.0,0.0,0.0,0.0,0.0
694,Cody,Drameh,10,0.0,0.0,0.0,0.0,0.0,0.0
241,James,Milner,11,0.0,0.0,0.0,0.0,0.0,0.3003003003003003
242,Konstantinos,Tsimikas,11,0.0,0.0,0.0,0.0,0.0,0.0
243,Georginio,Wijnaldum,11,0.0,0.0,0.0,0.0,0.5194805194805194,1.6516516516516515
244,Jordan,Henderson,11,0.0,0.0,0.0,0.0,0.0,0.7507507507507507
245,Adrián,San Miguel del Castillo,11,0.0,0.0,0.0,0.0,0.2597402597402597,0.3003003003003003
246,Joel,Matip,11,0.0,0.0,0.0,0.0,0.0,0.15015015015015015
247,Xherdan,Shaqiri,11,0.0,0.0,0.0,0.0,0.0,0.0
248,Alex,Oxlade-Chamberlain,11,0.0,0.0,0.0,0.0,0.0,0.0
249,Roberto,Firmino,11,0.0,0.0,0.0,0.0,0.7792207792207793,3.6036036036036037
250,Virgil,van Dijk,11,0.0,0.0,0.0,0.0,0.0,5.7057057057057055
251,Sadio,Mané,11,0.0,0.3597122302158274,0.5405405405405406,0.26109660574412535,1.2987012987012987,4.504504504504505
252,Alisson,Ramses Becker,11,0.0,0.3597122302158274,0.5405405405405406,0.26109660574412535,0.5194805194805194,4.954954954954955
253,Fabio Henrique,Tavares,11,0.0,0.0,0.0,0.0,0.0,0.3003003003003003
254,Mohamed,Salah,11,87.5,89.20863309352518,84.05405405405405,71.80156657963447,51.688311688311686,36.63663663663664
255,Andrew,Robertson,11,3.75,1.079136690647482,0.8108108108108109,3.3942558746736298,5.454545454545454,13.363363363363364
256,Divock,Origi,11,0.0,0.0,0.0,0.0,0.0,0.3003003003003003
257,Harry,Wilson,11,0.0,0.0,0.0,0.0,0.0,0.0
259,Trent,Alexander-Arnold,11,66.25,64.74820143884892,61.62162162162163,54.04699738903395,31.948051948051948,21.47147147147147
260,Joseph,Gomez,11,0.0,0.0,0.0,0.0,0.0,0.9009009009009009
261,Naby,Keita,11,0.0,0.0,0.0,0.0,0.0,0.0
263,Curtis,Jones,11,0.0,0.0,0.0,0.0,0.2597402597402597,0.6006006006006006
264,Neco,Williams,11,0.0,0.0,0.0,0.26109660574412535,1.0389610389610389,3.903903903903904
265,Harvey,Elliott,11,0.0,0.0,0.0,0.0,0.0,0.0
468,Diogo,Jota,11,63.74999999999999,68.34532374100719,65.13513513513513,61.61879895561357,44.41558441558441,14.864864864864865
531,Thiago,Alcántara do Nascimento,11,0.0,0.0,0.0,0.0,0.0,0.7507507507507507
560,Caoimhin,Kelleher,11,0.0,0.0,0.0,0.0,0.0,0.0
589,Nathaniel,Phillips,11,8.75,9.712230215827338,14.054054054054054,11.488250652741515,6.233766233766234,2.1021021021021022
594,Rhys,Williams,11,0.0,0.0,0.0,0.0,0.0,0.3003003003003003
601,Leighton,Clarkson,11,0.0,0.0,0.0,0.0,0.0,0.0
607,Jake,Cain,11,0.0,0.0,0.0,0.0,0.0,0.0
652,Ozan,Kabak,11,1.25,2.877697841726619,2.9729729729729732,2.088772845953003,2.857142857142857,1.3513513513513513
653,Ben,Davies,11,0.0,0.0,0.0,0.0,0.0,0.0
677,Liam,Hughes,11,0.0,0.0,0.0,0.0,0.0,0.0
678,Jakub,Ojrzynski,11,0.0,0.0,0.0,0.0,0.0,0.0
696,Ben,Woodburn,11,0.0,0.0,0.0,0.0,0.0,0.0
697,Billy,Koumetio,11,0.0,0.0,0.0,0.0,0.0,0.0
266,Fernando,Luiz Rosa,12,0.0,0.0,0.0,0.0,0.0,0.45045045045045046
267,Claudio,Bravo,12,0.0,0.0,0.0,0.0,0.0,0.0
268,Sergio,Agüero,12,0.0,0.0,0.0,0.0,0.0,0.7507507507507507
269,Nicolás,Otamendi,12,0.0,0.0,0.0,0.0,0.0,0.15015015015015015
270,Kyle,Walker,12,0.0,0.0,0.0,0.0,0.0,3.6036036036036037
271,Ilkay,Gündogan,12,7.5,5.39568345323741,8.64864864864865,11.488250652741515,24.155844155844157,23.423423423423422
272,Kevin,De Bruyne,12,0.0,0.0,1.6216216216216217,1.8276762402088773,4.1558441558441555,13.963963963963963
273,John,Stones,12,1.25,1.7985611510791366,3.783783783783784,2.610966057441253,12.727272727272727,11.411411411411411
274,Benjamin,Mendy,12,0.0,0.0,0.0,0.0,0.2597402597402597,2.2522522522522523
275,Riyad,Mahrez,12,1.25,0.3597122302158274,1.3513513513513513,0.5221932114882507,2.857142857142857,5.105105105105105
276,Raheem,Sterling,12,1.25,0.3597122302158274,0.2702702702702703,0.7832898172323759,0.7792207792207793,4.654654654654655
277,João Pedro Cavaco,Cancelo,12,1.25,0.3597122302158274,2.7027027027027026,6.527415143603134,14.025974025974024,15.165165165165165
278,Ederson,Santana de Moraes,12,1.25,1.079136690647482,1.6216216216216217,3.91644908616188,4.935064935064935,10.06006006006006
279,Nathan,Aké,12,0.0,0.0,0.0,0.0,0.0,2.4024024024024024
280,Aymeric,Laporte,12,0.0,0.0,0.2702702702702703,0.26109660574412535,0.2597402597402597,3.003003003003003
281,Bernardo Mota,Veiga de Carvalho e Silva,12,0.0,0.0,0.0,0.26109660574412535,0.2597402597402597,1.5015015015015014
282,Gabriel Fernando,de Jesus,12,0.0,0.0,0.0,0.0,0.7792207792207793,2.4024024024024024
283,Oleksandr,Zinchenko,12,0.0,0.0,0.0,0.0,0.0,1.0510510510510511
284,Phil,Foden,12,0.0,0.0,0.2702702702702703,0.7832898172323759,3.6363636363636362,7.807807807807808
285,Tommy,Doyle,12,0.0,0.0,0.0,0.0,0.0,0.0
286,Rodrigo,Hernandez,12,0.0,0.0,0.0,0.0,0.0,0.9009009009009009
287,Ferran,Torres,12,0.0,0.3597122302158274,0.0,0.0,0.0,1.0510510510510511
288,Eric,Garcia,12,0.0,0.0,0.0,0.0,0.0,0.15015015015015015
537,Adrián,Bernabé,12,0.0,0.0,0.0,0.0,0.0,0.0
538,Zack,Steffen,12,0.0,0.0,0.0,0.0,0.0,0.0
539,Liam,Delap,12,0.0,0.0,0.0,0.0,0.0,0.6006006006006006
552,Cole,Palmer,12,0.0,0.0,0.0,0.0,0.0,0.0
556,Rúben Santos,Gato Alves Dias,12,17.5,19.06474820143885,18.10810810810811,19.843342036553523,29.35064935064935,25.375375375375377
595,James,Trafford,12,0.0,0.0,0.0,0.0,0.0,0.15015015015015015
608,Scott,Carson,12,0.0,0.0,0.0,0.0,0.0,0.15015015015015015
609,Felix,Nmecha,12,0.0,0.0,0.0,0.0,0.0,0.0
622,Luke,Mbete,12,0.0,0.0,0.0,0.0,0.0,0.15015015015015015
623,Taylor,Harwood-Bellis,12,0.0,0.0,0.0,0.0,0.0,0.0
659,Claudio,Gomes,12,0.0,0.0,0.0,0.0,0.0,0.0
289,Sergio,Romero,13,0.0,0.0,0.0,0.0,0.0,0.0
290,Juan,Mata,13,0.0,0.0,0.0,0.0,0.0,0.15015015015015015
291,David,de Gea,13,0.0,0.0,0.5405405405405406,0.5221932114882507,0.2597402597402597,2.4024024024024024
292,Chris,Smalling,13,0.0,0.0,0.0,0.0,0.0,0.0
293,Odion,Ighalo,13,0.0,0.0,0.0,0.0,0.0,0.15015015015015015
294,Marcos,Rojo,13,0.0,0.0,0.0,0.0,0.0,0.0
295,Nemanja,Matic,13,0.0,0.0,0.0,0.0,0.0,0.0
296,Paul,Pogba,13,0.0,0.0,0.2702702702702703,0.26109660574412535,0.2597402597402597,1.951951951951952
297,Phil,Jones,13,0.0,0.0,0.0,0.0,0.0,0.0
298,Harry,Maguire,13,0.0,2.158273381294964,0.2702702702702703,1.8276762402088773,2.0779220779220777,4.354354354354354
299,Frederico,Rodrigues de Paula Santos,13,0.0,0.0,0.0,0.0,0.0,0.0
300,Luke,Shaw,13,35.0,39.92805755395683,45.94594594594595,42.03655352480418,39.22077922077922,15.015015015015015
302,Bruno Miguel,Borges Fernandes,13,77.5,76.2589928057554,75.67567567567568,73.36814621409921,82.33766233766234,52.25225225225225
303,Anthony,Martial,13,0.0,0.0,0.0,0.0,0.0,3.303303303303303
304,Andreas,Pereira,13,0.0,0.0,0.0,0.0,0.0,0.15015015015015015
305,Dean,Henderson,13,0.0,0.0,0.0,0.0,0.5194805194805194,1.8018018018018018
306,Marcus,Rashford,13,0.0,0.0,1.3513513513513513,1.3054830287206265,4.415584415584416,10.51051051051051
307,Axel,Tuanzebe,13,0.0,0.0,0.0,0.0,0.0,0.0
308,Victor,Lindelöf,13,1.25,0.3597122302158274,0.8108108108108109,0.26109660574412535,0.5194805194805194,1.2012012012012012
309,Scott,McTominay,13,0.0,0.0,0.0,0.0,0.5194805194805194,1.2012012012012012
310,Eric,Bailly,13,0.0,0.0,0.0,0.0,0.0,0.15015015015015015
311,Daniel,James,13,0.0,0.0,0.0,0.0,0.0,0.15015015015015015
312,Timothy,Fosu-Mensah,13,0.0,0.0,0.0,0.0,0.0,0.0
313,Aaron,Wan-Bissaka,13,1.25,4.676258992805756,3.783783783783784,4.960835509138381,10.38961038961039,16.816816816816818
314,José Diogo,Dalot Teixeira,13,0.0,0.0,0.0,0.0,0.0,0.0
315,Mason,Greenwood,13,7.5,9.712230215827338,10.54054054054054,13.838120104438643,11.168831168831169,5.7057057057057055
316,Tahith,Chong,13,0.0,0.0,0.0,0.0,0.0,0.0
317,James,Garner,13,0.0,0.0,0.0,0.0,0.0,0.0
318,Brandon,Williams,13,0.0,0.0,0.0,0.0,0.0,0.15015015015015015
319,Teden,Mengi,13,0.0,0.0,0.0,0.0,0.0,0.45045045045045046
495,Donny,van de Beek,13,0.0,0.0,0.0,0.0,0.0,1.8018018018018018
568,Alex Nicolao,Telles,13,0.0,0.0,0.0,0.0,0.0,0.45045045045045046
569,Edinson,Cavani,13,1.25,0.3597122302158274,2.1621621621621623,0.26109660574412535,3.3766233766233764,3.903903903903904
575,Facundo,Pellistri,13,0.0,0.0,0.0,0.0,0.0,0.0
604,Lee,Grant,13,0.0,0.0,0.0,0.0,0.0,0.0
640,Amad,Diallo,13,0.0,0.0,0.0,0.0,0.0,0.0
673,Shola,Shoretire,13,0.0,0.0,0.0,0.0,0.0,0.0
686,Nathan,Bishop,13,0.0,0.0,0.0,0.0,0.0,0.0
702,Anthony,Elanga,13,0.0,0.0,0.0,0.0,0.0,0.0
20,Joseph,Willock,14,0.0,0.0,0.0,0.0,0.2597402597402597,0.15015015015015015
320,Andy,Carroll,14,0.0,0.0,0.0,0.0,0.2597402597402597,0.15015015015015015
321,Jonjo,Shelvey,14,0.0,0.0,0.0,0.0,0.0,0.15015015015015015
322,Matt,Ritchie,14,0.0,0.0,0.0,0.0,0.0,0.0
323,Federico,Fernández,14,0.0,0.0,0.0,0.0,0.0,0.3003003003003003
324,Ciaran,Clark,14,0.0,0.0,0.0,0.0,0.0,0.15015015015015015
325,Karl,Darlow,14,0.0,0.0,0.0,0.0,0.0,1.8018018018018018
326,Martin,Dubravka,14,0.0,0.0,0.0,0.26109660574412535,0.0,0.15015015015015015
327,Florian,Lejeune,14,0.0,0.0,0.0,0.0,0.0,0.0
328,Jamaal,Lascelles,14,0.0,0.0,0.5405405405405406,0.5221932114882507,0.7792207792207793,0.7507507507507507
329,Dwight,Gayle,14,0.0,0.0,0.0,0.0,0.0,0.0
330,Christian,Atsu,14,0.0,0.0,0.0,0.0,0.0,0.0
331,Paul,Dummett,14,0.0,0.0,0.0,0.0,0.0,0.0
332,Javier,Manquillo,14,0.0,0.0,0.0,0.0,0.0,0.0
333,Emil,Krafth,14,0.0,0.0,0.0,0.0,0.0,0.15015015015015015
334,Fabian,Schär,14,0.0,0.0,0.0,0.0,0.0,0.0
335,DeAndre,Yedlin,14,0.0,0.0,0.0,0.0,0.0,0.0
336,Isaac,Hayden,14,0.0,0.0,0.0,0.0,0.0,0.0
337,Rolando,Aarons,14,0.0,0.0,0.0,0.0,0.0,0.0
338,Allan,Saint-Maximin,14,0.0,0.0,0.2702702702702703,0.26109660574412535,0.2597402597402597,2.5525525525525525
339,Miguel,Almirón,14,0.0,0.0,0.0,0.0,0.0,0.0
340,Joelinton Cássio,Apolinário de Lira,14,0.0,0.0,0.0,0.0,0.0,0.15015015015015015
341,Yoshinori,Muto,14,0.0,0.0,0.0,0.0,0.0,0.0
342,Kelland,Watts,14,0.0,0.0,0.0,0.0,0.0,0.0
480,Sean,Longstaff,14,0.0,0.0,0.0,0.0,0.0,0.0
485,Jeff,Hendrick,14,0.0,0.0,0.0,0.0,0.2597402597402597,1.3513513513513513
487,Matthew,Longstaff,14,0.0,0.0,0.0,0.0,0.0,0.0
488,Mark,Gillespie,14,0.0,0.0,0.0,0.0,0.0,0.0
497,Jacob,Murphy,14,0.0,0.0,0.0,0.0,0.0,0.15015015015015015
506,Callum,Wilson,14,0.0,0.0,0.0,0.26109660574412535,0.2597402597402597,6.156156156156156
507,Ryan,Fraser,14,0.0,0.0,0.0,0.0,0.0,0.15015015015015015
513,Jamal,Lewis,14,0.0,0.0,0.2702702702702703,0.26109660574412535,0.0,1.3513513513513513
602,Elliot,Anderson,14,0.0,0.0,0.0,0.0,0.0,0.0
606,Daniel,Langley,14,0.0,1.079136690647482,0.2702702702702703,0.0,0.2597402597402597,0.15015015015015015
262,Rhian,Brewster,15,3.75,2.158273381294964,1.891891891891892,1.5665796344647518,1.5584415584415585,4.2042042042042045
343,Billy,Sharp,15,0.0,0.0,0.0,0.0,0.0,0.3003003003003003
344,David,McGoldrick,15,0.0,0.0,0.0,0.0,0.2597402597402597,1.2012012012012012
345,Chris,Basham,15,0.0,0.0,0.0,0.0,0.0,0.6006006006006006
346,John,Fleck,15,0.0,0.0,0.0,0.0,0.0,0.15015015015015015
347,Enda,Stevens,15,0.0,0.0,0.0,0.0,0.0,1.2012012012012012
348,Simon,Moore,15,0.0,0.0,0.0,0.0,0.0,0.15015015015015015
349,Oliver,Norwood,15,0.0,0.0,0.0,0.0,0.0,0.15015015015015015
350,Wes,Foderingham,15,0.0,0.0,0.0,0.0,0.2597402597402597,0.0
351,George,Baldock,15,0.0,0.0,0.0,0.0,0.0,0.9009009009009009
352,Jack,Robinson,15,0.0,0.0,0.0,0.0,0.0,0.15015015015015015
353,John,Egan,15,0.0,0.0,0.0,0.0,0.0,1.2012012012012012
354,Jack,O'Connell,15,0.0,0.0,0.0,0.0,0.0,0.3003003003003003
355,John,Lundstram,15,0.0,0.0,0.0,0.0,0.0,0.9009009009009009
356,Ben,Osborn,15,0.0,0.0,0.0,0.0,0.0,0.0
357,Oliver,McBurnie,15,0.0,0.0,0.0,0.0,0.0,0.45045045045045046
359,Lys,Mousset,15,0.0,0.0,0.0,0.0,0.0,0.0
360,Sander,Berge,15,0.0,0.0,0.0,0.0,0.0,0.3003003003003003
424,Oliver,Burke,15,0.0,1.079136690647482,0.5405405405405406,1.0443864229765014,2.3376623376623376,2.7027027027027026
477,Luke,Freeman,15,0.0,0.0,0.0,0.0,0.0,0.0
483,Aaron,Ramsdale,15,0.0,0.0,0.2702702702702703,0.0,0.2597402597402597,1.0510510510510511
509,Ethan,Ampadu,15,0.0,0.0,0.2702702702702703,0.0,0.0,0.45045045045045046
510,Jayden,Bogle,15,0.0,0.0,0.2702702702702703,0.0,0.0,0.0
511,Max,Lowe,15,0.0,0.0,0.0,0.0,0.0,0.15015015015015015
529,Phil,Jagielka,15,0.0,0.3597122302158274,0.0,0.0,0.2597402597402597,0.3003003003003003
580,Michael,Verrips,15,0.0,0.0,0.0,0.0,0.0,0.15015015015015015
603,Kean,Bryan,15,0.0,0.0,0.0,0.26109660574412535,0.2597402597402597,0.3003003003003003
618,Antwoine,Hackford,15,0.0,0.0,0.0,0.0,0.0,0.15015015015015015
646,Kyron,Gordon,15,0.0,0.0,0.0,0.0,0.0,0.0
656,Iliman,Ndiaye,15,0.0,0.0,0.0,0.0,0.0,0.0
657,Zak,Brunt,15,0.0,0.0,0.0,0.0,0.0,0.0
670,Frankie,Maguire,15,0.0,0.0,0.0,0.0,0.0,0.15015015015015015
699,Daniel,Jebbison,15,0.0,0.0,0.0,0.0,0.0,0.0
148,Theo,Walcott,16,0.0,0.0,0.0,0.0,0.0,0.45045045045045046
258,Takumi,Minamino,16,0.0,0.0,0.0,0.0,0.0,0.0
361,Shane,Long,16,0.0,0.0,0.0,0.0,0.0,0.45045045045045046
362,Ryan,Bertrand,16,0.0,0.0,0.0,0.0,0.5194805194805194,0.45045045045045046
363,Alex,McCarthy,16,3.75,3.9568345323741005,2.9729729729729732,7.049608355091384,11.428571428571429,12.012012012012011
364,Oriol,Romeu Vidal,16,0.0,0.0,0.0,0.0,0.0,1.3513513513513513
365,Nathan,Redmond,16,0.0,0.0,0.0,0.0,0.0,0.3003003003003003
366,Danny,Ings,16,0.0,0.0,0.0,0.0,0.7792207792207793,6.156156156156156
367,Jack,Stephens,16,0.0,0.0,0.0,0.0,0.0,0.15015015015015015
368,Stuart,Armstrong,16,0.0,0.0,0.0,0.0,0.0,0.15015015015015015
369,Jannik,Vestergaard,16,0.0,1.079136690647482,1.3513513513513513,0.7832898172323759,1.0389610389610389,2.5525525525525525
370,James,Ward-Prowse,16,1.25,0.7194244604316548,1.6216216216216217,2.088772845953003,3.3766233766233764,7.807807807807808
371,Angus,Gunn,16,0.0,0.0,0.0,0.0,0.0,0.0
372,Sofiane,Boufal,16,0.0,0.0,0.0,0.0,0.0,0.0
374,Josh,Sims,16,0.0,0.0,0.0,0.0,0.0,0.3003003003003003
375,Kyle,Walker-Peters,16,0.0,0.0,0.0,0.5221932114882507,0.7792207792207793,3.903903903903904
376,Jan,Bednarek,16,0.0,0.0,0.8108108108108109,0.5221932114882507,1.2987012987012987,5.555555555555555
377,Che,Adams,16,0.0,0.0,0.2702702702702703,1.3054830287206265,1.5584415584415585,3.303303303303303
378,Yan,Valery,16,0.0,0.0,0.0,0.0,0.0,0.15015015015015015
379,William,Smallbone,16,0.0,0.0,0.0,0.0,0.0,0.3003003003003003
380,Jake,Vokins,16,0.0,0.0,0.0,0.0,0.0,0.45045045045045046
381,Michael,Obafemi,16,0.0,0.0,0.0,0.0,0.0,0.7507507507507507
382,Moussa,Djenepo,16,0.0,0.0,0.0,0.0,0.0,0.0
479,Mohammed,Salisu,16,0.0,0.0,0.0,0.0,0.0,0.15015015015015015
523,Fraser,Forster,16,50.0,50.719424460431654,48.64864864864865,36.0313315926893,14.025974025974024,6.906906906906906
524,Nathan,Tella,16,0.0,0.0,0.0,0.0,0.0,0.15015015015015015
565,Ibrahima,Diallo,16,0.0,0.0,0.0,0.0,0.0,0.0
590,Daniel,N'Lundulu,16,0.0,0.0,0.0,0.0,0.0,0.15015015015015015
598,Kayne,Ramsay,16,0.0,0.0,0.0,0.0,0.0,0.0
624,Kgaogelo,Chauke,16,0.0,0.0,0.0,0.0,0.0,0.0
625,Harry,Lewis,16,0.0,0.0,0.0,0.0,0.0,0.0
634,Will,Ferry,16,0.0,0.0,0.0,0.0,0.0,0.0
635,Allan,Tchaptchet,16,0.0,0.0,0.0,0.0,0.0,0.0
636,Caleb,Watts,16,0.0,0.0,0.0,0.0,0.0,0.0
643,Alexandre,Jankewitz,16,0.0,0.0,0.0,0.0,0.0,0.0
655,Ryan,Finnigan,16,0.0,0.0,0.0,0.0,0.0,0.0
383,Hugo,Lloris,17,2.5,4.676258992805756,6.756756756756757,6.7885117493472595,6.233766233766234,7.957957957957958
384,Danny,Rose,17,0.0,0.0,0.0,0.0,0.0,0.15015015015015015
385,Moussa,Sissoko,17,0.0,0.0,0.0,0.0,0.0,0.45045045045045046
386,Toby,Alderweireld,17,0.0,0.0,0.0,0.0,0.7792207792207793,1.8018018018018018
387,Erik,Lamela,17,0.0,0.0,0.0,0.0,0.0,0.15015015015015015
388,Harry,Kane,17,86.25,94.96402877697841,93.24324324324324,91.12271540469973,81.03896103896105,47.74774774774775
389,Serge,Aurier,17,1.25,0.7194244604316548,0.0,0.0,0.5194805194805194,1.0510510510510511
390,Heung-Min,Son,17,91.25,82.37410071942446,74.86486486486487,73.89033942558747,56.36363636363636,48.1981981981982
391,Eric,Dier,17,0.0,0.7194244604316548,2.7027027027027026,0.26109660574412535,0.7792207792207793,1.3513513513513513
392,Lucas,Rodrigues Moura da Silva,17,0.0,1.4388489208633095,1.891891891891892,1.8276762402088773,2.3376623376623376,2.4024024024024024
393,Paulo,Gazzaniga,17,0.0,0.0,0.0,0.0,0.0,0.45045045045045046
394,Bamidele,Alli,17,0.0,0.0,0.0,0.0,0.0,0.15015015015015015
395,Ben,Davies,17,0.0,0.0,0.0,0.0,0.0,0.3003003003003003
396,Pierre-Emile,Højbjerg,17,0.0,0.0,0.0,0.26109660574412535,0.5194805194805194,1.0510510510510511
397,Harry,Winks,17,0.0,0.0,0.0,0.0,0.0,0.3003003003003003
398,Davinson,Sánchez,17,0.0,0.0,0.2702702702702703,0.5221932114882507,0.2597402597402597,0.3003003003003003
399,Ryan,Sessegnon,17,0.0,0.0,0.0,0.0,0.0,0.15015015015015015
400,Steven,Bergwijn,17,0.0,0.0,0.0,0.0,0.0,0.15015015015015015
401,Gedson,Carvalho Fernandes,17,0.0,0.0,0.0,0.0,0.0,0.0
402,Japhet,Tanganga,17,0.0,0.0,0.0,0.0,0.0,0.0
403,Giovani,Lo Celso,17,0.0,0.0,0.0,0.0,0.0,0.45045045045045046
404,Oliver,Skipp,17,0.0,0.0,0.0,0.0,0.0,0.0
405,Tanguy,Ndombele,17,0.0,0.0,0.0,0.0,0.7792207792207793,1.2012012012012012
406,Juan,Foyth,17,0.0,0.0,0.0,0.0,0.0,0.0
457,Matt,Doherty,17,0.0,0.0,0.0,0.0,0.0,4.804804804804805
482,Joe,Hart,17,0.0,0.0,0.0,0.0,0.0,0.3003003003003003
521,Cameron,Carter-Vickers,17,0.0,0.0,0.0,0.0,0.0,0.15015015015015015
542,Sergio,Reguilón,17,7.5,11.870503597122301,10.0,11.488250652741515,9.35064935064935,5.255255255255255
543,Gareth,Bale,17,3.75,0.3597122302158274,1.3513513513513513,1.3054830287206265,2.857142857142857,2.7027027027027026
564,Carlos Vinicius,Alves Morais,17,0.0,0.0,0.0,0.0,0.0,0.15015015015015015
584,Joe,Rodon,17,0.0,0.0,0.0,0.26109660574412535,0.0,0.6006006006006006
650,Alfie,Devine,17,0.0,0.0,0.0,0.0,0.0,0.0
666,Dane,Scarlett,17,0.0,0.0,0.0,0.0,0.0,0.0
15,Ainsley,Maitland-Niles,18,0.0,0.0,0.0,0.26109660574412535,0.0,0.9009009009009009
56,David,Button,18,0.0,2.158273381294964,2.9729729729729732,2.610966057441253,3.896103896103896,4.354354354354354
358,Callum,Robinson,18,0.0,0.0,0.0,0.7832898172323759,0.7792207792207793,1.3513513513513513
407,Kieran,Gibbs,18,0.0,0.0,0.0,0.0,0.0,0.3003003003003003
408,Hal,Robson-Kanu,18,0.0,0.0,0.0,0.0,0.0,0.0
409,Jake,Livermore,18,0.0,0.0,0.0,0.0,0.0,0.15015015015015015
410,Kamil,Grosicki,18,0.0,0.0,0.0,0.0,0.0,0.0
411,Matt,Phillips,18,0.0,0.0,0.0,0.0,0.0,0.0
412,Kyle,Bartley,18,0.0,0.3597122302158274,0.2702702702702703,0.5221932114882507,0.0,0.15015015015015015
413,Romaine,Sawyers,18,0.0,0.0,0.0,0.0,0.0,0.0
414,Ahmed El-Sayed,Hegazy,18,0.0,0.0,0.0,0.0,0.0,0.0
415,Charlie,Austin,18,0.0,0.0,0.0,0.0,0.0,0.15015015015015015
416,Kenneth,Zohore,18,0.0,0.0,0.0,0.0,0.0,0.0
417,Sam,Johnstone,18,1.25,4.316546762589928,3.5135135135135136,6.005221932114883,5.194805194805195,3.303303303303303
418,Conor,Townsend,18,0.0,0.0,0.0,0.0,0.0,0.0
419,Oluwasemilogo Adesewo Ibidapo,Ajayi,18,0.0,0.0,0.0,0.0,0.0,0.0
420,Jonathan,Leko,18,0.0,0.0,0.0,0.0,0.0,0.0
421,Kyle,Edwards,18,0.0,0.0,0.0,0.0,0.0,0.0
422,Darnell,Furlong,18,0.0,0.0,0.0,0.26109660574412535,0.0,0.15015015015015015
423,Sam,Field,18,0.0,0.0,0.0,0.0,0.0,0.0
425,Dara,O'Shea,18,0.0,0.0,0.0,0.0,0.0,0.15015015015015015
426,Rekeem,Harper,18,0.0,0.0,0.0,0.0,0.0,0.3003003003003003
428,Robert,Snodgrass,18,0.0,0.0,0.0,0.0,0.0,0.0
446,Grady,Diangana,18,0.0,0.0,0.0,0.0,0.0,0.0
481,Matheus,Pereira,18,7.5,7.194244604316546,5.135135135135135,8.093994778067886,14.025974025974024,6.906906906906906
499,Cedric,Kipre,18,0.0,0.0,0.0,0.0,0.0,0.0
530,Branislav,Ivanovic,18,0.0,0.0,0.0,0.0,0.0,0.15015015015015015
544,Conor,Gallagher,18,0.0,0.0,0.0,0.0,0.0,0.0
555,Filip,Krovinovic,18,0.0,0.0,0.0,0.0,0.0,0.0
582,Karlan,Grant,18,0.0,0.0,0.0,0.0,0.0,0.0
600,Lee,Peltier,18,0.0,0.0,0.0,0.0,0.2597402597402597,0.0
621,Cheikh,Diaby,18,0.0,0.0,0.0,0.0,0.0,0.0
639,Andy,Lonergan,18,0.0,0.0,0.0,0.0,0.0,0.0
648,Mbaye,Diagne,18,1.25,0.3597122302158274,0.0,0.26109660574412535,0.0,0.7507507507507507
654,Okay,Yokuslu,18,0.0,0.0,0.0,0.0,0.2597402597402597,0.15015015015015015
700,Caleb,Taylor,18,0.0,0.0,0.0,0.0,0.0,0.0
701,Taylor,Gardner-Hickman,18,0.0,0.0,0.0,0.0,0.0,0.0
301,Jesse,Lingard,19,87.5,89.568345323741,88.64864864864866,86.94516971279373,79.22077922077922,32.88288288288289
427,Mark,Noble,19,0.0,0.0,0.0,0.0,0.0,0.3003003003003003
429,David,Martin,19,0.0,0.7194244604316548,0.5405405405405406,1.5665796344647518,0.5194805194805194,4.954954954954955
430,Darren,Randolph,19,0.0,0.0,0.0,0.0,0.0,0.3003003003003003
431,Lukasz,Fabianski,19,1.25,0.0,0.2702702702702703,2.088772845953003,0.7792207792207793,3.003003003003003
432,Angelo,Ogbonna,19,0.0,0.0,0.0,0.0,0.0,1.0510510510510511
433,Roberto,Jimenez Gago,19,0.0,0.0,0.0,0.0,0.0,0.0
434,Jack,Wilshere,19,0.0,0.0,0.0,0.0,0.0,0.0
435,Aaron,Cresswell,19,3.75,2.877697841726619,3.783783783783784,5.221932114882506,15.844155844155845,19.81981981981982
436,Andriy,Yarmolenko,19,0.0,0.0,0.0,0.0,0.0,0.0
437,Michail,Antonio,19,0.0,0.0,0.0,0.5221932114882507,0.5194805194805194,4.354354354354354
438,Ryan,Fredericks,19,0.0,0.0,0.0,0.0,0.0,0.15015015015015015
439,Manuel,Lanzini,19,0.0,0.0,0.0,0.0,0.0,0.0
440,Felipe Anderson,Pereira Gomes,19,0.0,0.0,0.0,0.0,0.0,0.0
441,Sébastien,Haller,19,0.0,0.0,0.0,0.0,0.0,0.3003003003003003
442,Arthur,Masuaku,19,2.5,2.158273381294964,1.3513513513513513,1.3054830287206265,1.0389610389610389,0.15015015015015015
443,Fabián,Balbuena,19,0.0,0.0,0.0,0.0,0.5194805194805194,0.45045045045045046
444,Jordan,Hugill,19,0.0,0.0,0.0,0.0,0.0,0.0
445,Jarrod,Bowen,19,1.25,1.079136690647482,1.891891891891892,2.610966057441253,3.116883116883117,2.5525525525525525
447,Albian,Ajeti,19,0.0,0.0,0.0,0.0,0.0,0.0
448,Declan,Rice,19,0.0,0.0,0.0,0.0,0.2597402597402597,1.5015015015015014
449,Tomas,Soucek,19,0.0,0.7194244604316548,2.7027027027027026,5.221932114882506,9.090909090909092,13.063063063063062
450,Pablo,Fornals,19,0.0,0.0,0.0,0.0,0.0,0.3003003003003003
451,Issa,Diop,19,1.25,1.4388489208633095,0.5405405405405406,0.5221932114882507,0.7792207792207793,0.3003003003003003
452,Ben,Johnson,19,0.0,0.3597122302158274,0.8108108108108109,0.7832898172323759,1.5584415584415585,2.7027027027027026
558,Vladimir,Coufal,19,18.75,18.345323741007196,14.864864864864865,16.971279373368144,17.92207792207792,7.807807807807808
576,Craig,Dawson,19,1.25,1.7985611510791366,3.2432432432432434,1.3054830287206265,1.5584415584415585,0.9009009009009009
587,Saïd,Benrahma,19,0.0,0.0,0.0,0.0,0.0,0.15015015015015015
637,Frederik,Alves,19,0.0,0.0,0.0,0.0,0.0,0.0
638,Ademipo,Odubeko,19,0.0,0.0,0.0,0.0,0.0,0.15015015015015015
668,Conor,Coventry,19,0.0,0.0,0.0,0.0,0.0,0.0
669,Jamal,Baptiste,19,0.0,0.0,0.0,0.0,0.0,0.0
674,Nathan,Trott,19,0.0,0.0,0.0,0.0,0.0,0.0
453,John,Ruddy,20,0.0,0.0,0.0,0.0,0.0,0.45045045045045046
454,João Filipe Iria,Santos Moutinho,20,0.0,0.0,0.0,0.26109660574412535,0.0,0.9009009009009009
455,Rui Pedro,dos Santos Patrício,20,2.5,5.755395683453238,3.5135135135135136,3.1331592689295036,4.1558441558441555,5.105105105105105
456,Ryan,Bennett,20,0.0,0.0,0.0,0.0,0.0,0.15015015015015015
458,Willy,Boly,20,0.0,0.0,0.0,0.0,0.0,1.2012012012012012
459,Conor,Coady,20,33.75,33.81294964028777,25.675675675675674,26.109660574412537,13.766233766233766,7.207207207207207
460,Raúl,Jiménez,20,0.0,0.0,0.0,0.0,0.0,5.255255255255255
461,Romain,Saïss,20,8.75,7.194244604316546,12.432432432432433,13.577023498694519,10.649350649350648,6.906906906906906
462,Jonathan,Castro Otto,20,0.0,0.0,0.0,0.0,0.0,0.0
463,Léo,Bonatini,20,0.0,0.0,0.0,0.0,0.0,0.0
464,Leander,Dendoncker,20,0.0,0.0,0.5405405405405406,0.0,0.2597402597402597,0.9009009009009009
465,Adama,Traoré,20,1.25,2.5179856115107913,1.891891891891892,3.6553524804177546,3.3766233766233764,5.8558558558558556
466,Rúben Diogo,da Silva Neves,20,0.0,0.0,0.2702702702702703,0.0,0.2597402597402597,1.6516516516516515
467,Oskar,Buur,20,0.0,0.0,0.0,0.0,0.2597402597402597,1.5015015015015014
469,Daniel,Castelo Podence,20,0.0,0.3597122302158274,0.0,0.7832898172323759,0.7792207792207793,1.3513513513513513
470,Max,Kilman,20,0.0,0.0,0.2702702702702703,0.7832898172323759,2.0779220779220777,6.006006006006006
471,Rúben Gonçalo,Silva Nascimento Vinagre,20,0.0,0.0,0.0,0.0,0.0,0.3003003003003003
472,Matija,Sarkic,20,0.0,0.0,0.0,0.0,0.0,0.15015015015015015
473,Morgan,Gibbs-White,20,0.0,0.0,0.0,0.0,0.0,0.0
474,Pedro,Lomba Neto,20,0.0,2.5179856115107913,2.9729729729729732,1.5665796344647518,0.7792207792207793,3.6036036036036037
475,Bruno André,Cavaco Jordao,20,0.0,0.0,0.0,0.0,0.0,0.15015015015015015
476,Leonardo,Campana,20,0.0,0.0,0.0,0.0,0.0,0.15015015015015015
504,Fabio,Silva,20,0.0,0.0,0.2702702702702703,0.0,0.2597402597402597,1.3513513513513513
505,Fernando,Marçal,20,0.0,0.0,0.0,0.0,0.0,0.0
515,Vitor,Ferreira,20,0.0,0.0,0.0,0.0,0.0,0.0
545,Ki-Jana,Hoever,20,0.0,0.0,0.0,0.0,0.0,0.0
546,Nélson,Cabral Semedo,20,2.5,5.755395683453238,3.5135135135135136,3.1331592689295036,6.493506493506493,3.7537537537537538
553,Meritan,Shabani,20,0.0,0.0,0.0,0.0,0.0,0.0
563,Rayan,Ait Nouri,20,0.0,0.0,0.2702702702702703,0.26109660574412535,0.0,0.15015015015015015
581,Owen,Otasowie,20,0.0,0.0,0.0,0.0,0.0,0.0
610,Theo,Corbeanu,20,0.0,0.0,0.0,0.0,0.0,0.0
611,Taylor,Perry,20,0.0,0.0,0.0,0.0,0.0,0.0
614,Luke,Cundle,20,0.0,0.0,0.0,0.0,0.0,0.0
615,Lewis,Richards,20,0.0,0.0,0.0,0.0,0.0,0.0
616,Christian,Marques,20,0.0,0.0,0.0,0.0,0.0,0.0
617,Andreas,Söndergaard,20,0.0,0.0,0.0,0.0,0.0,0.0
626,Patrick,Cutrone,20,0.0,0.0,0.0,0.0,0.0,0.0
629,Nigel,Lonwijk,20,0.0,0.0,0.0,0.0,0.0,0.0
642,Willian José,Da Silva,20,0.0,0.0,0.0,0.26109660574412535,0.2597402597402597,0.45045045045045046
649,Hugo,Bueno,20,0.0,0.0,0.0,0.0,0.0,0.0
