id,Pos,Name,BV,SV,Team,12_xMins,12_Pts,13_xMins,13_Pts,14_xMins,14_Pts,15_xMins,15_Pts,16_xMins,16_Pts
1,1,Leno,46,46,ARS,1,0.035,0,0,2,0.073,2,0.081,4,0.174
2,1,Rúnarsson,40,40,ARS,0,0,0,0,0,0,0,0,0,0
3,3,Willian,63,63,ARS,0,0,0,0,0,0,0,0,0,0
4,4,Aubameyang,100,100,ARS,55,2.501,82,5.869,81,3.948,70,4.044,77,5.237
5,2,Cédric,42,42,ARS,1,0.029,2,0.09,3,0.099,6,0.236,7,0.318
6,4,Lacazette,83,83,ARS,67,2.765,66,3.855,59,2.61,60,2.965,61,3.504
7,3,Xhaka,48,48,ARS,0,0,0,0,0,0,0,0,0,0
8,2,Marí,42,42,ARS,1,0.022,4,0.17,10,0.271,2,0.068,2,0.08
9,2,Bellerín,48,48,ARS,0,0,0,0,0,0,0,0,0,0
10,2,Chambers,42,42,ARS,0,0,0,0,0,0,1,0.039,3,0.137
11,2,Kolasinac,43,43,ARS,0,0,0,0,0,0,0,0,0,0
12,3,Elneny,44,44,ARS,9,0.393,4,0.199,11,0.478,5,0.234,12,0.572
13,3,Maitland-Niles,53,53,ARS,12,0.547,12,0.664,15,0.693,13,0.643,17,0.837
14,2,Holding,42,42,ARS,1,0.035,0,0,7,0.218,7,0.264,4,0.184
15,3,Partey,50,50,ARS,54,1.713,75,3.207,77,2.513,76,2.733,74,3.027
16,2,Tierney,48,48,ARS,70,1.61,73,3.707,79,2.247,75,2.892,70,3.321
17,3,Pépé,69,69,ARS,46,2.141,37,2.596,41,1.995,41,2.307,32,2.181
18,3,Torreira,45,45,ARS,0,0,0,0,0,0,0,0,0,0
20,4,Nketiah,54,54,ARS,1,0.055,1,0.077,1,0.059,1,0.065,2,0.149
21,3,Smith Rowe,58,58,ARS,73,2.884,66,4.077,67,2.881,67,3.29,66,3.832
22,3,Saka,63,63,ARS,81,3.008,71,4.122,69,2.832,72,3.368,70,3.849
23,2,Gabriel,51,51,ARS,89,1.909,88,4.348,81,2.248,87,3.242,86,3.96
24,2,Mavropanos,45,45,ARS,0,0,0,0,0,0,0,0,0,0
25,3,Guendouzi,45,45,ARS,0,0,0,0,0,0,0,0,0,0
26,3,Martinelli,52,52,ARS,14,0.74,12,0.853,10,0.558,14,0.863,12,0.828
27,2,Saliba,45,45,ARS,0,0,0,0,0,0,0,0,0,0
67,2,White,44,44,ARS,89,1.694,88,3.852,82,2.044,85,2.84,84,3.43
466,2,Tavares,43,43,ARS,20,0.589,19,0.947,16,0.549,22,0.912,24,1.161
478,3,Sambi Lokonga,48,48,ARS,75,2.244,65,2.624,76,2.333,73,2.48,61,2.414
530,4,Balogun,48,48,ARS,0,0,1,0.076,0,0,2,0.129,3,0.221
531,3,Nelson,50,50,ARS,0,0,0,0,0,0,0,0,0,0
532,1,Hein,40,40,ARS,0,0,0,0,0,0,0,0,0,0
558,3,Ødegaard,55,55,ARS,51,1.867,48,2.455,33,1.422,45,2.002,51,2.495
559,1,Ramsdale,48,46,ARS,89,3.097,90,4.041,88,3.186,88,3.551,86,3.726
572,1,Okonkwo,40,40,ARS,0,0,0,0,0,0,0,0,0,0
590,2,Tomiyasu,46,46,ARS,89,1.801,85,3.987,82,2.184,76,2.784,80,3.52
28,1,Steer,40,40,AVL,0,0,2,0.075,4,0.14,4,0.157,5,0.173
29,3,Hourihane,49,49,AVL,0,0,0,0,0,0,0,0,0,0
30,1,Martínez,55,55,AVL,90,3.638,88,3.25,86,2.979,86,3.363,83,2.845
31,2,Engels,45,45,AVL,0,0,0,0,0,0,0,0,0,0
32,3,Traoré,57,57,AVL,6,0.373,10,0.55,9,0.461,15,0.9,21,0.974
34,3,Sanson,50,50,AVL,0,0,4,0.181,5,0.22,8,0.375,18,0.743
35,3,McGinn,58,58,AVL,75,2.749,73,2.476,73,2.236,68,2.5,73,2.102
36,2,Hause,44,44,AVL,0,0,3,0.089,2,0.047,3,0.1,9,0.182
37,3,Trézéguet,54,54,AVL,0,0,0,0,0,0,0,0,0,0
38,2,Mings,49,49,AVL,84,3.039,86,2.437,83,1.608,86,2.834,77,1.103
39,2,Targett,47,47,AVL,88,3.253,81,2.406,84,1.669,78,2.715,75,1.146
40,4,Watkins,73,73,AVL,68,3.148,63,2.562,66,2.403,58,2.658,55,1.906
41,3,Nakamba,45,45,AVL,34,1.195,47,1.606,56,1.774,48,1.759,46,1.46
42,3,El Ghazi,56,56,AVL,39,2.478,38,2.104,34,1.705,32,2.016,34,1.578
43,3,Buendía,62,62,AVL,63,3.518,58,2.869,60,2.564,57,3.12,47,1.945
44,2,Cash,51,51,AVL,86,3.173,85,2.458,82,1.643,81,2.756,80,1.172
45,2,Konsa,49,49,AVL,86,3.117,82,2.364,82,1.606,77,2.604,77,1.126
46,2,Guilbert,45,45,AVL,0,0,0,0,0,0,0,0,0,0
47,4,Wesley,54,54,AVL,0,0,0,0,0,0,0,0,0,0
48,4,Samatta,55,55,AVL,0,0,0,0,0,0,0,0,0,0
49,4,Davis,44,44,AVL,1,0.063,1,0.058,2,0.106,1,0.064,4,0.205
50,3,Douglas Luiz,45,45,AVL,85,2.698,81,2.395,80,2.185,79,2.469,74,1.974
51,3,Ramsey,45,45,AVL,39,1.61,32,1.287,39,1.411,36,1.476,42,1.422
52,2,Young,47,47,AVL,6,0.227,10,0.383,10,0.33,17,0.8,23,0.642
283,2,Tuanzebe,45,45,AVL,11,0.371,12,0.354,17,0.405,21,0.758,21,0.41
337,4,Ings,77,77,AVL,55,3.308,68,3.46,56,2.564,65,3.662,67,2.696
492,3,Bailey,64,64,AVL,68,3.61,63,2.949,58,2.434,65,3.394,53,2.096
496,3,Ramsey,45,45,AVL,2,0.1,0,0,0,0,1,0.05,1,0.047
497,3,Philogene-Bidace,50,50,AVL,1,0.053,2,0.1,0,0,0,0,0,0
526,3,Chukwuemeka,45,45,AVL,1,0.043,1,0.042,0,0,1,0.043,0,0
568,4,Archer,45,45,AVL,0,0,1,0.058,0,0,0,0,0,0
596,1,Sinisalo,40,40,AVL,0,0,0,0,0,0,0,0,2,0.069
610,2,Bogarde,40,40,AVL,0,0,0,0,0,0,0,0,0,0
76,2,Jansson,47,47,BRE,88,2.657,87,2.89,81,1.934,84,2.128,79,3.07
77,3,Nørgaard,50,50,BRE,83,2.715,79,2.688,83,2.441,75,2.351,72,2.65
78,4,Toney,67,65,BRE,87,4.477,82,4.42,81,3.546,85,3.967,84,4.971
79,3,Fosu,51,51,BRE,4,0.206,3,0.155,3,0.144,0,0,3,0.166
80,1,Raya,45,45,BRE,0,0,0,0,0,0,0,0,0,0
81,3,Canós,55,55,BRE,79,2.819,79,2.845,70,2.336,68,2.36,74,2.899
82,3,Dasilva,53,53,BRE,0,0,0,0,0,0,0,0,0,0
83,2,Henry,45,45,BRE,84,2.993,85,3.297,84,2.262,80,2.396,79,3.574
84,3,Janelt,50,50,BRE,63,2.247,50,1.909,41,1.479,49,1.741,49,1.987
85,3,Ghoddos,53,53,BRE,24,1.106,21,0.996,17,0.764,18,0.829,17,0.864
86,3,Jensen,49,49,BRE,37,1.439,63,2.388,60,2.047,71,2.382,65,2.609
87,2,Goode,39,39,BRE,67,2.267,14,0.55,19,0.592,14,0.464,22,0.966
88,4,Forss,53,53,BRE,12,0.731,20,1.212,19,1.03,24,1.302,19,1.268
89,2,Roerslev,43,43,BRE,16,0.674,13,0.607,21,0.832,25,1.026,18,0.967
90,2,Sørensen,43,43,BRE,0,0,0,0,0,0,0,0,0,0
91,2,Pinnock,47,47,BRE,88,2.863,87,3.115,82,2.09,81,2.245,80,3.346
92,1,Balcombe,40,40,BRE,0,0,0,0,0,0,0,0,0,0
93,3,Zamburek,45,45,BRE,0,0,2,0.088,0,0,1,0.042,2,0.092
94,1,Gunnarsson,39,39,BRE,0,0,0,0,0,0,0,0,0,0
95,4,Dervişoğlu,54,54,BRE,0,0,0,0,0,0,0,0,0,0
96,3,Mbeumo,56,55,BRE,80,4.089,74,3.946,75,3.246,66,3.103,67,4.025
97,3,Bidstrup,44,44,BRE,0,0,1,0.043,2,0.085,2,0.086,1,0.045
479,3,Onyeka,49,49,BRE,26,1.121,24,1.063,34,1.302,29,1.172,32,1.402
483,2,Ajer,45,45,BRE,0,0,0,0,0,0,0,0,0,0
498,2,Thompson,44,44,BRE,0,0,0,0,1,0.031,1,0.033,5,0.21
499,3,Baptiste,49,49,BRE,19,0.832,21,0.942,20,0.847,30,1.193,19,0.893
524,3,Wissa,59,59,BRE,8,0.431,15,0.872,17,0.872,8,0.44,23,1.44
556,1,Fernández,45,45,BRE,89,3.427,90,3.569,90,3.189,83,3.012,90,3.724
569,2,Stevens,40,40,BRE,2,0.079,0,0,1,0.035,2,0.073,1,0.044
594,2,Zanka,45,45,BRE,24,0.906,77,2.943,83,2.221,84,2.399,79,3.516
614,3,Maghoma,45,45,BRE,0,0,0,0,0,0,0,0,0,0
619,1,Cox,40,40,BRE,0,0,0,0,0,0,0,0,0,0
53,3,Lallana,54,54,BHA,69,2.728,68,2.954,55,2.096,71,2.792,70,2.872
54,1,Steele,40,40,BHA,90,3.446,0,0,0,0,2,0.078,2,0.08
55,3,Groß,59,59,BHA,73,3.268,58,3.004,58,2.432,60,2.825,51,2.597
56,2,Duffy,44,44,BHA,83,2.745,70,2.775,67,1.719,69,2.27,60,2.197
57,3,Pröpper,45,45,BHA,0,0,0,0,0,0,0,0,0,0
58,2,Burn,44,44,BHA,11,0.407,16,0.673,28,0.856,22,0.824,21,0.847
59,2,Dunk,50,50,BHA,86,2.919,84,3.423,81,2.119,79,2.664,79,2.977
60,3,March,53,53,BHA,42,1.799,42,1.924,41,1.629,43,1.81,28,1.309
61,2,Webster,44,44,BHA,32,1.149,43,1.723,37,1.045,42,1.436,55,1.981
62,2,Veltman,44,44,BHA,39,1.391,42,1.709,52,1.376,48,1.623,36,1.39
63,4,Maupay,65,65,BHA,75,3.533,76,4.056,75,3.16,75,3.559,74,3.687
64,3,Trossard,65,65,BHA,84,4.027,80,4.412,75,3.213,68,3.405,76,3.908
65,1,Ryan,45,45,BHA,0,0,0,0,0,0,0,0,0,0
66,3,Jahanbakhsh,55,55,BHA,0,0,0,0,0,0,0,0,0,0
68,2,Bernardo,40,40,BHA,0,0,0,0,0,0,0,0,0,0
69,1,Sánchez,46,46,BHA,0,0,90,3.662,90,3.225,88,3.407,88,3.498
70,3,Bissouma,44,44,BHA,85,2.51,78,2.504,84,2.271,74,2.24,68,2.166
71,2,Lamptey,44,44,BHA,70,2.823,62,3.057,56,1.842,60,2.452,75,3.194
72,4,Connolly,53,53,BHA,16,0.906,27,1.472,23,1.127,31,1.563,27,1.437
73,3,Alzate,48,48,BHA,0,0,0,0,0,0,0,0,0,0
74,3,Mac Allister,54,54,BHA,37,1.548,31,1.475,32,1.369,35,1.573,30,1.455
75,3,Moder,45,45,BHA,17,0.774,9,0.427,12,0.533,15,0.683,15,0.697
447,4,Welbeck,60,60,BHA,0,0,0,0,0,0,0,0,0,0
462,3,Mwepu,59,59,BHA,0,0,28,1.095,42,1.387,38,1.449,59,2.265
476,1,Scherpen,45,45,BHA,0,0,0,0,0,0,0,0,0,0
500,4,Andone,50,50,BHA,0,0,0,0,0,0,0,0,0,0
535,4,Zeqiri,45,45,BHA,0,0,0,0,0,0,0,0,0,0
536,2,Karbownik,40,40,BHA,0,0,0,0,0,0,0,0,0,0
537,3,Richards,45,45,BHA,1,0.051,0,0,2,0.098,2,0.103,1,0.052
538,3,Caicedo,45,45,BHA,0,0,0,0,0,0,0,0,0,0
560,2,Roberts,40,40,BHA,0,0,0,0,0,0,0,0,2,0.087
584,2,Cucurella,50,50,BHA,72,2.612,74,3.174,71,1.999,60,2.173,65,2.61
595,4,Locadia,44,44,BHA,5,0.307,11,0.734,6,0.34,5,0.308,7,0.439
612,3,Sarmiento,45,45,BHA,0,0,0,0,0,0,0,0,0,0
98,2,Tarkowski,49,49,BUR,90,3.232,85,2.741,86,2.471,82,2.639,84,2.4
99,2,Bardsley,39,39,BUR,0,0,0,0,1,0.027,3,0.088,3,0.082
100,2,Pieters,43,43,BUR,3,0.113,1,0.035,6,0.204,6,0.216,4,0.135
101,3,Cork,45,45,BUR,42,1.541,44,1.544,36,1.266,43,1.51,52,1.724
102,3,Stephens,45,45,BUR,0,0,0,0,0,0,0,0,0,0
103,2,Long,40,40,BUR,1,0.046,0,0,2,0.079,3,0.119,2,0.078
104,4,Rodriguez,53,53,BUR,10,0.625,14,0.83,24,1.201,19,1.076,21,1.13
105,4,Barnes,53,53,BUR,4,0.245,10,0.592,4,0.223,14,0.819,21,1.172
106,2,Mee,49,49,BUR,89,3.353,88,2.951,84,2.525,83,2.801,86,2.566
107,3,Westwood,53,53,BUR,74,2.565,73,2.431,79,2.471,71,2.377,69,2.249
108,3,Gudmundsson,54,54,BUR,62,2.642,60,2.446,58,2.266,52,2.184,57,2.278
109,4,Wood,67,67,BUR,82,4.5,77,3.98,74,3.541,74,3.845,65,3.347
110,2,Lowton,44,44,BUR,88,3.5,88,3.09,84,2.648,81,2.875,83,2.595
111,4,Vydra,52,52,BUR,23,1.397,23,1.327,20,1.113,25,1.446,23,1.313
112,1,Pope,54,54,BUR,90,3.626,90,3.442,90,3.343,90,3.493,88,3.26
113,2,Taylor,44,44,BUR,87,3.094,89,2.803,85,2.409,83,2.616,81,2.298
114,1,Norris,44,44,BUR,0,0,0,0,0,0,0,0,2,0.075
115,3,Brownhill,44,44,BUR,78,2.637,70,2.274,71,2.183,78,2.517,72,2.274
116,3,Benson,45,45,BUR,0,0,0,0,0,0,0,0,0,0
117,1,Peacock-Farrell,45,45,BUR,0,0,0,0,0,0,0,0,0,0
118,3,McNeil,58,58,BUR,85,3.141,86,2.993,83,2.768,83,2.911,82,2.806
451,2,Collins,43,43,BUR,1,0.046,7,0.251,12,0.377,11,0.374,10,0.317
480,1,Hennessey,45,45,BUR,0,0,0,0,0,0,0,0,0,0
533,4,Richardson,45,45,BUR,0,0,0,0,0,0,0,0,0,0
534,2,Thomas,40,40,BUR,1,0.03,0,0,0,0,3,0.086,0,0
565,2,Dodgson,40,40,BUR,0,0,0,0,0,0,2,0.057,1,0.027
575,3,Lennon,49,49,BUR,7,0.394,9,0.491,11,0.576,10,0.552,9,0.481
578,3,Cornet,61,61,BUR,66,3.482,70,3.429,72,3.191,63,3.118,63,2.954
585,2,Roberts,45,45,BUR,6,0.252,5,0.198,6,0.216,10,0.366,8,0.275
119,2,Azpilicueta,59,59,CHE,54,2.357,57,2.48,66,3.299,64,2.461,59,3.065
120,4,Giroud,65,65,CHE,0,0,0,0,0,0,0,0,0,0
121,2,Thiago Silva,55,55,CHE,42,1.777,48,2.006,49,2.344,41,1.533,48,2.37
122,2,Alonso,56,56,CHE,21,1.137,18,0.967,18,1.093,22,1.082,39,2.543
123,3,Jorginho,58,58,CHE,75,3.088,73,2.979,67,2.835,71,2.585,73,3.138
124,3,Barkley,52,52,CHE,24,1.448,7,0.349,10,0.528,6,0.292,11,0.592
125,3,Kovacic,52,52,CHE,0,0,0,0,0,0,0,0,0,0
126,4,Batshuayi,55,55,CHE,0,0,0,0,0,0,0,0,0,0
127,2,Rüdiger,59,57,CHE,88,3.571,77,3.171,78,3.715,85,3.016,79,3.873
129,1,Arrizabalaga,48,48,CHE,0,0,0,0,0,0,2,0.08,4,0.182
130,3,Kanté,49,49,CHE,80,2.814,74,2.666,75,2.853,71,2.43,62,2.535
131,3,Ziyech,73,73,CHE,22,1.339,6,0.365,7,0.465,12,0.719,11,0.766
132,3,Loftus-Cheek,54,54,CHE,19,0.938,20,0.964,32,1.531,24,1.088,26,1.314
133,2,Christensen,50,50,CHE,76,2.977,68,2.668,68,3.095,64,2.214,60,2.788
134,4,Werner,86,86,CHE,28,1.553,65,3.428,44,2.358,38,1.831,33,1.923
135,2,Chilwell,60,60,CHE,68,3.674,72,3.958,72,4.579,68,3.286,51,3.34
136,4,Abraham,65,65,CHE,0,0,0,0,0,0,0,0,0,0
137,3,Pulisic,79,79,CHE,16,1.01,34,2.086,19,1.315,22,1.321,37,2.517
138,3,Mount,75,75,CHE,68,4.116,66,4,39,2.671,44,2.509,50,3.469
139,2,Ampadu,45,45,CHE,0,0,0,0,0,0,0,0,0,0
140,3,Hudson-Odoi,53,53,CHE,56,2.819,30,1.657,38,2.143,29,1.471,33,1.986
141,3,Havertz,81,81,CHE,72,4.403,53,3.143,47,2.895,52,2.7,46,2.952
142,2,James,60,60,CHE,72,4.566,84,5.261,70,5.223,70,3.955,72,5.571
143,1,Mendy,62,62,CHE,90,3.722,90,3.74,90,4.023,88,3.494,84,3.808
501,2,Sarr,49,49,CHE,2,0.094,0,0,1,0.053,3,0.127,4,0.199
527,2,Chalobah,48,48,CHE,12,0.501,12,0.504,14,0.676,19,0.779,19,1.008
529,4,Lukaku,115,115,CHE,0,0,27,1.673,81,5.039,85,4.413,78,5.134
539,2,Emerson,45,45,CHE,0,0,0,0,0,0,0,0,0,0
592,3,Saúl,51,51,CHE,5,0.233,8,0.376,5,0.242,8,0.371,10,0.505
606,1,Bettinelli,40,40,CHE,0,0,0,0,0,0,0,0,2,0.091
144,3,Gallagher,59,59,CRY,88,4.05,83,4.201,81,3.518,79,2.959,74,3.686
146,1,Guaita,46,46,CRY,90,3.52,90,3.712,90,3.349,88,3.073,90,3.716
147,2,Tomkins,43,43,CRY,1,0.035,0,0,3,0.102,12,0.35,5,0.199
148,3,McArthur,45,45,CRY,0,0,0,0,0,0,0,0,0,0
149,4,Benteke,63,63,CRY,58,3.167,50,3.073,58,3.018,57,2.561,51,3.012
150,2,Kouyaté,45,45,CRY,69,2.51,66,2.787,68,2.186,70,1.668,70,2.871
151,2,Kelly,39,39,CRY,1,0.037,2,0.08,1,0.034,2,0.059,2,0.08
152,3,Milivojevic,54,54,CRY,50,2.029,54,2.358,46,1.818,43,1.555,48,2.072
153,4,Ayew,58,58,CRY,36,1.742,34,1.762,26,1.271,31,1.336,25,1.335
154,3,Zaha,70,70,CRY,85,4.163,82,4.534,74,3.452,79,3.123,69,3.759
155,3,Schlupp,54,54,CRY,30,1.314,31,1.421,25,1.092,18,0.779,26,1.197
156,1,Butland,44,44,CRY,0,0,0,0,0,0,2,0.071,0,0
157,3,Riedewald,48,48,CRY,14,0.623,21,0.927,26,1.043,28,1.051,15,0.677
158,2,Jach,43,43,CRY,1,0.045,0,0,4,0.148,4,0.125,5,0.209
159,4,Mateta,53,53,CRY,1,0.064,1,0.07,1,0.062,3,0.169,3,0.21
160,3,Eze,59,59,CRY,7,0.411,20,1.314,27,1.496,40,1.825,42,2.441
161,2,Ferguson,45,45,CRY,0,0,0,0,0,0,0,0,0,0
162,2,Mitchell,45,45,CRY,90,3.062,89,3.546,85,2.555,79,1.757,82,3.219
386,3,Hughes,47,47,CRY,3,0.146,5,0.248,12,0.529,22,0.861,28,1.16
464,3,Olise,54,54,CRY,35,1.686,31,1.616,44,1.923,29,1.249,36,1.818
474,2,Ward,45,45,CRY,80,2.538,85,3.088,81,2.258,79,1.614,79,2.843
477,2,Guéhi,45,45,CRY,89,2.749,86,3.074,88,2.39,85,1.682,81,2.862
488,2,Andersen,45,45,CRY,89,2.819,87,3.186,86,2.397,79,1.633,84,3.038
493,2,Clyne,43,43,CRY,10,0.33,6,0.21,9,0.273,14,0.363,18,0.734
540,2,Hannam,40,40,CRY,0,0,1,0.032,0,0,0,0,0,0
541,3,Rak-Sakyi,45,45,CRY,0,0,0,0,0,0,0,0,1,0.051
542,4,Street,45,45,CRY,0,0,0,0,0,0,0,0,1,0.065
543,3,Banks,45,45,CRY,0,0,0,0,0,0,0,0,0,0
561,1,Matthews,40,40,CRY,0,0,0,0,0,0,0,0,0,0
586,4,Edouard,65,65,CRY,64,2.798,66,3.16,55,2.429,45,1.859,55,2.671
163,3,Delph,44,44,EVE,73,2.128,51,1.936,55,1.867,38,1.503,42,1.6
164,3,Sigurdsson,68,68,EVE,0,0,0,0,0,0,0,0,0,0
165,2,Coleman,49,49,EVE,86,1.342,83,2.834,83,1.871,70,2.284,76,2.408
166,3,James,69,69,EVE,0,0,0,0,0,0,0,0,0,0
167,3,Bernard,55,55,EVE,0,0,0,0,0,0,0,0,0,0
168,2,Digne,51,51,EVE,88,1.558,89,3.469,86,2.225,83,2.932,86,2.993
169,2,Keane,50,50,EVE,89,1.542,87,3.295,81,2.076,80,2.773,81,2.76
170,1,Pickford,50,50,EVE,88,3.014,90,3.517,90,3.161,89,3.375,90,3.4
171,3,Allan,46,46,EVE,87,2.161,84,2.476,81,2.182,75,2.233,83,2.318
172,3,André Gomes,49,49,EVE,8,0.306,28,1.068,37,1.285,48,1.77,36,1.394
173,3,Doucouré,54,54,EVE,0,0,0,0,13,0.417,34,1.207,43,1.595
174,3,Iwobi,58,58,EVE,37,1.541,45,2.284,36,1.664,43,2.126,29,1.485
175,2,Mina,49,49,EVE,0,0,0,0,0,0,0,0,0,0
176,3,Davies,49,49,EVE,0,0,0,0,0,0,0,0,0,0
177,4,Calvert-Lewin,80,80,EVE,0,0,0,0,0,0,0,0,0,0
178,2,Holgate,42,42,EVE,0,0,0,0,0,0,51,1.616,56,1.747
179,2,Godfrey,48,48,EVE,89,1.339,83,2.821,86,1.908,66,2.103,60,1.89
180,4,Richarlison,74,74,EVE,84,3.026,86,4.16,77,3.239,77,3.703,78,3.581
181,1,Virgínia,40,40,EVE,0,0,0,0,0,0,0,0,0,0
481,1,Begović,40,40,EVE,2,0.069,0,0,0,0,1,0.038,0,0
482,3,Townsend,56,56,EVE,61,2.232,70,3.299,65,2.644,60,2.8,61,2.729
484,3,Gray,57,57,EVE,74,2.693,72,3.535,69,2.877,60,2.92,78,3.421
502,2,Kenny,44,44,EVE,5,0.141,7,0.279,8,0.261,6,0.229,1,0.039
503,3,Gordon,45,45,EVE,49,1.8,45,2.073,45,1.843,54,2.347,42,1.871
504,3,Gbamin,45,45,EVE,41,1.403,46,1.765,25,1.002,16,0.716,24,1.007
544,2,Branthwaite,40,40,EVE,3,0.083,7,0.259,10,0.267,6,0.212,3,0.116
545,4,Broadhead,45,45,EVE,0,0,0,0,0,0,0,0,0,0
564,4,Kean,60,60,EVE,0,0,0,0,0,0,0,0,0,0
570,2,Nkounkou,40,40,EVE,0,0,0,0,0,0,0,0,0,0
571,1,Lonergan,40,40,EVE,0,0,0,0,0,0,0,0,0,0
591,4,Rondón,60,60,EVE,19,0.871,8,0.48,32,1.466,26,1.365,13,0.727
602,4,Simms,45,45,EVE,0,0,0,0,0,0,0,0,0,0
607,4,Dobbin,45,45,EVE,0,0,0,0,0,0,0,0,0,0
613,3,Whitaker,45,45,EVE,0,0,2,0.1,2,0.096,0,0,0,0
616,1,Tyrer,40,40,EVE,0,0,0,0,0,0,0,0,0,0
622,4,Tosun,50,50,EVE,2,0.103,1,0.064,0,0,0,0,2,0.122
623,2,Welch,40,40,EVE,0,0,0,0,0,0,0,0,0,0
200,1,Schmeichel,50,50,LEI,90,3.225,88,3.797,90,3.485,90,3.445,85,3.635
201,2,Evans,54,54,LEI,82,2.111,75,3.219,80,2.475,82,2.506,78,3.23
202,3,Albrighton,52,52,LEI,12,0.607,12,0.741,5,0.273,10,0.539,14,0.882
203,3,Mendy,44,44,LEI,0,0,0,0,0,0,0,0,0,0
204,1,Ward,40,40,LEI,0,0,2,0.087,0,0,0,0,4,0.172
205,4,Vardy,107,107,LEI,87,3.911,78,5.014,80,4.141,76,3.949,77,4.834
206,3,Praet,49,49,LEI,0,0,0,0,0,0,0,0,0,0
207,2,Pereira,53,53,LEI,87,2.493,79,3.902,78,2.801,75,2.717,80,3.798
208,2,Amartey,39,39,LEI,36,1.142,34,1.605,30,1.092,29,1.061,39,1.797
209,2,Castagne,53,53,LEI,87,2.258,81,3.558,80,2.565,78,2.516,75,3.262
210,3,Tielemans,65,65,LEI,0,0,0,0,0,0,0,0,2,0.099
211,3,Pérez,57,57,LEI,33,1.58,19,1.26,19,1.137,20,1.179,11,0.75
212,3,Maddison,66,66,LEI,71,3.369,69,4.556,66,3.52,68,3.62,68,4.398
213,4,Iheanacho,70,70,LEI,47,2.347,27,1.955,34,1.997,29,1.734,34,2.326
214,3,Choudhury,44,44,LEI,10,0.446,13,0.624,19,0.835,23,0.969,19,0.89
215,3,Barnes,65,65,LEI,14,0.731,53,3.313,53,2.748,60,3.019,56,3.409
216,3,Ndidi,48,48,LEI,88,2.459,89,3.005,88,2.602,81,2.425,81,2.76
217,2,Söyüncü,49,49,LEI,88,2.431,81,3.852,78,2.682,77,2.668,77,3.572
218,2,Justin,49,49,LEI,0,0,0,0,3,0.105,7,0.248,6,0.276
219,2,Thomas,43,43,LEI,5,0.171,12,0.592,18,0.743,14,0.584,16,0.824
220,2,Fofana,43,43,LEI,0,0,0,0,0,0,0,0,0,0
340,2,Vestergaard,48,48,LEI,24,0.733,18,0.799,21,0.743,19,0.668,20,0.895
455,4,Daka,71,71,LEI,6,0.342,12,0.863,15,0.936,16,0.948,22,1.427
458,3,Soumaré,48,48,LEI,78,2.336,84,2.884,81,2.473,72,2.305,73,2.62
473,2,Bertrand,47,47,LEI,1,0.04,5,0.234,5,0.188,7,0.253,5,0.229
505,3,Dewsbury-Hall,45,45,LEI,1,0.044,0,0,0,0,1,0.046,4,0.19
573,1,Jakupovic,40,40,LEI,0,0,0,0,0,0,0,0,2,0.086
587,3,Lookman,60,60,LEI,42,1.846,58,3.117,45,2.125,55,2.495,40,2.225
182,3,Hernández,55,55,LEE,0,0,0,0,0,0,0,0,0,0
183,1,Casilla,45,45,LEE,0,0,0,0,0,0,0,0,0,0
184,2,Cooper,45,45,LEE,85,2.226,83,2.438,86,3.081,85,3.317,83,1.443
185,2,Ayling,43,43,LEE,0,0,0,0,0,0,0,0,0,0
186,3,Klich,54,54,LEE,40,1.953,39,2.001,46,2.605,42,2.513,45,1.851
187,4,Rodrigo,63,63,LEE,71,2.92,70,3.004,66,3.186,61,3.186,67,2.446
188,3,Dallas,51,51,LEE,87,2.616,81,2.537,79,2.764,79,2.866,80,2.209
189,4,Bamford,77,77,LEE,0,0,0,0,0,0,0,0,0,0
190,2,Llorente,45,45,LEE,80,2.343,68,2.245,75,3.054,61,2.703,75,1.511
191,3,Phillips,48,48,LEE,86,2.442,85,2.483,84,2.653,73,2.487,75,2.005
192,3,Costa,54,54,LEE,0,0,0,0,0,0,0,0,0,0
193,3,Roberts,48,48,LEE,27,1.342,30,1.521,35,1.976,44,2.488,36,1.527
194,2,Koch,43,43,LEE,0,0,0,0,0,0,0,0,0,0
195,3,Poveda,45,45,LEE,0,0,0,0,0,0,0,0,0,0
196,3,Raphinha,66,65,LEE,82,3.669,84,3.894,79,4.334,75,4.447,72,2.749
197,3,Shackleton,45,45,LEE,19,0.761,17,0.709,21,0.888,32,1.293,26,0.959
198,2,Struijk,44,44,LEE,65,1.801,57,1.771,61,2.316,59,2.427,54,1.063
199,1,Meslier,49,49,LEE,90,3.257,90,3.383,88,3.588,88,3.682,83,2.849
267,3,Harrison,56,56,LEE,84,3.196,75,3.048,74,3.452,71,3.532,71,2.44
287,3,James,60,60,LEE,71,3.033,73,3.183,69,3.505,65,3.527,71,2.549
463,2,Firpo,48,48,LEE,50,1.606,67,2.341,61,2.641,64,3.002,63,1.413
490,1,Klaesson,44,44,LEE,0,0,0,0,2,0.082,2,0.084,7,0.242
550,4,Greenwood,45,45,LEE,0,0,2,0.128,1,0.071,2,0.146,2,0.112
551,3,Summerville,45,45,LEE,6,0.311,3,0.155,5,0.287,11,0.672,13,0.628
552,3,Forshaw,45,45,LEE,31,1.382,50,2.063,33,1.629,46,2.215,48,1.706
562,2,Drameh,40,40,LEE,1,0.025,0,0,1,0.031,1,0.033,0,0
563,2,Cresswell,40,40,LEE,4,0.141,8,0.273,13,0.499,12,0.495,8,0.196
576,3,McCarron,45,45,LEE,3,0.094,1,0.032,3,0.1,4,0.136,2,0.06
577,4,Gelhardt,45,45,LEE,4,0.233,3,0.18,4,0.266,7,0.488,4,0.21
600,3,Kenneh,44,44,LEE,0,0,0,0,0,0,0,0,0,0
601,3,McKinstry,44,44,LEE,0,0,0,0,0,0,0,0,0,0
608,2,Hjelde,40,40,LEE,0,0,0,0,0,0,0,0,0,0
624,3,Bate,45,45,LEE,0,0,0,0,0,0,0,0,0,0
221,3,Milner,49,49,LIV,0,0,10,0.557,4,0.21,8,0.429,22,1.252
222,3,Henderson,50,50,LIV,30,1.251,78,3.275,77,2.883,75,2.846,75,3.147
223,1,Adrián,44,44,LIV,0,0,0,0,0,0,2,0.087,0,0
224,2,Matip,50,50,LIV,59,2.512,55,2.733,50,2.147,56,2.427,61,3.061
225,3,Thiago,53,53,LIV,71,2.83,61,2.723,52,2.132,65,2.586,50,2.282
226,3,Shaqiri,59,59,LIV,0,0,0,0,0,0,0,0,0,0
227,3,Chamberlain,58,58,LIV,68,2.925,29,1.717,20,1.078,21,1.161,27,1.628
228,4,Firmino,88,88,LIV,0,0,0,0,0,0,0,0,0,0
229,2,van Dijk,67,67,LIV,89,3.675,89,4.292,81,3.373,77,3.27,75,3.673
230,3,Mané,119,119,LIV,74,4.728,79,5.851,81,4.995,76,4.813,78,5.812
231,1,Alisson,60,60,LIV,90,3.886,90,4.224,90,3.907,85,3.729,88,4.138
232,3,Fabinho,54,54,LIV,86,3,78,3.037,78,2.731,70,2.504,67,2.649
233,3,Salah,130,127,LIV,86,6.866,78,7.319,81,6.169,72,5.567,72,6.718
234,2,Robertson,70,70,LIV,21,0.987,73,3.83,82,3.611,69,3.157,77,4.025
235,4,Origi,49,49,LIV,17,1.183,12,0.944,16,1.105,22,1.474,14,1.109
236,3,Minamino,51,51,LIV,20,1.334,18,1.283,20,1.279,24,1.544,26,1.875
237,2,Alexander-Arnold,77,76,LIV,86,5.053,86,5.885,84,4.749,85,4.838,82,5.584
238,2,Gomez,47,47,LIV,0,0,0,0,0,0,0,0,0,0
239,3,Keita,50,50,LIV,1,0.044,18,0.909,37,1.676,42,1.913,40,2.017
240,3,Jota,75,75,LIV,75,4.834,75,5.597,73,4.571,67,4.306,75,5.564
241,2,Phillips,42,42,LIV,0,0,0,0,2,0.097,2,0.098,1,0.055
242,1,Kelleher,44,44,LIV,0,0,0,0,0,0,4,0.173,2,0.093
243,2,Konaté,51,51,LIV,32,1.402,36,1.791,46,1.99,45,1.979,41,2.046
244,3,Jones,50,50,LIV,0,0,0,0,0,0,0,0,0,0
245,2,Tsimikas,39,39,LIV,69,3.271,16,0.856,7,0.315,21,1.021,11,0.576
246,2,N.Williams,39,39,LIV,8,0.373,2,0.095,4,0.182,2,0.09,1,0.047
247,2,R.Williams,44,44,LIV,0,0,0,0,0,0,0,0,0,0
248,2,Davies,40,40,LIV,0,0,0,0,0,0,0,0,0,0
506,3,Elliott,53,53,LIV,0,0,0,0,0,0,0,0,0,0
553,3,Woodburn,45,45,LIV,0,0,0,0,0,0,0,0,0,0
620,3,Morton,45,45,LIV,0,0,0,0,0,0,0,0,0,0
33,3,Grealish,77,77,MCI,11,0.896,37,2.494,54,3.464,62,4.24,64,4.519
249,2,Walker,55,55,MCI,81,4.056,81,3.577,79,3.503,69,3.331,72,3.668
250,3,Gündogan,72,72,MCI,82,5.27,70,4.245,60,3.529,59,3.633,56,3.459
251,3,De Bruyne,119,119,MCI,0,0,21,1.309,37,2.293,44,2.967,61,4.516
252,2,Stones,53,53,MCI,68,3.562,37,1.776,57,2.65,54,2.704,48,2.539
253,2,Mendy,53,53,MCI,0,0,0,0,0,0,0,0,0,0
254,3,Mahrez,86,86,MCI,62,5.634,35,2.912,37,2.997,43,3.646,50,4.323
255,3,Sterling,106,106,MCI,75,5.514,66,4.781,50,3.621,55,4.225,46,3.623
256,2,Cancelo,65,63,MCI,87,4.867,69,3.476,68,3.42,73,3.965,69,3.947
257,1,Ederson,60,60,MCI,90,4.261,90,3.973,88,3.905,88,4.07,88,4.202
258,2,Aké,48,48,MCI,6,0.306,11,0.499,10,0.454,7,0.347,19,1.007
259,2,Laporte,55,55,MCI,25,1.341,59,2.785,42,2.046,46,2.373,48,2.589
260,1,Steffen,45,45,MCI,0,0,0,0,2,0.089,2,0.093,2,0.096
261,3,Bernardo,71,71,MCI,85,4.046,75,3.38,70,3.154,67,3.161,66,3.236
262,2,Dias,61,61,MCI,84,4.179,80,3.543,80,3.539,79,3.768,75,3.802
263,4,Jesus,87,87,MCI,82,4.966,71,4.061,68,3.782,57,3.458,63,3.921
264,2,Zinchenko,53,53,MCI,9,0.443,23,1.116,23,1.117,33,1.728,25,1.345
265,3,Foden,83,83,MCI,34,2.798,64,4.662,64,4.566,59,4.437,47,3.871
266,3,Rodrigo,55,55,MCI,88,3.468,85,3.2,85,3.129,80,3.11,79,3.108
268,3,Torres,67,67,MCI,0,0,0,0,0,0,0,0,0,0
453,3,Fernandinho,48,48,MCI,14,0.691,11,0.533,11,0.555,9,0.446,5,0.254
507,3,Palmer,45,45,MCI,2,0.139,0,0,1,0.063,0,0,0,0
508,3,Edozie,48,48,MCI,1,0.058,1,0.056,0,0,0,0,1,0.058
566,3,Doyle,45,45,MCI,0,0,0,0,0,0,0,0,0,0
593,1,Carson,39,39,MCI,0,0,0,0,0,0,0,0,0,0
603,2,Mbete,40,40,MCI,0,0,0,0,0,0,0,0,2,0.079
604,2,Wilson-Esbrand,40,40,MCI,0,0,0,0,0,0,0,0,0,0
605,3,Lavia,45,45,MCI,0,0,0,0,0,0,0,0,0,0
615,1,Slicker,40,40,MCI,0,0,0,0,0,0,0,0,0,0
269,4,Cavani,84,84,MUN,9,0.642,17,0.925,17,1.123,19,1.356,15,1.047
270,1,de Gea,50,50,MUN,88,3.765,84,3.009,86,3.502,86,3.773,83,3.654
271,3,Matic,45,45,MUN,47,1.76,22,0.842,29,1.144,41,1.583,34,1.353
272,3,Pogba,74,74,MUN,0,0,0,0,0,0,0,0,0,0
273,2,Maguire,54,54,MUN,88,3.609,89,2.135,80,2.938,80,3.49,80,3.47
274,3,Fred,49,49,MUN,82,2.879,78,2.27,68,2.353,64,2.389,68,2.489
275,2,Shaw,52,52,MUN,67,3.251,82,2.361,87,3.71,85,4.31,76,3.946
276,3,Lingard,68,68,MUN,9,0.636,12,0.661,11,0.732,14,1.015,11,0.776
277,3,Fernandes,117,117,MUN,85,5.293,80,3.477,80,4.657,73,4.849,85,5.338
278,4,Martial,76,76,MUN,1,0.071,3,0.17,1,0.068,2,0.147,1,0.072
279,2,Telles,50,50,MUN,11,0.553,7,0.242,3,0.129,5,0.244,9,0.454
280,1,Henderson,48,48,MUN,2,0.086,6,0.216,4,0.164,4,0.176,7,0.308
281,3,Rashford,94,94,MUN,70,4.05,66,2.813,71,3.797,63,3.818,68,3.997
282,3,van de Beek,57,57,MUN,5,0.238,7,0.308,3,0.136,8,0.397,7,0.343
284,2,Lindelöf,48,48,MUN,89,3.679,66,1.648,58,2.147,55,2.422,37,1.655
285,3,McTominay,54,54,MUN,44,1.61,75,2.183,78,2.554,71,2.548,63,2.283
286,2,Bailly,49,49,MUN,10,0.432,5,0.157,14,0.568,6,0.258,7,0.303
288,2,Wan-Bissaka,52,52,MUN,88,3.72,84,2.105,84,3.14,88,3.918,82,3.646
289,3,Greenwood,74,74,MUN,68,3.977,56,2.464,61,3.327,60,3.667,64,3.782
459,3,Mata,48,48,MUN,0,0,1,0.047,0,0,0,0,1,0.056
485,3,Sancho,89,89,MUN,28,1.848,36,1.743,32,1.956,38,2.482,34,2.202
509,1,Heaton,40,40,MUN,0,0,0,0,0,0,0,0,0,0
510,2,Dalot,44,44,MUN,14,0.698,10,0.374,6,0.27,7,0.34,11,0.545
511,3,Pereira,50,50,MUN,0,0,0,0,0,0,0,0,0,0
512,3,Elanga,48,48,MUN,0,0,0,0,0,0,0,0,1,0.054
555,2,Varane,55,55,MUN,0,0,20,0.508,32,1.241,45,2.062,61,2.808
579,4,Ronaldo,124,124,MUN,82,5.32,79,3.619,81,4.893,73,4.966,81,5.267
19,3,Willock,58,58,NEW,70,2.792,55,1.887,58,2.505,75,2.848,54,1.967
291,3,Shelvey,53,53,NEW,46,1.758,53,1.661,52,2.052,51,1.91,52,1.709
292,2,Ritchie,49,49,NEW,88,3.561,90,1.869,82,3.73,85,3.366,76,2.038
293,2,Clark,44,44,NEW,69,2.635,64,1.314,72,3.083,66,2.513,57,1.421
294,1,Darlow,45,45,NEW,38,1.562,23,0.801,14,0.598,20,0.82,31,1.109
295,1,Dubravka,44,44,NEW,52,2.135,67,2.332,76,3.253,70,2.873,59,2.108
296,4,Wilson,74,74,NEW,82,4.964,77,3.348,80,5.106,77,4.593,71,3.393
297,3,Hendrick,48,48,NEW,3,0.132,6,0.259,4,0.187,10,0.472,13,0.577
298,3,Fraser,53,53,NEW,41,1.999,52,1.955,51,2.525,46,2.162,53,2.1
299,2,Lascelles,44,44,NEW,82,3.383,82,1.761,72,3.303,73,2.991,74,1.953
300,4,Gayle,53,53,NEW,5,0.324,5,0.267,5,0.344,4,0.259,7,0.398
301,2,Dummett,45,45,NEW,0,0,0,0,0,0,0,0,0,0
302,2,Manquillo,40,40,NEW,62,2.808,57,1.464,57,2.844,55,2.476,48,1.491
303,2,Krafth,43,43,NEW,27,1.18,29,0.806,25,1.185,29,1.263,39,1.191
304,3,Murphy,49,49,NEW,30,1.268,34,1.23,36,1.525,35,1.423,47,1.641
305,2,Schär,43,43,NEW,0,0,0,0,0,0,0,0,2,0.072
306,3,Hayden,45,45,NEW,71,2.488,69,2.023,66,2.436,65,2.276,72,2.177
307,4,Saint-Maximin,68,68,NEW,78,3.325,73,2.54,70,3.21,79,3.323,72,2.617
308,3,Almirón,52,52,NEW,61,2.571,65,2.186,66,2.868,65,2.685,62,2.214
309,3,S.Longstaff,45,45,NEW,15,0.707,19,0.782,25,1.148,18,0.828,21,0.871
310,4,Joelinton,58,58,NEW,64,2.565,63,2.15,58,2.542,54,2.325,58,2.098
311,2,Lewis,43,43,NEW,2,0.064,0,0,9,0.347,5,0.167,12,0.329
312,3,M.Longstaff,45,45,NEW,0,0,0,0,0,0,0,0,0,0
465,2,Fernández,43,43,NEW,1,0.03,4,0.084,8,0.286,6,0.192,9,0.229
513,1,Woodman,44,44,NEW,0,0,0,0,0,0,0,0,0,0
514,1,Gillespie,40,40,NEW,0,0,0,0,0,0,0,0,0,0
599,3,White,45,45,NEW,0,0,0,0,0,0,0,0,0,0
609,3,Anderson,45,45,NEW,0,0,0,0,0,0,0,0,0,0
145,3,Gilmour,44,44,NOR,55,1.966,60,2.073,51,1.757,60,1.863,54,1.748
290,2,Williams,40,40,NOR,36,1.312,41,1.474,36,1.174,31,0.836,34,0.936
313,1,McGovern,40,40,NOR,0,0,0,0,0,0,0,0,0,0
314,1,Krul,45,45,NOR,90,3.508,90,3.456,90,3.344,90,3.127,88,3.092
315,4,Pukki,58,58,NOR,80,4.294,78,4.059,73,3.634,73,3.121,73,3.25
316,3,Stiepermann,50,50,NOR,0,0,0,0,0,0,0,0,0,0
317,3,Rupp,44,44,NOR,13,0.6,13,0.594,16,0.735,23,0.958,22,0.94
318,3,McLean,49,49,NOR,51,1.801,62,2.168,66,2.194,53,1.696,60,1.924
319,2,Hanley,44,44,NOR,25,0.816,27,0.886,56,1.546,46,0.991,49,1.098
320,3,Hernández,49,49,NOR,0,0,0,0,0,0,0,0,0,0
321,2,Byram,44,44,NOR,0,0,0,0,0,0,0,0,0,0
322,4,Hugill,54,54,NOR,0,0,0,0,0,0,0,0,0,0
323,3,Dowell,52,52,NOR,53,2.84,40,2.169,48,2.385,46,2.044,46,2.108
324,2,Zimmermann,44,44,NOR,0,0,0,0,0,0,0,0,2,0.047
325,3,Cantwell,53,53,NOR,20,1.098,49,2.296,53,2.342,42,1.753,48,2.003
326,2,Aarons,43,43,NOR,88,2.853,86,2.787,83,2.358,83,1.787,75,1.729
327,2,Sørensen,43,43,NOR,1,0.041,0,0,4,0.151,1,0.034,7,0.235
328,3,Placheta,48,48,NOR,3,0.159,5,0.265,4,0.21,9,0.459,9,0.459
329,4,Idah,49,49,NOR,9,0.551,3,0.177,4,0.232,9,0.473,8,0.437
330,3,Martin,50,50,NOR,0,0,0,0,0,0,0,0,0,0
331,2,Omobamidele,39,39,NOR,78,2.693,55,1.886,59,1.776,58,1.343,60,1.463
448,1,Gunn,40,40,NOR,0,0,0,0,0,0,0,0,2,0.071
449,3,Rashica,52,52,NOR,60,2.64,52,2.318,52,2.209,47,1.856,38,1.612
456,2,Gibson,44,44,NOR,83,2.596,68,2.161,64,1.779,56,1.196,51,1.151
457,2,Giannoulis,44,44,NOR,13,0.481,6,0.216,6,0.202,13,0.378,18,0.533
471,3,Lees-Melou,49,49,NOR,71,2.583,59,2.187,59,2.099,56,1.845,57,1.916
515,2,Mumba,40,40,NOR,0,0,0,0,2,0.067,0,0,2,0.06
516,4,Sargent,54,54,NOR,22,1.171,21,1.142,22,1.154,28,1.258,26,1.228
528,3,Tzolis,48,48,NOR,27,1.451,31,1.588,24,1.226,24,1.133,33,1.5
580,2,Kabak,45,45,NOR,36,1.254,76,2.453,53,1.526,72,1.576,62,1.432
581,3,Normann,45,45,NOR,78,2.781,65,2.355,66,2.295,67,2.126,65,2.108
332,3,Walcott,58,58,SOU,2,0.102,6,0.28,6,0.324,13,0.723,4,0.193
333,1,Forster,44,44,SOU,0,0,0,0,0,0,4,0.165,0,0
334,1,McCarthy,46,46,SOU,90,3.687,90,3.083,90,3.57,86,3.528,90,3.168
335,3,Romeu,45,45,SOU,83,2.534,82,2.057,81,2.421,72,2.26,70,1.945
336,3,Redmond,59,59,SOU,50,2.174,64,2.069,59,2.495,57,2.461,47,1.749
338,2,Stephens,44,44,SOU,0,0,5,0.096,21,0.713,23,0.868,51,1.164
339,3,S.Armstrong,58,58,SOU,61,2.707,51,1.804,57,2.522,51,2.317,66,2.362
341,3,Ward-Prowse,63,63,SOU,86,3.635,81,2.542,87,3.614,83,3.527,80,2.748
342,2,Walker-Peters,48,48,SOU,83,3.099,76,1.194,80,2.788,69,2.64,77,1.775
343,2,Bednarek,44,44,SOU,70,2.482,73,1.058,54,1.774,59,2.094,39,0.908
344,4,Nlundulu,45,45,SOU,0,0,0,0,0,0,0,0,0,0
345,4,Adams,68,68,SOU,73,3.766,57,2.267,62,3.282,58,3.113,63,2.675
346,3,Tella,47,47,SOU,3,0.159,1,0.045,1,0.052,4,0.216,1,0.047
347,3,Smallbone,45,45,SOU,0,0,1,0.04,1,0.043,1,0.043,1,0.041
348,4,Obafemi,45,45,SOU,0,0,0,0,0,0,0,0,0,0
349,3,Diallo,45,45,SOU,5,0.23,12,0.489,6,0.275,11,0.488,20,0.781
350,3,Djenepo,53,53,SOU,2,0.102,7,0.325,4,0.211,10,0.551,8,0.381
351,2,Salisu,45,45,SOU,88,3.05,83,1.151,78,2.575,79,2.803,68,1.506
460,2,Perraud,49,49,SOU,7,0.24,16,0.326,14,0.51,25,1.045,14,0.376
491,2,Livramento,46,44,SOU,89,3.626,85,1.386,84,3.181,81,3.348,87,2.104
517,3,Elyounoussi,55,55,SOU,73,3.059,64,2.109,64,2.724,64,2.747,68,2.394
518,4,Broja,50,50,SOU,26,1.57,44,1.84,43,2.358,41,2.283,39,1.807
519,4,Long,54,54,SOU,0,0,0,0,1,0.06,2,0.122,1,0.052
525,4,A.Armstrong,60,60,SOU,75,4.16,75,2.927,68,3.806,73,4.081,72,3.13
546,2,Valery,40,40,SOU,1,0.042,0,0,0,0,3,0.125,1,0.034
567,2,Lyanco,45,45,SOU,22,0.835,18,0.347,26,0.955,21,0.806,21,0.556
352,1,Hart,45,45,TOT,0,0,0,0,0,0,0,0,0,0
353,1,Lloris,54,54,TOT,90,3.705,90,3.617,90,3.881,88,3.965,90,3.494
355,2,Alderweireld,50,50,TOT,0,0,0,0,0,0,0,0,0,0
356,3,Lamela,60,60,TOT,0,0,0,0,0,0,0,0,0,0
357,4,Kane,122,122,TOT,84,5.432,81,4.777,83,5.668,79,5.781,79,4.356
358,2,Aurier,49,49,TOT,0,0,0,0,0,0,0,0,0,0
359,3,Son,104,104,TOT,86,5.508,84,4.91,75,5.288,76,5.686,85,4.595
360,2,Doherty,47,47,TOT,25,1.226,29,1.323,32,1.706,21,1.165,27,1.13
361,2,Dier,45,45,TOT,88,3.308,86,2.962,85,3.549,80,3.654,75,2.408
362,3,Lucas Moura,64,64,TOT,78,3.735,65,3.03,60,3.194,57,3.247,65,2.861
363,3,Dele,63,63,TOT,56,2.377,19,0.913,17,0.979,23,1.295,20,0.98
364,2,Davies,44,44,TOT,60,2.418,69,2.565,62,2.76,64,3.096,69,2.358
365,3,Højbjerg,49,49,TOT,36,1.261,73,2.405,84,3.024,80,3.045,77,2.447
366,3,Winks,44,44,TOT,32,1.3,3,0.138,3,0.141,17,0.757,10,0.433
367,2,Sánchez,45,45,TOT,69,2.629,69,2.435,68,2.889,54,2.457,57,1.836
368,2,Sessegnon,43,43,TOT,1,0.057,5,0.269,0,0,2,0.122,9,0.459
369,3,Bergwijn,59,59,TOT,11,0.672,12,0.734,14,0.957,20,1.422,13,0.767
370,2,Reguilón,50,50,TOT,86,3.733,77,3.105,85,4.036,81,4.213,82,2.892
371,2,Tanganga,43,43,TOT,22,0.956,21,0.855,31,1.473,34,1.729,39,1.479
372,3,Lo Celso,59,59,TOT,24,1.132,27,1.377,22,1.259,32,1.888,24,1.205
373,3,Skipp,45,45,TOT,0,0,66,2.015,71,2.345,58,1.992,63,1.879
374,2,Rodon,43,43,TOT,0,0,3,0.127,1,0.05,6,0.281,2,0.083
375,3,Ndombele,58,58,TOT,66,2.701,40,1.764,35,1.743,32,1.677,32,1.407
486,1,Gollini,43,43,TOT,0,0,0,0,0,0,2,0.091,0,0
487,3,Bryan,57,57,TOT,5,0.305,3,0.169,9,0.583,9,0.613,5,0.284
494,2,Romero,49,49,TOT,0,0,0,0,0,0,0,0,0,0
520,4,Scarlett,45,45,TOT,0,0,0,0,0,0,0,0,0,0
588,2,Emerson Royal,49,49,TOT,68,2.935,67,2.646,61,2.903,70,3.637,60,2.165
597,3,Markanday,45,45,TOT,2,0.103,0,0,0,0,0,0,1,0.05
598,2,Omole,40,40,TOT,0,0,0,0,0,0,1,0.036,1,0.029
354,3,Sissoko,45,45,WAT,85,2.319,78,2.179,71,1.983,73,1.956,71,2.117
376,1,Foster,41,40,WAT,82,2.905,83,2.939,83,2.882,72,2.485,72,2.667
377,2,Rose,42,42,WAT,52,1.324,46,1.213,51,1.173,53,0.981,62,1.914
378,3,Gosling,48,48,WAT,2,0.085,0,0,2,0.083,2,0.083,2,0.085
379,2,Cathcart,44,44,WAT,74,1.803,80,1.906,78,1.664,75,1.304,64,1.895
380,4,Deeney,54,54,WAT,0,0,0,0,0,0,0,0,0,0
381,3,Cleverley,48,48,WAT,43,1.821,30,1.383,31,1.386,35,1.458,37,1.735
382,2,Femenía,43,43,WAT,66,1.84,67,1.848,55,1.411,63,1.3,68,2.219
383,4,Gray,54,54,WAT,0,0,0,0,0,0,0,0,0,0
384,2,Kabasele,43,43,WAT,0,0,2,0.052,2,0.052,7,0.138,8,0.248
385,3,Chalobah,50,50,WAT,0,0,0,0,0,0,0,0,0,0
387,2,Troost-Ekong,44,44,WAT,50,1.155,31,0.767,38,0.829,37,0.663,47,1.314
388,4,Perica,45,45,WAT,0,0,0,0,0,0,0,0,0,0
389,1,Bachmann,42,42,WAT,8,0.284,7,0.249,7,0.244,18,0.622,18,0.666
390,2,Masina,43,43,WAT,38,1.105,45,1.287,38,1.007,36,0.813,28,0.987
391,3,Sema,52,52,WAT,1,0.032,11,0.486,7,0.335,16,0.699,24,1.138
392,3,Zinckernagel,55,55,WAT,0,0,0,0,0,0,0,0,0,0
393,4,Success,50,50,WAT,0,0,0,0,0,0,0,0,0,0
394,3,Dele-Bashiru,45,45,WAT,0,0,0,0,0,0,0,0,0,0
395,4,Fletcher,49,49,WAT,0,0,0,0,1,0.052,2,0.103,0,0
396,2,Sierralta,43,43,WAT,0,0,0,0,0,0,0,0,0,0
397,3,Quina,45,45,WAT,0,0,0,0,0,0,0,0,0,0
398,2,Navarro,40,40,WAT,0,0,0,0,0,0,0,0,0,0
399,3,Sarr,60,60,WAT,81,3.365,88,3.542,76,2.941,76,2.818,78,3.477
400,2,Ngakia,43,43,WAT,22,0.771,21,0.739,32,0.986,25,0.717,19,0.74
401,2,Wilmot,45,45,WAT,0,0,0,0,0,0,0,0,0,0
402,3,Hungbo,45,45,WAT,0,0,0,0,0,0,0,0,0,0
403,3,Louza,52,52,WAT,52,1.828,21,0.884,22,0.899,24,0.951,22,0.944
404,4,João Pedro,54,54,WAT,58,2.251,46,1.884,50,1.934,49,1.859,57,2.347
405,3,Baah,44,44,WAT,0,0,0,0,0,0,0,0,0,0
450,4,Dennis,52,52,WAT,68,2.542,53,2.096,61,2.217,65,2.262,56,2.274
454,2,Pollock,40,40,WAT,0,0,0,0,0,0,0,0,0,0
467,3,Etebo,44,44,WAT,0,0,0,0,0,0,0,0,0,0
468,4,King,56,56,WAT,77,3.545,74,3.374,78,3.255,66,2.773,61,3.113
469,4,Mebude,45,45,WAT,0,0,0,0,0,0,0,0,0,0
472,4,Cucho,50,50,WAT,16,0.807,13,0.672,21,0.936,16,0.729,21,1.02
495,3,Kucka,55,55,WAT,0,0,63,1.986,67,2.01,59,1.76,61,2.012
557,3,Tufan,50,50,WAT,51,1.738,59,2.118,49,1.774,54,1.814,46,1.823
574,1,Elliot,40,40,WAT,0,0,0,0,0,0,0,0,0,0
618,2,Nkoulou,45,45,WAT,58,1.451,66,1.631,64,1.419,61,1.104,61,1.825
128,2,Zouma,54,54,WHU,89,3.466,84,1.704,83,3.897,81,2.6,73,3.067
406,3,Noble,44,44,WHU,22,1.091,6,0.28,13,0.742,9,0.456,11,0.577
407,1,Randolph,44,44,WHU,0,0,0,0,0,0,0,0,0,0
408,1,Fabianski,50,50,WHU,89,3.615,89,3.094,90,3.877,86,3.226,90,3.707
409,2,Ogbonna,50,50,WHU,0,0,0,0,0,0,0,0,0,0
410,2,Reid,39,39,WHU,0,0,0,0,0,0,0,0,0,0
411,2,Cresswell,55,55,WHU,89,3.551,87,1.785,84,4.066,82,2.7,77,3.357
412,3,Yarmolenko,51,51,WHU,13,0.753,8,0.404,9,0.578,9,0.494,11,0.665
413,4,Antonio,82,80,WHU,84,4.406,82,3.235,77,4.609,82,3.849,76,4.199
414,2,Dawson,49,49,WHU,90,3.388,88,1.709,84,3.815,82,2.561,81,3.281
415,2,Fredericks,44,44,WHU,0,0,5,0.153,0,0,2,0.077,9,0.387
416,3,Lanzini,58,58,WHU,32,1.684,19,0.907,24,1.437,17,0.872,22,1.271
417,2,Masuaku,44,44,WHU,5,0.205,5,0.152,4,0.181,7,0.26,18,0.782
418,2,Coufal,48,48,WHU,86,3.219,82,1.62,77,3.519,79,2.469,73,2.978
419,3,Benrahma,64,64,WHU,76,3.651,73,2.702,65,3.597,72,3.118,66,3.373
420,3,Bowen,64,64,WHU,75,3.843,79,2.966,74,4.259,75,3.391,69,3.705
421,3,Rice,50,50,WHU,66,2.217,86,2.387,80,2.99,80,2.521,79,2.779
422,3,Soucek,58,58,WHU,88,2.958,87,2.409,86,3.184,83,2.596,84,2.931
423,3,Fornals,60,60,WHU,54,2.519,80,2.769,83,4.136,84,3.299,76,3.585
424,2,Diop,43,43,WHU,0,0,4,0.086,10,0.424,11,0.342,13,0.509
425,2,Johnson,40,40,WHU,4,0.158,7,0.198,17,0.82,22,0.809,20,0.89
489,1,Areola,48,48,WHU,1,0.041,1,0.035,0,0,4,0.151,0,0
521,2,Alves,40,40,WHU,0,0,0,0,0,0,0,0,0,0
522,3,Coventry,45,45,WHU,0,0,0,0,0,0,0,0,0,0
554,2,Baptiste,40,40,WHU,0,0,0,0,2,0.069,0,0,0,0
582,3,Vlasic,57,57,WHU,22,1.238,16,0.793,22,1.465,17,0.965,28,1.646
589,3,Kral,44,44,WHU,2,0.088,0,0,3,0.137,4,0.169,6,0.261
617,2,Ashby,40,40,WHU,0,0,0,0,0,0,0,0,0,0
426,3,Moutinho,50,50,WOL,82,2.803,77,2.794,72,2.804,75,2.333,67,1.952
427,1,Patrício,50,50,WOL,0,0,0,0,0,0,0,0,0,0
428,2,Boly,49,49,WOL,2,0.083,22,0.877,27,1.175,21,0.533,17,0.314
429,2,Coady,45,45,WOL,88,2.742,85,3.253,81,3.383,86,1.916,85,1.253
430,4,Jiménez,77,76,WOL,60,3.149,85,4.591,81,4.726,78,3.396,74,2.774
431,2,Saïss,50,50,WOL,89,2.879,80,3.248,80,3.519,81,1.908,81,1.259
432,2,Marçal,44,44,WOL,31,1.221,55,2.455,63,3.021,65,1.768,61,1.178
433,2,Jonny,45,45,WOL,0,0,0,0,0,0,0,0,0,0
434,3,Dendoncker,48,48,WOL,21,0.877,28,1.164,33,1.416,33,1.189,37,1.204
435,3,Traoré,58,58,WOL,54,2.483,46,2.293,38,2.042,52,2.092,43,1.613
436,3,Neves,53,53,WOL,76,2.874,74,2.865,79,3.191,71,2.31,75,2.18
437,2,Semedo,49,49,WOL,86,2.897,80,3.357,85,3.783,80,1.969,80,1.309
438,3,Podence,55,55,WOL,26,1.421,24,1.377,33,1.919,19,0.962,25,1.104
439,2,Kilman,45,45,WOL,90,2.838,82,3.212,75,3.203,75,1.741,81,1.227
440,3,Gibbs-White,45,45,WOL,0,0,0,0,0,0,0,0,0,0
441,3,Neto,64,64,WOL,0,0,0,0,5,0.302,11,0.494,23,0.911
442,3,Otasowie,45,45,WOL,0,0,0,0,0,0,0,0,0,0
443,2,Hoever,39,39,WOL,3,0.118,9,0.387,3,0.13,7,0.245,8,0.24
444,1,Söndergaard,40,40,WOL,0,0,0,0,0,0,0,0,0,0
445,4,Fabio Silva,57,57,WOL,2,0.12,1,0.062,1,0.065,5,0.274,1,0.049
446,2,Mosquera,45,45,WOL,0,0,0,0,0,0,0,0,0,0
452,1,Ruddy,44,44,WOL,0,0,0,0,0,0,0,0,2,0.07
461,3,Trincão,58,58,WOL,57,2.681,53,2.69,49,2.63,52,2.168,52,1.928
470,2,Ait Nouri,43,43,WOL,60,2.319,35,1.678,27,1.385,26,0.848,28,0.69
475,1,Sá,50,50,WOL,90,3.543,88,3.74,90,3.929,86,3.092,86,3.006
523,4,Cutrone,50,50,WOL,0,0,0,0,0,0,0,0,0,0
547,3,Cundle,45,45,WOL,0,0,1,0.05,0,0,0,0,0,0
548,3,Campbell,45,45,WOL,1,0.05,1,0.05,0,0,0,0,0,0
549,2,Marques,40,40,WOL,0,0,0,0,0,0,0,0,0,0
583,4,Hwang,58,58,WOL,73,3.311,60,2.838,64,3.119,62,2.434,59,2.103
611,1,Moulden,40,40,WOL,0,0,2,0.083,0,0,4,0.142,2,0.07
621,1,Storer,40,40,WOL,0,0,0,0,0,0,0,0,0,0
10161,4,Kayky,999,999,MCI,0,0,0,0,0,0,0,0,0,0
10015,3,Baker,999,999,CHE,0,0,0,0,0,0,0,0,0,0
10017,3,Musonda Jr ,999,999,CHE,0,0,0,0,0,0,0,0,0,0
10025,4,Clarke,999,999,TOT,0,0,0,0,0,0,0,0,0,0
10037,3,Baluta,999,999,BHA,1,0.043,0,0,0,0,1,0.043,1,0.044
10041,1,Lewis,999,999,SOU,0,0,0,0,0,0,0,0,0,0
10144,2,McQueen,999,999,SOU,0,0,2,0.037,1,0.03,0,0,0,0
10052,4,Valencia,999,999,BRE,0,0,0,0,0,0,0,0,0,0
10053,2,Jeanvier,999,999,BRE,0,0,3,0.127,2,0.073,0,0,2,0.095
10054,2,Racic,999,999,BRE,1,0.044,0,0,0,0,3,0.109,3,0.137
10131,3,Peart-Harris,999,999,BRE,0,0,0,0,0,0,0,0,0,0
10061,1,Karius,999,999,LIV,0,0,0,0,0,0,0,0,0,0
10069,2,Jones,999,999,MUN,2,0.099,4,0.137,4,0.173,2,0.101,4,0.191
10071,4,Diallo,999,999,MUN,0,0,0,0,1,0.059,0,0,0,0
10072,1,Grant,999,999,MUN,0,0,0,0,0,0,0,0,0,0
10132,4,Chong,999,999,MUN,0,0,0,0,0,0,0,0,0,0
10076,2,Benkovic,999,999,LEI,1,0.026,0,0,1,0.029,0,0,1,0.035
10087,2,Buur,999,999,WOL,0,0,0,0,0,0,0,0,0,0
10088,3,Jordão,999,999,WOL,0,0,0,0,1,0.052,0,0,0,0
10096,1,Martin,999,999,WHU,0,0,0,0,0,0,0,0,0,0
10113,2,Bushiri,999,999,NOR,0,0,0,0,0,0,2,0.068,2,0.07
