date,team1,team2,event,hg,ag,attack1,defence1,attack2,defence2,home_adv,intercept,score1_infered,score2_infered,home_win_p,draw_p,away_win_p,home_cs_p,away_cs_p
2021-08-13,Brentford,Arsenal,1.0,7,1,0.15166533050054734,-0.11115110165194339,0.46061059410197996,-0.22551325795943727,0.19873991576835004,0.11253572384293936,1.2679833336917092,1.587237710327251,0.3052492048166678,0.24643279602471094,0.44801685824656,0.20447861989847316,0.2813290289408819
2021-08-14,Watford,Aston Villa,1.0,45,2,0.022749891182741355,-0.042736759959533493,0.20358068793713668,-0.035936122774442456,0.19873991576835004,0.11253572384293936,1.3472822403317006,1.31439916414652,0.3773971472869686,0.2602914490932887,0.36216002056566693,0.26861363309823966,0.2599277531845958
2021-08-14,Leicester City,Wolverhampton,1.0,24,49,0.3427907434086264,-0.12077523828570755,0.10792402644450046,-0.24642023340824282,0.19873991576835004,0.11253572384293936,1.5032751325569798,1.1048223049094867,0.46379562931540774,0.25726044233744527,0.27875112119120316,0.33121274439455095,0.22239595928509281
2021-08-14,Chelsea,Crystal Palace,1.0,14,16,0.46290933126227174,-0.36554838298652204,0.059248386485450756,-0.0679911149950821,0.19873991576835004,0.11253572384293936,2.0262643090445156,0.8238520858430127,0.6526908977862721,0.20299053148477267,0.14312603190059472,0.43821623780680635,0.13182673285350624
2021-08-14,Norwich City,Liverpool,1.0,32,25,0.10642713105647829,0.0228136511650303,0.6404639767298668,-0.46339422336562786,0.19873991576835004,0.11253572384293936,0.9553366832769388,2.1723583002248112,0.1543578318780705,0.1943541191515217,0.6494501795478406,0.11390782662549574,0.3839784499563442
2021-08-14,Manchester United,Leeds United,1.0,28,23,0.4423909525866372,-0.38471207910629557,0.1561900414756045,-0.06997255216460277,0.19873991576835004,0.11253572384293936,1.981182799893354,0.8904874106137795,0.6271624763561786,0.21016784235176944,0.1616316772658426,0.41003141843140023,0.13790541026091657
2021-08-14,Burnley,Brighton and Hove Albion,1.0,10,8,-0.03206420423718664,-0.1231221089053284,-0.08740971754042713,-0.13034712425896855,0.19873991576835004,0.11253572384293936,1.1605155094698527,0.906652437331691,0.41580527217201085,0.2990902975380872,0.2850700595430697,0.4038621270712709,0.31332302581989446
2021-08-14,Everton,Southampton,1.0,18,40,0.1776419095469363,-0.1613338004305563,0.07889600127468992,-0.017893246641622697,0.19873991576835004,0.11253572384293936,1.6016339109361506,1.0305554458320987,0.5062006155211538,0.24959104007862712,0.2439334514600113,0.3567151616492696,0.20156434766935272
2021-08-15,Tottenham Hotspur,Manchester City,1.0,44,27,0.5134232703899044,-0.37805773817742455,0.7892697510298137,-0.5393552659495363,0.19873991576835004,0.11253572384293936,1.330219071458172,1.6883432736999424,0.30277580168282986,0.23799927678036942,0.4587790107550188,0.18481157120813138,0.26432130580587915
2021-08-15,Newcastle,West Ham United,1.0,31,47,0.014854197622544703,-0.12043107967424226,0.23360134307192623,-0.023273136311898666,0.19873991576835004,0.11253572384293936,1.353720463648155,1.253207152214177,0.39187218077028896,0.263108308193564,0.3448847902635615,0.2855631908573305,0.2582646601445551
2021-08-21,Leeds United,Everton,2.0,23,18,0.1551084836646075,-0.05595327730360527,0.18248549197789105,-0.16332541994519822,0.20022170972761508,0.11216773527322803,1.3555028719871962,1.2695975366196663,0.38887398026999576,0.26215206184943707,0.34883379215677995,0.28092063461112027,0.25780353007194495
2021-08-21,Brighton and Hove Albion,Watford,2.0,8,45,-0.08148641796258685,-0.13117423046298776,0.02961233473925091,-0.04055115453990081,0.20022170972761508,0.11216773527322803,1.2096751742042648,1.0106622808249917,0.405849992031235,0.28783420568383117,0.3062656502425336,0.3639636127623762,0.2982908603511782
2021-08-21,Aston Villa,Newcastle,2.0,2,31,0.20630647163768245,-0.028956001999863437,0.017378115073746307,-0.10986039774541363,0.20022170972761508,0.11216773527322803,1.505064145508824,1.1058229936088815,0.4640221826654811,0.2570801551020642,0.27870334854602313,0.33088101459102165,0.2219984162997982
2021-08-21,Liverpool,Burnley,2.0,25,10,0.6414926814701736,-0.46932627807195954,-0.03510703372274045,-0.11961428641439228,0.20022170972761508,0.11216773527322803,2.303127173370404,0.6755246866393926,0.7383497390427691,0.1666424782715748,0.092397103092701,0.5075610962288771,0.09994574754983976
2021-08-21,Manchester City,Norwich City,2.0,27,32,0.7844888386605491,-0.541971571793877,0.10184861940694892,0.026579194625996744,0.20022170972761508,0.11216773527322803,3.075469210158327,0.7203952803628647,0.8223366928751982,0.10761344320430566,0.056430410272234645,0.4799336668286086,0.04616791692524239
2021-08-21,Crystal Palace,Brentford,2.0,16,7,0.05456217061502707,-0.06476567207066868,0.15409888381450726,-0.11897623318232017,0.20022170972761508,0.11216773527322803,1.2814283861572822,1.2232373954889513,0.3789907193966,0.26961126019541776,0.3512975568155672,0.2942588018052589,0.27762871106428677
2021-08-22,Southampton,Manchester United,2.0,40,28,0.07778604680738138,-0.013591699863206238,0.45117647112608833,-0.38351359566000703,0.20022170972761508,0.11216773527322803,1.0066841359373213,1.732824102153313,0.21875091073770345,0.2370798705986666,0.5437193593504273,0.17678254709360683,0.36526821872829324
2021-08-22,Arsenal,Chelsea,2.0,1,14,0.45465949560848407,-0.22274816769806452,0.4648742682783233,-0.3693846689273411,0.20022170972761508,0.11216773527322803,1.488344266702356,1.4251738921484736,0.39043130723476344,0.2469603732968146,0.36232720057960977,0.2404279447207407,0.22571898631592438
2021-08-22,Wolverhampton,Tottenham Hotspur,2.0,49,44,0.10055482095733968,-0.24973973566273805,0.5117159538601406,-0.3882766737701002,0.20022170972761508,0.11216773527322803,1.0249743544084866,1.4537464072356094,0.26634570158119913,0.26380218281737877,0.4697024839384958,0.23369028197555725,0.3587563603488478
2021-08-23,West Ham United,Leicester City,2.0,47,24,0.2438015024169464,-0.021208989587089264,0.3399410571597239,-0.12700769253262456,0.20022170972761508,0.11216773527322803,1.5360024885672914,1.538641374746048,0.3794142383599512,0.23962631189240963,0.3805598891018031,0.2146299164705789,0.21519655675373994
2021-08-28,Brighton and Hove Albion,Everton,3.0,8,18,-0.0749504302801303,-0.13497280681882912,0.18748963505675684,-0.1617137749928578,0.20130072875442512,0.11113976643977802,1.078721226351788,1.177809779489931,0.33208057805393487,0.2864763896734535,0.38139302105599726,0.3079470838273146,0.34001902679205237
2021-08-28,Aston Villa,Brentford,3.0,2,7,0.2085296884961603,-0.03381669926887722,0.14886394854190452,-0.12535057327850288,0.20130072875442512,0.11113976643977802,1.4853042158198788,1.2538101255479783,0.4256993511546253,0.25406693830793714,0.3200248671086373,0.28536994637844476,0.22642209976501093
2021-08-28,Norwich City,Leicester City,3.0,32,24,0.09912818415589737,0.03510873700175818,0.3400795133958505,-0.11866289288748683,0.20130072875442512,0.11113976643977802,1.3403165085235569,1.6263333734578984,0.3159876595046537,0.2418431246589892,0.4417999752200279,0.1966337148817116,0.26168688259005407
2021-08-28,West Ham United,Crystal Palace,3.0,47,16,0.253422013419592,-0.0224442945617741,0.05038184516735012,-0.06826841448444727,0.20130072875442512,0.11113976643977802,1.6447593704065522,1.1492129503185402,0.48885303077377634,0.24439817698197852,0.26640909799499934,0.31678709764277563,0.19305373180788432
2021-08-28,Manchester City,Arsenal,3.0,27,1,0.7893671923093006,-0.546333425328822,0.451458333917367,-0.22182943222054405,0.20130072875442512,0.11113976643977802,2.4108472826552534,1.0163976648891904,0.6780456103051276,0.17632440848704353,0.1421894126153858,0.3606552874568568,0.08973819527146393
2021-08-28,Liverpool,Chelsea,3.0,25,14,0.6422211875967695,-0.47264025394539716,0.4678609591806303,-0.3768514551648065,0.20130072875442512,0.11113976643977802,1.7821316921310622,1.1122227290443216,0.5300526112150962,0.2329424662181643,0.23645662119534,0.3286541059366367,0.16827538554802388
2021-08-28,Newcastle,Southampton,3.0,31,40,0.012121143744697287,-0.10823257584591803,0.0793780378594328,-0.01638793970026101,0.20130072875442512,0.11113976643977802,1.3609373621912773,1.0857654568692783,0.4307368613858731,0.2702929361475459,0.2988639312241726,0.33761355258067083,0.25641559758163845
2021-08-29,Tottenham Hotspur,Watford,3.0,44,45,0.5102728748305981,-0.3925013310261188,0.025410295479038027,-0.03860691282621366,0.20130072875442512,0.11113976643977802,2.1904488062623217,0.7741796943406544,0.6958087745681703,0.18391121027134844,0.11835267753291218,0.46019393593458324,0.11186635048840145
2021-08-29,Burnley,Leeds United,3.0,10,23,-0.035997734793298306,-0.12121651990358444,0.15820906989931882,-0.05056839673493574,0.20130072875442512,0.11113976643977802,1.253418180520282,1.1596663291269658,0.3849497762151492,0.27535586971597864,0.3396152152213096,0.3135751204679315,0.28551882282329166
2021-08-29,Wolverhampton,Manchester United,3.0,49,28,0.09486910788675622,-0.2530240316875752,0.44992127948246896,-0.38412530510981985,0.20130072875442512,0.11113976643977802,1.0234551428734624,1.3607513551750008,0.28198376601875685,0.27275266775366647,0.44516365030586935,0.25646490621713697,0.35931962101018805
2021-09-11,Leicester City,Manchester City,4.0,24,27,0.34178309895501136,-0.1200366704557087,0.796218900650543,-0.5530756217888184,0.20152062632163453,0.1106385600531911,1.106129144586951,2.1964024903356187,0.18128784845044876,0.1975708258457441,0.6191625303487617,0.1112001646579285,0.3301893588974153
2021-09-11,Arsenal,Norwich City,4.0,1,32,0.4508724498267993,-0.21225738843447695,0.09771326014123324,0.03854214896256464,0.20152062632163453,0.1106385600531911,2.229046209344036,0.9961020485723662,0.6505682079985182,0.19092285305494067,0.15635702627369638,0.3685251529917372,0.10762996580900268
2021-09-11,Chelsea,Aston Villa,4.0,14,2,0.46828547733462117,-0.3813080566612665,0.2067940695702702,-0.035035868914421,0.20152062632163453,0.1106385600531911,2.107302713306428,0.9381218568705559,0.6410145073283982,0.19969088146958924,0.15776986929063957,0.3907679902599896,0.12156463221119197
2021-09-11,Watford,Wolverhampton,4.0,45,49,0.023292257683501315,-0.04247356211382012,0.09110719585146848,-0.255221413017283,0.20152062632163453,0.1106385600531911,1.0835362859897606,1.1726570932234528,0.3345011148666471,0.2865896010215358,0.3788596908288974,0.3095377604046126,0.3383860809755957
2021-09-11,Southampton,West Ham United,4.0,40,47,0.08476886912157769,-0.014730317402389038,0.2563425985185274,-0.02061073955585517,0.20152062632163453,0.1106385600531911,1.456909360995352,1.422265241653248,0.38324959381545953,0.24874062152646906,0.36775180252842177,0.24113346670171132,0.23292752553256812
2021-09-11,Brentford,Brighton and Hove Albion,4.0,7,8,0.1481382914495198,-0.1286825772017866,-0.08137624448165094,-0.13306123567605663,0.20152062632163453,0.1106385600531911,1.3871291368425087,0.905362139091352,0.48094982861939606,0.2737198988155727,0.24522516687759727,0.4043549400020242,0.24979013722057794
2021-09-11,Manchester United,Newcastle,4.0,28,31,0.449089566935349,-0.39045325910593554,0.015876760884080954,-0.10478174337292046,0.20152062632163453,0.1106385600531911,1.9279687931604412,0.7680212029800165,0.6466148000137448,0.21105656842309387,0.1414566251127567,0.46352633945775157,0.14544310282461798
2021-09-11,Crystal Palace,Tottenham Hotspur,4.0,16,44,0.05495691178103152,-0.06776114028301305,0.508200214385999,-0.3971448671849574,0.20152062632163453,0.1106385600531911,0.9704176151743075,1.7351218372917134,0.20984421902263417,0.2366018936257813,0.5531027071777173,0.17637725035247007,0.3787569303128924
2021-09-12,Leeds United,Liverpool,4.0,23,25,0.1582832034650938,-0.0526867390702222,0.6407211306243475,-0.4745618554247945,0.20152062632163453,0.1106385600531911,0.9958890077742472,2.0110821325597565,0.18039205850156606,0.2105747725585825,0.6078878870501465,0.1338424274634552,0.3689755146345308
2021-09-13,Everton,Burnley,4.0,18,10,0.1909116185676786,-0.16619190713304396,-0.0352557775135746,-0.12251440913412358,0.20152062632163453,0.1106385600531911,1.4630984248367533,0.9131920001592791,0.49942463784358715,0.26516430235287475,0.23526223454793097,0.40118384639131893,0.23151658318561041
2021-09-17,Newcastle,Leeds United,5.0,31,23,0.02035073332954564,-0.09710492072569545,0.15516775574085823,-0.046738249138493296,0.20220297671423013,0.10972598988927694,1.3304822237858376,1.1826868302706413,0.4008737219889491,0.26831884357693564,0.3306986814372702,0.3064311550362791,0.26434091938726567
2021-09-18,Wolverhampton,Brentford,5.0,49,7,0.09663781686943752,-0.26302448789748467,0.1419094768325744,-0.1274933947449825,0.20220297671423013,0.10972598988927694,1.324550807467273,0.988675588214186,0.4434476627720068,0.27763464157002066,0.2788351810855302,0.3720419523378223,0.2659198695988709
2021-09-18,Liverpool,Crystal Palace,5.0,25,16,0.6459498004019383,-0.4822221898583417,0.06659981235087566,-0.07506768374601656,0.20220297671423013,0.10972598988927694,2.4176864808468763,0.7364629221805609,0.7421034509837056,0.15997336585803987,0.09443494810427006,0.4771348436583946,0.08912747780078364
2021-09-18,Aston Villa,Everton,5.0,2,18,0.20347991957469902,-0.031802901928030085,0.1998944886377873,-0.16697663698557474,0.20220297671423013,0.10972598988927694,1.4168445473095836,1.3202453315965021,0.39410160925237175,0.25580258026505526,0.34990882992320427,0.267038917711561,0.24246061238189884
2021-09-18,Manchester City,Southampton,5.0,27,40,0.7964869776401085,-0.561448486060293,0.07947512256025203,-0.021093264574555955,0.20220297671423013,0.10972598988927694,2.9663216384758173,0.6891837355664842,0.818461727517035,0.11268509825985501,0.05765938248451834,0.4963668724166377,0.051492334645930074
2021-09-18,Burnley,Arsenal,5.0,10,1,-0.03321617557708408,-0.11804930422912681,0.44917361448322285,-0.21758293931769673,0.20220297671423013,0.10972598988927694,1.0630369423888106,1.5540280471526629,0.25964121823660774,0.2536105052809104,0.486517773193251,0.21139140554834948,0.34533108409140895
2021-09-18,Norwich City,Watford,5.0,32,45,0.09371570619102376,0.03261007728419541,0.020924851438440792,-0.040795976649715404,0.20220297671423013,0.10972598988927694,1.4402960693142455,1.1773438405366554,0.4310218378529295,0.2601857066995001,0.30863099636400837,0.30805623649865577,0.23684995127587669
2021-09-19,West Ham United,Manchester United,5.0,47,28,0.25296767561606864,-0.02675775728182095,0.45886535229637504,-0.39015730549198413,0.20220297671423013,0.10972598988927694,1.1909357429415912,1.7191561928624788,0.2645746712281333,0.23786955808768823,0.4971036163375807,0.17921102204012906,0.30380995563735796
2021-09-19,Tottenham Hotspur,Chelsea,5.0,44,14,0.5067390936240147,-0.3905341778407269,0.47346933680597464,-0.3877185972717004,0.20220297671423013,0.10972598988927694,1.5387177857431784,1.212471876419005,0.4482813600971081,0.25150503648621586,0.2999728713684629,0.2974012905996345,0.21464763166742554
2021-09-19,Brighton and Hove Albion,Leicester City,5.0,8,24,-0.07887463486470286,-0.14059162670140413,0.3408553006252442,-0.12632824694703262,0.20220297671423013,0.10972598988927694,1.1126294466089268,1.363411021588229,0.3056489493906626,0.2689587354906624,0.4252815053136748,0.25578121538746335,0.3286642858807036
2021-09-25,Leeds United,West Ham United,6.0,23,47,0.15427430662738253,-0.04944435261818911,0.250737407124167,-0.02389575163273319,0.2004466311300063,0.11078571522751249,1.555210492391463,1.3662623089089379,0.4190217756154417,0.24550081660303189,0.3351713657245863,0.2550034734168848,0.2111258711732605
2021-09-25,Leicester City,Burnley,6.0,24,10,0.337374692025595,-0.12014598598083573,-0.04032092798528546,-0.11824060227569638,0.2004466311300063,0.11078571522751249,1.6995549728368453,0.9515327259849964,0.5493290783561307,0.24003504634565995,0.21024161851963896,0.38599924206995173,0.18276352767041631
2021-09-25,Everton,Norwich City,6.0,18,32,0.19377174375706469,-0.15833780598940855,0.0920601176620005,0.04047903042474944,0.2004466311300063,0.11078571522751249,1.7254417774071855,1.045513368908144,0.5326191373204746,0.2379138714111259,0.22902583266046914,0.3513611858059831,0.17809185240126618
2021-09-25,Chelsea,Manchester City,6.0,14,27,0.4769608071454535,-0.3908064806765271,0.7878426322669554,-0.5625841934147174,0.2004466311300063,0.11078571522751249,1.2530855629916933,1.6616679163605232,0.2888351352670385,0.24139744942492594,0.469383498144815,0.18981263506468973,0.285526725267867
2021-09-25,Manchester United,Aston Villa,6.0,28,2,0.4577159035309785,-0.38907118359072745,0.2098043840064117,-0.03661972772026953,0.2004466311300063,0.11078571522751249,2.0799181087985046,0.933811123574491,0.6366594918298794,0.20210926201867527,0.15982478885303106,0.3925025323323784,0.12493965856869811
2021-09-25,Watford,Newcastle,6.0,45,31,0.026737998888109477,-0.04001737415629932,0.018623648828279833,-0.09577927846901234,0.2004466311300063,0.11078571522751249,1.2740375958190613,1.0935092168931604,0.4052119816245768,0.27742339342591804,0.31728937183102973,0.33501995904326376,0.2796946241645439
2021-09-25,Brentford,Liverpool,6.0,7,25,0.146870515825857,-0.1349804960553283,0.6454303511459687,-0.4820997466290337,0.2004466311300063,0.11078571522751249,0.9762887514338298,1.8612262976944012,0.19451977504057127,0.22430283780331287,0.5804729347675966,0.15548050349028336,0.37644443898363145
2021-09-26,Arsenal,Tottenham Hotspur,6.0,1,44,0.4444854611113053,-0.2196105825235294,0.500479378270802,-0.3810359250597568,0.2004466311300063,0.11078571522751249,1.4545286298684428,1.4794264974794822,0.37128788184314854,0.24608848907836303,0.3823311537988457,0.22773686339233495,0.2334743119574296
2021-09-26,Southampton,Wolverhampton,6.0,40,49,0.07540817616304925,-0.028161776868445898,0.0892508939124953,-0.25564567998370924,0.2004466311300063,0.11078571522751249,1.1399619019853373,1.1875291835806687,0.347487881750004,0.2815946667653157,0.3708572138203557,0.3049659845042014,0.31982020827200697
2021-09-27,Crystal Palace,Brighton and Hove Albion,6.0,16,8,0.06125518860666333,-0.07049283929036548,-0.07533510836710211,-0.13874145644507682,0.2004466311300063,0.11078571522751249,1.2633236664609901,0.9655646372555643,0.43174378018864207,0.2848654567495088,0.283329993403843,0.3807480428980933,0.28271056367998587
2021-10-02,Brighton and Hove Albion,Arsenal,7.0,8,1,-0.07378455794952202,-0.140944600656827,0.44962795649387854,-0.22127094792197363,0.19999542244838797,0.11122048868785943,1.016291690870017,1.5218152177178939,0.25289941678232536,0.25742934173693216,0.48947300463287735,0.21831272717691874,0.36186703209922616
2021-10-02,Leeds United,Watford,7.0,23,45,0.15147712930793794,-0.046614461188346695,0.025784961186940025,-0.041245880290968984,0.19999542244838797,0.11122048868785943,1.5241656722068337,1.094602177116437,0.47151550387435015,0.25567744443254703,0.27259894244096244,0.3346095769886138,0.21779846601553776
2021-10-02,Wolverhampton,Newcastle,7.0,49,31,0.08708450799428037,-0.2608150678862188,0.018114364015138936,-0.09745087716803016,0.19999542244838797,0.11122048868785943,1.3510060565255484,0.8767966222267154,0.47812156940258926,0.2785840718334318,0.24320673742116353,0.4160789479653557,0.2589785482582967
2021-10-02,Chelsea,Southampton,7.0,14,40,0.4730651652715528,-0.3947695057083042,0.06974441795930977,-0.02991439357470961,0.19999542244838797,0.11122048868785943,2.1262644970455096,0.807506157069007,0.6760235699788588,0.19207748657370916,0.13029221431219218,0.4452532828905157,0.11928177928941833
2021-10-02,Manchester United,Everton,7.0,28,18,0.451491738645166,-0.3882683993839022,0.1938097075408524,-0.16207168112065123,0.19999542244838797,0.11122048868785943,1.823277979405436,0.9201319427816047,0.5857678516986163,0.2269753424176648,0.18664129488686565,0.3982234519114127,0.16149459111836426
2021-10-02,Burnley,Norwich City,7.0,10,32,-0.034680294146873694,-0.11725544599310517,0.08664181972065088,0.04229166546180781,0.19999542244838797,0.11122048868785943,1.3755137290284973,1.083944673399342,0.43507934013204147,0.2690879892186546,0.2957200060460402,0.3382265980546658,0.25270515282954575
2021-10-03,Liverpool,Manchester City,7.0,25,27,0.6488875226938611,-0.47255957316594466,0.7865479963649911,-0.5699493583476831,0.19999542244838797,0.11122048868785943,1.4772083779431047,1.5299100026653252,0.36697997007470295,0.24258150563989844,0.390092056819367,0.21652201624670178,0.228229891247822
2021-10-03,Tottenham Hotspur,Aston Villa,7.0,44,2,0.49919105146104875,-0.37287574167214893,0.20955871945612436,-0.04530534357538666,0.19999542244838797,0.11122048868785943,2.149212764457753,0.9492372292011079,0.6464815592882289,0.1962302998748523,0.15556699687251715,0.38637271522371164,0.11657507084341034
2021-10-03,West Ham United,Brentford,7.0,47,7,0.25342376222939417,-0.024211607902808942,0.15389154464448956,-0.1287513492747283,0.19999542244838797,0.11122048868785943,1.5463360966171031,1.2723943308811112,0.43695407346354764,0.24917836156940487,0.31360439484607083,0.28010182592590505,0.21301524259526539
2021-10-03,Crystal Palace,Leicester City,7.0,16,24,0.06028625590771677,-0.07165964943602231,0.3399744279096111,-0.11677509501523438,0.19999542244838797,0.11122048868785943,1.2901094658593657,1.4616051756513821,0.3336550238071078,0.2542818228201934,0.4118596775200296,0.23184965243041789,0.2752014316258563
2021-10-16,Southampton,Leeds United,8.0,40,23,0.07141131116898312,-0.026403429884249714,0.14956307019069048,-0.0501967384572149,0.2001491039558727,0.11053162990719513,1.39360693939097,1.263254427729018,0.40014819490857373,0.2599570629213092,0.3397386863006652,0.2827031913192089,0.24816542732342114
2021-10-16,Leicester City,Manchester United,8.0,24,28,0.34132209359293364,-0.1130993310033227,0.4485505663086461,-0.38841747455613723,0.2001491039558727,0.11053162990719513,1.301588384543717,1.5620247013431383,0.3180186097984951,0.2472027732407407,0.43449167907084196,0.20969744651855304,0.2720388078424558
2021-10-16,Brentford,Chelsea,8.0,7,14,0.15719959646806286,-0.13034211741446533,0.4754306461410889,-0.393187034646238,0.2001491039558727,0.11053162990719513,1.0775536098561405,1.5771511637241058,0.25956705362633165,0.25127779799135935,0.48890094975229237,0.2065591292668181,0.3403467128670466
2021-10-16,Aston Villa,Wolverhampton,8.0,2,49,0.21070394950555943,-0.04517034877770495,0.09170261548868694,-0.2600015678606268,0.2001491039558727,0.11053162990719513,1.298725131872702,1.1700703750523909,0.3950640698344302,0.27135460319891,0.33348647045472557,0.31032528678468874,0.2728709930274133
2021-10-16,Watford,Liverpool,8.0,45,25,0.02130658924436112,-0.04196372281228566,0.6498496688245362,-0.4689142305595498,0.2001491039558727,0.11053162990719513,0.8720339629869284,2.051184796921377,0.15035727061127968,0.20249621007017196,0.645858437537913,0.12858197602859694,0.4175633374712937
2021-10-16,Manchester City,Burnley,8.0,27,10,0.7875965804354527,-0.566200379727901,-0.04088076226993455,-0.12014869333302657,0.2001491039558727,0.11053162990719513,2.659474697013075,0.608627101213658,0.8024022518282852,0.1296250384026543,0.061898527424413874,0.5407925479193761,0.06998495634547519
2021-10-16,Norwich City,Brighton and Hove Albion,8.0,32,8,0.0831292926400961,0.03680007463700186,-0.08107663845279459,-0.1455249368486566,0.2001491039558727,0.11053162990719513,1.2818253152443444,1.0684992203311536,0.4130199573971743,0.27804685995840195,0.3088584388891342,0.34350364032587677,0.2775257069316484
2021-10-17,Newcastle,Tottenham Hotspur,8.0,31,44,0.01891511267102826,-0.09368786423954374,0.49945908741941875,-0.3724930464254085,0.2001491039558727,0.11053162990719513,0.9580098685237539,1.6758204279422042,0.2151167000494055,0.24248383163684423,0.5420388253468142,0.18715315752188827,0.3835201829312089
2021-10-17,Everton,West Ham United,8.0,18,47,0.1943427702669021,-0.16437226269726252,0.25174803815092894,-0.022167543545390644,0.2001491039558727,0.11053162990719513,1.6206964440303138,1.218849529664052,0.4671267373013808,0.24512998356279506,0.2874186006667444,0.29548622578455025,0.1977527732504428
2021-10-18,Arsenal,Crystal Palace,8.0,1,16,0.445505698863576,-0.2249853247029949,0.06378444173301742,-0.06800423038817073,0.2001491039558727,0.11053162990719513,1.990094653819144,0.9505930242751119,0.61439890352472,0.21124049007495113,0.1732903847984532,0.3861008469020257,0.1366815118502741
2021-10-22,Arsenal,Aston Villa,9.0,1,2,0.4463184811454993,-0.22304873111692544,0.21435624320504565,-0.03851633337816862,0.19934661483892546,0.1108843172720116,2.0503962760885197,1.1075959207670656,0.5897624118895434,0.20985082807116442,0.1990844843848492,0.32992895908789055,0.12868118110655974
2021-10-23,Chelsea,Norwich City,9.0,14,32,0.47460703235089025,-0.3998708636686717,0.07676246951294709,0.03154095927080388,0.19934661483892546,0.1108843172720116,2.262293052121006,0.8087834475857592,0.7002030081806088,0.17888951961205207,0.11856214087111604,0.4443559656096364,0.1041112466485389
2021-10-23,Leeds United,Wolverhampton,9.0,23,49,0.1445585265994484,-0.05296325228104041,0.10139424416987117,-0.2583486661446203,0.19934661483892546,0.1108843172720116,1.2170632595520323,1.172707653857876,0.37211852616412505,0.2772360519090027,0.3505731295897073,0.3095150870983195,0.2960891264829628
2021-10-23,Brighton and Hove Albion,Manchester City,9.0,8,27,-0.08776043160900611,-0.1545380654465208,0.7876634926472053,-0.5721500288005062,0.19934661483892546,0.1108843172720116,0.7049139585001426,2.1043565521605343,0.11266811453742002,0.1887658058041195,0.6970600798506176,0.12192400206158523,0.4934072981973796
2021-10-23,Southampton,Burnley,9.0,40,10,0.07012545223336455,-0.03127232737514375,-0.042946621146172696,-0.12496174223246076,0.19934661483892546,0.1108843172720116,1.290970991875214,1.0373458344191515,0.42270444058762635,0.2787487288258404,0.2984722617104564,0.354372341511474,0.2749999696951786
2021-10-23,Everton,Watford,9.0,18,45,0.18923664361039755,-0.16739314743462524,0.019113643918523323,-0.033864970370371776,0.19934661483892546,0.1108843172720116,1.592973834270815,0.9632953790363892,0.5203983983074584,0.25092189418076494,0.22841888749867828,0.38153664231835066,0.2033184759021111
2021-10-23,Crystal Palace,Newcastle,9.0,16,31,0.06979987742909075,-0.06986671163902082,0.026061040415656482,-0.09045409409357603,0.19934661483892546,0.1108843172720116,1.3358619186196947,1.0693795773457855,0.42769354353286354,0.2732008706957771,0.299011655600046,0.34319481508930305,0.26292711578140515
2021-10-24,West Ham United,Tottenham Hotspur,9.0,47,44,0.25198187598732286,-0.02925579784812524,0.5047660796441911,-0.3691988883344014,0.19934661483892546,0.1108843172720116,1.212899676678698,1.797496024752281,0.25751985643119607,0.2315397315372798,0.5103440879773086,0.16570671104244153,0.2971683846510717
2021-10-24,Manchester United,Liverpool,9.0,28,25,0.45223547224761007,-0.3775627382523529,0.6589566171195907,-0.4744754876428272,0.19934661483892546,0.1108843172720116,1.3337451892816519,1.4803494816337188,0.34112541297503385,0.2513101324877241,0.40733263504234724,0.2275407152002376,0.26344769580606975
2021-10-24,Brentford,Leicester City,9.0,7,24,0.15312649649865992,-0.13398595473493935,0.3516581114283767,-0.11279242768734656,0.19934661483892546,0.1108843172720116,1.4198695496112705,1.3889616782870602,0.3807253531455221,0.25231285622369637,0.3667436116040653,0.2493048343495103,0.24172113939947745
2021-10-30,Newcastle,Chelsea,10.0,31,14,0.02530461677471759,-0.09389377775436832,0.4890989768661701,-0.4057312256231529,0.19846612280151446,0.11207320576331782,0.932498924996495,1.660765108429471,0.21102553627423962,0.243922066392552,0.5447133424577398,0.18999237746722936,0.39343798596245333
2021-10-30,Tottenham Hotspur,Manchester United,10.0,44,28,0.49961744869943414,-0.3732857322295889,0.44899274093757086,-0.3657262165255632,0.19846612280151446,0.11207320576331782,1.5596018444033866,1.2065682999537017,0.4548213985611025,0.2500761553049724,0.2948441866810747,0.2991565738928155,0.21021168061785275
2021-10-30,Liverpool,Brighton and Hove Albion,10.0,25,8,0.6678579635369452,-0.483806619993751,-0.08455462541961922,-0.14946665705288273,0.19846612280151446,0.11207320576331782,2.2908676563668138,0.6336312998729541,0.7462843645765466,0.16491147664637504,0.08627623016135635,0.5293200283968522,0.1011785982706641
2021-10-30,Watford,Southampton,10.0,45,40,0.03527286441206794,-0.03458110537545993,0.07389758160380192,-0.03166795700302215,0.19846612280151446,0.11207320576331782,1.369087193931545,1.1634499452490223,0.41540731077299914,0.26628892845473323,0.31818239245038676,0.31237793055473834,0.25433143342995607
2021-10-30,Burnley,Brentford,10.0,10,7,-0.037749318398422695,-0.12541674148150164,0.15001886890815855,-0.13107915660925032,0.19846612280151446,0.11207320576331782,1.1522434332753047,1.1464558719199691,0.3595085875425179,0.283786931332177,0.35664971946375335,0.31775210776613805,0.3159187139465316
2021-10-30,Leicester City,Arsenal,10.0,24,1,0.3540148644304276,-0.11711504857547934,0.44970695266471505,-0.22637002517766489,0.19846612280151446,0.11207320576331782,1.549890321054639,1.5599676905367166,0.3785681486461428,0.23808057609878727,0.382920197596748,0.2100985370716532,0.21222451152926394
2021-10-30,Manchester City,Crystal Palace,10.0,27,16,0.7923816491059658,-0.5733703260265091,0.0690652040754908,-0.07297901608068195,0.19846612280151446,0.11207320576331782,2.8009032700095964,0.675547425408511,0.8046058174321182,0.12364917632359174,0.06359896249186697,0.5047327296750517,0.06075512358306538
2021-10-31,Aston Villa,West Ham United,10.0,2,47,0.21201240057906753,-0.03473387704174736,0.2504029537351992,-0.0374255033230364,0.19846612280151446,0.11207320576331782,1.6243800346074468,1.3878312577345726,0.431216540993733,0.2406173610766537,0.32777794640966024,0.24954424198001962,0.19701400482925427
2021-10-31,Norwich City,Leeds United,10.0,32,23,0.07255417900301793,0.051689563246972395,0.1441718762604612,-0.0546467304068682,0.19846612280151446,0.11207320576331782,1.3888093219860775,1.3606120635983072,0.3786188912533376,0.2554521002471205,0.36574034401052613,0.25647785006654095,0.24935016250985353
2021-11-01,Wolverhampton,Everton,10.0,49,18,0.10016586062277032,-0.2612472247598226,0.19147614966236484,-0.1568991411762108,0.19846612280151446,0.11207320576331782,1.2889217910787703,1.0432096167580809,0.4207809168280668,0.2786573285164298,0.3004873089567117,0.3523006940606312,0.2755639282744225
2021-11-05,Southampton,Aston Villa,11.0,40,2,0.07456936775974646,-0.037250718089885025,0.2099265917921837,-0.025224501654922488,0.19523366476426815,0.11419396537855492,1.4315710767295355,1.3322507952017428,0.39534411317634466,0.25435141869463473,0.35010456443977306,0.263849953186542,0.23891508118218127
2021-11-06,Brighton and Hove Albion,Newcastle,11.0,8,31,-0.07687765466274367,-0.15129978872249095,0.021061951778535242,-0.09000530852425061,0.19523366476426815,0.11419396537855492,1.1532045899454668,0.9840841457962687,0.39550803322869454,0.29498699480235147,0.3094678046121819,0.3737709238619833,0.3156208171854151
2021-11-06,Crystal Palace,Wolverhampton,11.0,16,49,0.07423600276801745,-0.08321515220858665,0.10442245490585672,-0.2626441960668033,0.19523366476426815,0.11419396537855492,1.1286468494869357,1.144996142581215,0.3531007952222463,0.2856338079656712,0.36121463090950645,0.3182174741690576,0.3234620410191167
2021-11-06,Chelsea,Burnley,11.0,14,10,0.4929119152081135,-0.4111285601898456,-0.028581137075650565,-0.1265525258984968,0.19523366476426815,0.11419396537855492,1.9655793165474091,0.7221548193187837,0.665958597997092,0.20479002499867496,0.12826701181754288,0.4852268811424474,0.14007457990582903
2021-11-06,Manchester United,Manchester City,11.0,28,27,0.4547827650070823,-0.37309631456871867,0.7870877422360624,-0.5674349768710358,0.19523366476426815,0.11419396537855492,1.2174705883606987,1.6958522096664514,0.2746363411963164,0.23939380358577383,0.4855473852278779,0.18343533123822992,0.2958649243812686
2021-11-06,Brentford,Norwich City,11.0,7,32,0.14785666417530513,-0.12153402229885438,0.07114691350925792,0.05368631882706282,0.19523366476426815,0.11419396537855492,1.6669083331511139,1.0658865099227994,0.513757519647157,0.24326049166384955,0.24262488913649935,0.34430494126214917,0.18882692026624806
2021-11-07,Arsenal,Watford,11.0,1,45,0.4515225887591255,-0.23330390709214058,0.028769885269597447,-0.03571870271524455,0.19523366476426815,0.11419396537855492,2.0652091739761205,0.9136204499190888,0.6385862103275981,0.20275741261863564,0.15731117323660343,0.4005321697650583,0.12679108568496456
2021-11-07,Leeds United,Leicester City,11.0,23,24,0.1443174906329399,-0.056263620772253414,0.34994163130710443,-0.11745137337841728,0.19523366476426815,0.11419396537855492,1.3997501373861412,1.5036146499551886,0.35311498840836586,0.24722210299881353,0.399384189595523,0.22230141898638742,0.24661608325653173
2021-11-07,West Ham United,Liverpool,11.0,47,25,0.260821142582046,-0.04050864884078886,0.6674096202922446,-0.47978976784992117,0.19523366476426815,0.11419396537855492,1.0946766303164257,2.098231688335761,0.1905283012061812,0.20548580716431553,0.6024881650868149,0.12267077514223866,0.3341530922890139
2021-11-07,Everton,Tottenham Hotspur,11.0,18,44,0.19353299903994028,-0.15526248586363012,0.49628845953755674,-0.3671388070075286,0.19523366476426815,0.11419396537855492,1.1454777766722828,1.576520083239462,0.2766919953060791,0.2501279149915826,0.47291718473400474,0.20668759622887264,0.31799679439168604
2021-11-20,Burnley,Crystal Palace,12.0,10,16,-0.026568573092441233,-0.12918738272470986,0.07875432574738606,-0.08579966404289674,0.19528350998680902,0.11388296852152736,1.2174983751236248,1.0655061149089078,0.39563941251356366,0.28388359356974535,0.32042003127554847,0.3445393389418905,0.2959648887855302
2021-11-20,Aston Villa,Brighton and Hove Albion,12.0,2,8,0.20443962207057367,-0.026263568580262634,-0.07687531235916784,-0.1498547585921347,0.19528350998680902,0.11388296852152736,1.438716421308944,1.0108020125555404,0.4691172926220066,0.2656222965475356,0.26512122242109587,0.363880359911518,0.23722944471192786
2021-11-20,Newcastle,Brentford,12.0,31,7,0.021812801814468014,-0.09021636259537717,0.14691151661966217,-0.11561183470202976,0.19528350998680902,0.11388296852152736,1.2403175625014933,1.1859903008964103,0.37570722984171145,0.274720124704468,0.34949207047779945,0.30542934618131995,0.289282476248878
2021-11-20,Liverpool,Arsenal,12.0,25,1,0.6679197847336461,-0.46782243656865724,0.4488325994274797,-0.23579714148609904,0.19528350998680902,0.11388296852152736,2.0986391728630203,1.099541342381494,0.6014466060142678,0.20557494611630867,0.19147832911013613,0.33253088956372717,0.122620723288076
2021-11-20,Leicester City,Chelsea,12.0,24,14,0.34840212735310605,-0.11774908061717804,0.49100553747849196,-0.4085959517605232,0.19528350998680902,0.11388296852152736,1.2827069558152402,1.6276535297755081,0.3018041978750481,0.24321363818003247,0.4546319594426976,0.19637834365298312,0.2772048277327757
2021-11-20,Norwich City,Southampton,12.0,32,40,0.0739897004038922,0.05142660934578289,0.07194682704727681,-0.04043019440117751,0.19528350998680902,0.11388296852152736,1.4087826807576658,1.267766137573387,0.4031137261653412,0.25873721473689815,0.3379838255112836,0.2814283756744373,0.24442744472639458
2021-11-20,Wolverhampton,West Ham United,12.0,49,47,0.09889981777505447,-0.2566220648886526,0.26765314334797896,-0.039785877579636836,0.19528350998680902,0.11388296852152736,1.4452472565182115,1.1330510597218302,0.4422968600123424,0.261352266703573,0.29619400519862904,0.32200662254991563,0.23568195529453168
2021-11-20,Watford,Manchester United,12.0,45,28,0.025799458016926357,-0.03894509471428246,0.4511950394749826,-0.3710439566673802,0.19528350998680902,0.11388296852152736,0.9645650350462084,1.6923750769169048,0.21437379593734163,0.24083977569077167,0.5444019821595227,0.1840803375715902,0.3810054373611929
2021-11-21,Tottenham Hotspur,Leeds United,12.0,44,23,0.4921284444246944,-0.3715078211580327,0.14371485268464107,-0.05809661251682915,0.19528350998680902,0.11388296852152736,2.1026496981804814,0.8923382627551442,0.6510525180545578,0.19830124358176524,0.1491440556284494,0.40908306702337394,0.12213183201562884
2021-11-21,Manchester City,Everton,12.0,27,18,0.7883160424700435,-0.573193570232409,0.1878766370199208,-0.1591536638877175,0.19528350998680902,0.11388296852152736,2.5557068961974645,0.7622856195725052,0.7563824130659285,0.149592690005337,0.08919463396371678,0.46434561426397936,0.07763721931275626
2021-11-27,Brighton and Hove Albion,Leeds United,13.0,8,23,-0.08280218348623028,-0.14743556507585734,0.14269214897067295,-0.05995669676079893,0.19673464135922844,0.11385036394467211,1.1827309454924364,1.1152816209232468,0.3748143934772164,0.28363073633037966,0.34149926583806245,0.3278119843384696,0.3064339271696329
2021-11-27,Arsenal,Newcastle,13.0,1,31,0.44351615017089685,-0.22927472970943286,0.029752682380736976,-0.08282790823113358,0.19673464135922844,0.11385036394467211,1.9567271326546842,0.9178955421129643,0.6153578648545757,0.21349783162419353,0.17018293309911797,0.39897687388787195,0.14131940261919484
2021-11-27,Norwich City,Wolverhampton,13.0,32,49,0.07626485562367342,0.049043333224008986,0.09601209180335818,-0.2625648001375001,0.19673464135922844,0.11385036394467211,1.132338610335718,1.2955117475850944,0.3238374212172431,0.2736047843122392,0.4024703661473484,0.27375098162041916,0.32225846211465675
2021-11-27,Crystal Palace,Aston Villa,13.0,16,2,0.08574580864178113,-0.07990095940280939,0.20627132292732525,-0.03114726609906329,0.19673464135922844,0.11385036394467211,1.4407784356602442,1.2715297808993618,0.41053183135870447,0.25643236578063117,0.33285124327131216,0.28036606385026624,0.23673032985583098
2021-11-27,Liverpool,Southampton,13.0,25,40,0.6708002899093246,-0.47363200479933076,0.06974353874093969,-0.039553986879874437,0.19673464135922844,0.11385036394467211,2.5646738289478077,0.7482350576981684,0.7606658303161992,0.14787394500544135,0.08653100545031814,0.47086906885987084,0.07694417765988561
2021-11-28,Leicester City,Watford,13.0,24,45,0.3423504162837553,-0.1140214230666926,0.03703759269562926,-0.04037008473031543,0.19673464135922844,0.11385036394467211,1.8451587863605767,1.0375545329009253,0.5621102993326749,0.22677736189478037,0.21044071845286988,0.35408684883774255,0.1579981262850715
2021-11-28,Manchester City,West Ham United,13.0,27,47,0.7871703247489616,-0.5765050363476414,0.2625172213372932,-0.041276523739811284,0.19673464135922844,0.11385036394467211,2.8762253907538464,0.8186182253971716,0.7845580348981249,0.12827756352277353,0.07771774443236282,0.4368753517666819,0.05634691341909372
2021-11-28,Brentford,Everton,13.0,7,18,0.15349754316618247,-0.10698980374789115,0.18381756858757708,-0.15847378623287264,0.19673464135922844,0.11385036394467211,1.3574511165059482,1.210069902721699,0.40210379575677885,0.26499259524841806,0.33277803430851843,0.2981506759705995,0.2573057260422125
2021-11-28,Chelsea,Manchester United,13.0,14,28,0.49337656505173055,-0.41474610901073616,0.44823770828534415,-0.35795885767647395,0.19673464135922844,0.11385036394467211,1.5620557038839469,1.158750145216126,0.4662630556805909,0.25103501312610466,0.28245078923879036,0.31380850464816834,0.2096984598429173
2021-11-30,Leeds United,Crystal Palace,14.0,23,16,0.1395753744075975,-0.06542505437106584,0.084090272702582,-0.07759852976703555,0.19714048602717402,0.11314014346012785,1.4510065298423476,1.1408862376019226,0.44201471116108093,0.2606141848366765,0.29720942471866657,0.3194923555846138,0.2343282126608332
2021-11-30,Newcastle,Norwich City,14.0,31,32,0.02487802123519989,-0.08223526199250858,0.07229464161517452,0.04375892139883722,0.19714048602717402,0.11314014346012785,1.4607026281620352,1.1087126007648866,0.451897749873286,0.26082755718465334,0.28711152000237994,0.32993668222879213,0.23206821967534516
2021-12-01,Everton,Liverpool,14.0,18,25,0.1801458769925889,-0.15864583550971226,0.6740509277740374,-0.47582114430210215,0.19714048602717402,0.11314014346012785,1.0147125416425558,1.8748810843374732,0.20136525508626885,0.22368220292355595,0.5742121438404623,0.15337146013318154,0.3622423404696205
2021-12-01,Southampton,Leicester City,14.0,40,24,0.06695359985036366,-0.03377967550898746,0.35010060308433466,-0.10972672200379534,0.19714048602717402,0.11314014346012785,1.306703439658256,1.5364292741467502,0.32393035952595334,0.2487389881834875,0.4270650574149715,0.21513364092391235,0.2706571236147971
2021-12-01,West Ham United,Brighton and Hove Albion,14.0,47,8,0.2630760847188287,-0.043047267905737145,-0.09073117564262427,-0.15211456098728082,0.19714048602717402,0.11314014346012785,1.5238532397014168,0.9795732120443225,0.4988913333627926,0.257792302207094,0.24311910360725258,0.37540056654092274,0.21786883178019847
2021-12-01,Wolverhampton,Burnley,14.0,49,10,0.08899359833603104,-0.2678971730876611,-0.01982399989900043,-0.12158138075364565,0.19714048602717402,0.11314014346012785,1.3200806682870716,0.8398088021625163,0.47877390967034283,0.28332314857917784,0.23782862841266164,0.4317622459538378,0.26711297366805614
2021-12-01,Aston Villa,Manchester City,14.0,2,27,0.20932389913775323,-0.03116740911396629,0.7853605436534584,-0.5756455803849775,0.19714048602717402,0.11314014346012785,0.945500320641515,2.380554105445332,0.1325004677821932,0.1754665232971204,0.6888451146341827,0.09249867372738788,0.3872493648333034
2021-12-01,Watford,Chelsea,14.0,45,14,0.040995896784184,-0.03248527304444762,0.49188849832930615,-0.41374340961157813,0.19714048602717402,0.11314014346012785,0.9394441735515289,1.7727701306531811,0.1975358172989661,0.23245823979875188,0.5694904275529178,0.1698606831884406,0.3906460922038853
2021-12-02,Tottenham Hotspur,Brentford,14.0,44,7,0.4900556059112395,-0.37076989449791975,0.15253328493624108,-0.11379626997520184,0.19714048602717402,0.11314014346012785,1.9868291290306201,0.9002376759783853,0.6259461403035814,0.2099404137679551,0.1630564356270924,0.4060453529328925,0.1371288950820155
2021-12-02,Manchester United,Arsenal,14.0,28,1,0.44805169633856684,-0.3591663212061471,0.4437563357243647,-0.23193685941370124,0.19714048602717402,0.11314014346012785,1.6928194736267024,1.2186335109201822,0.48456262168883424,0.23961169667000132,0.2754073716661795,0.295522366503488,0.183992436645651
2021-12-04,Wolverhampton,Liverpool,15.0,49,25,0.08248089116800941,-0.27281788822211583,0.679083013128859,-0.4750251817522711,0.19740818316238032,0.11255360046965117,0.9207354676455667,1.6800418862170114,0.2055057813385051,0.24183076262851305,0.5522988241134233,0.1863651119466622,0.3980831044436342
2021-12-04,West Ham United,Chelsea,15.0,47,14,0.2614044463028602,-0.04389485335036755,0.4924652894553603,-0.41439267175588795,0.19740818316238032,0.11255360046965117,1.1699646774953336,1.7526414265819314,0.25439431457558354,0.23532151642570073,0.5097804638068376,0.17331016583177802,0.3102311815493879
2021-12-04,Southampton,Brighton and Hove Albion,15.0,40,8,0.0698580957250645,-0.03221274661343501,-0.0903033742205459,-0.15468999528025063,0.19740818316238032,0.11255360046965117,1.2524853835354897,0.990086941151614,0.42287248259789445,0.28476690051093456,0.29230132834556577,0.3715259056784534,0.28579087829677996
2021-12-04,Watford,Manchester City,15.0,45,27,0.04058094130713886,-0.031872591284929336,0.7849147113806321,-0.5757430217875698,0.19740818316238032,0.11255360046965117,0.7983562944940615,2.376421347453698,0.10758426105088098,0.16767728717001432,0.7215881200262884,0.09288218962398487,0.4486511781130279
2021-12-04,Newcastle,Burnley,15.0,31,10,0.022902054083609395,-0.08339379551723768,-0.02358351270155407,-0.12645903150033208,0.19740818316238032,0.11255360046965117,1.2292507116196654,1.0055918687079928,0.4126335087807978,0.2862332930516855,0.3010788323154907,0.36581206110461106,0.29250855176219853
2021-12-05,Aston Villa,Leicester City,15.0,2,24,0.20995088270473017,-0.03378703524751566,0.35194199299233075,-0.10761102454043486,0.19740818316238032,0.11255360046965117,1.5102899341954188,1.5383471459792162,0.3733166265307987,0.2407604393219205,0.38554478564405265,0.21469762002004608,0.22080161707575607
2021-12-05,Leeds United,Brentford,15.0,23,7,0.1372388463556006,-0.0709908872539682,0.1505495815091626,-0.11343513732973842,0.19740818316238032,0.11255360046965117,1.3962156823513001,1.211806588812139,0.4119244954310195,0.2621088799902157,0.32582243752762846,0.2976279075085274,0.2475221357940505
2021-12-05,Manchester United,Crystal Palace,15.0,28,16,0.45212692891578504,-0.3560685245674563,0.07950648204487752,-0.07920683989224261,0.19740818316238032,0.11255360046965117,1.9795744010868521,0.8487348567853802,0.6370994237529951,0.20880965693718792,0.15305948529229935,0.42751595449270297,0.13812757652175614
2021-12-05,Tottenham Hotspur,Norwich City,15.0,44,32,0.49040105554165614,-0.37447345630160134,0.07229926126243658,0.04183041821368702,0.19740818316238032,0.11255360046965117,2.321452941140455,0.8272729462568543,0.7059475254423989,0.1744081098853199,0.11690439367612891,0.43604315523219794,0.0981306467200285
2021-12-06,Everton,Arsenal,15.0,18,1,0.1804049216845089,-0.15191552842931455,0.4472483123973187,-0.2272757755405372,0.19740818316238032,0.11255360046965117,1.300945008211824,1.5036363149794143,0.3285303909795029,0.2511006351950163,0.42013205520507413,0.22230590123777536,0.272227447573526
2021-12-10,Brentford,Watford,16.0,7,45,0.15255879527148303,-0.11091266713150913,0.042210168588190364,-0.030136780926190095,0.1981658558778926,0.11181493981853395,1.5409557025941607,1.0440552831582768,0.48771434649955336,0.25513949382690787,0.25692927819070943,0.35195277764355437,0.2141733331209793
2021-12-11,Arsenal,Southampton,16.0,1,40,0.44682265483715067,-0.2244944135282068,0.06970439556467305,-0.03269729720790571,0.1981658558778926,0.11181493981853395,2.0628863715144172,0.9579352632932783,0.6275017656584048,0.20457279024596411,0.16658740694232055,0.3831737813889161,0.12708566243606978
2021-12-11,Manchester City,Wolverhampton,16.0,27,49,0.7870275041795363,-0.5746916187139508,0.07824859732526984,-0.2768603538839037,0.1981658558778926,0.11181493981853395,2.2708357737329345,0.6807037554037272,0.7319011096576782,0.17016963419183057,0.09553151598018576,0.5050470180365167,0.10322580595697929
2021-12-11,Norwich City,Manchester United,16.0,32,28,0.06850457850654257,0.044819751732467744,0.44992478137472797,-0.3592991177709933,0.1981658558778926,0.11181493981853395,1.0193714954343613,1.8341102250459107,0.20779366823431727,0.22757291663169732,0.563988199167875,0.15975370826681773,0.3605930753136771
2021-12-11,Liverpool,Aston Villa,16.0,25,2,0.6785781819930905,-0.4803420145651935,0.2130715725898854,-0.0363029707684175,0.1981658558778926,0.11181493981853395,2.5915496232258093,0.8560251673551463,0.7411441889554866,0.15268818245064367,0.10092983932049959,0.42262358417468676,0.07490362609663034
2021-12-11,Chelsea,Leeds United,16.0,14,23,0.49407833182809086,-0.4062530425957762,0.14058245482396528,-0.06637661981477778,0.1981658558778926,0.11181493981853395,2.0910838241475704,0.8573957789144272,0.6572346715160876,0.19792890518622916,0.14338562017726136,0.4236514378181926,0.12355273411669186
2021-12-12,Burnley,West Ham United,16.0,10,47,-0.027865777435715087,-0.1263918502107742,0.2685185005156183,-0.04300912143680813,0.1981658558778926,0.11181493981853395,1.2701130303983943,1.2890965061008723,0.36229179003621914,0.26635044299450295,0.3712423338666514,0.2755045093655968,0.28078284733799735
2021-12-12,Crystal Palace,Everton,16.0,16,18,0.07600660005199429,-0.08231774356860004,0.18455067937345773,-0.1532151198513153,0.1981658558778926,0.11181493981853395,1.2620940373673444,1.2386819560447284,0.3705388602612273,0.26997456959755345,0.3593880615848143,0.2897506965296889,0.2830476236764457
2021-12-12,Leicester City,Newcastle,16.0,24,31,0.3508254962767306,-0.10570340452361085,0.02259145662562387,-0.0864753790802198,0.1981658558778926,0.11181493981853395,1.7759418694929352,1.0291188924536165,0.5483619378203042,0.2331293404431846,0.21798128853183407,0.35713768636391857,0.1693217650861091
2021-12-14,Manchester City,Leeds United,17.0,27,23,0.7845688437821118,-0.5782049286622462,0.14547705886126985,-0.06124793721160883,0.19976025469231548,0.11050700192295199,2.811134569336703,0.7245381454534334,0.7959723021614723,0.12649447134667063,0.06921871264893363,0.48052000109882775,0.060136664743761455
2021-12-14,Norwich City,Aston Villa,17.0,32,2,0.06448522847707971,0.041550866085186794,0.20955781622021125,-0.04154817817659612,0.19976025469231548,0.11050700192295199,1.3954323658309975,1.435647094104439,0.36524850666238484,0.2511456286168566,0.3833753705785239,0.237936532001556,0.24769461877042945
2021-12-15,Brighton and Hove Albion,Wolverhampton,17.0,8,49,-0.08884856526352769,-0.15528864557534236,0.07409753009020842,-0.2836151840177587,0.19976025469231548,0.11050700192295199,0.9396982248398714,1.0297498271088665,0.32079491277626465,0.31095033558573276,0.36823555705178834,0.3570939388581253,0.39074080213506446
2021-12-15,Arsenal,West Ham United,17.0,1,47,0.44869112830596486,-0.22745528656931147,0.26499030280823865,-0.04577073641389744,0.19976025469231548,0.11050700192295199,2.0404852526325814,1.1595616179871437,0.5757441314863246,0.21168840825073462,0.2112952881108187,0.3132337768916497,0.12996184436773003
2021-12-15,Crystal Palace,Southampton,17.0,16,40,0.08413552568746359,-0.08244432275137259,0.065943432533031,-0.028484584641389667,0.19976025469231548,0.11050700192295199,1.4418372921678044,1.0985664600103549,0.44931108163171285,0.2627731506286483,0.28776581834541476,0.33330527063755033,0.23648813711075395
2021-12-16,Liverpool,Newcastle,17.0,25,31,0.6752853985634457,-0.48472547236099617,0.01738742555115809,-0.07875417639647063,0.19976025469231548,0.11050700192295199,2.476381640333899,0.6998907378644758,0.7589576962663308,0.15217167877195478,0.08485300071050496,0.49464463368248335,0.08404672298226942
2021-12-16,Chelsea,Everton,17.0,14,18,0.49746748423264714,-0.40218107405946574,0.18350657141909324,-0.14755394613616277,0.19976025469231548,0.11050700192295199,1.93514216624735,0.8974772557554933,0.6158013904376208,0.21502647114602358,0.16827624457246046,0.40723338497988965,0.14440305633648864
2021-12-18,Leeds United,Arsenal,18.0,23,1,0.14266717263834627,-0.04331381204606481,0.4504660142137922,-0.23324269783089077,0.1995754353220145,0.11072398320125448,1.2457327279845285,1.6784591255499235,0.28426290381425795,0.240286736331831,0.47504570491079534,0.1866524316309165,0.28762735456631877
2021-12-19,Tottenham Hotspur,Liverpool,18.0,44,25,0.4950454154291142,-0.3793217609216846,0.6776617192081065,-0.4848490615480593,0.1995754353220145,0.11072398320125448,1.3778106755490225,1.5054079754336938,0.34735108221805744,0.24802008797952474,0.40435954932614626,0.22190551854098833,0.2520861492311446
2021-12-19,Newcastle,Manchester City,18.0,31,27,0.020198899380114592,-0.07733761858144975,0.7949451901683727,-0.583733440252893,0.1995754353220145,0.11072398320125448,0.7762853383319132,2.289495653784835,0.1105984471841495,0.17442226474337727,0.7124591923060143,0.10131738136757384,0.45895323010061484
2021-12-19,Wolverhampton,Chelsea,18.0,49,14,0.07527031146247684,-0.2885914951659715,0.4958234991514952,-0.40199543659412823,0.1995754353220145,0.11072398320125448,0.9837084597137813,1.374315772393031,0.2687764754578067,0.27280995021928345,0.45831049495149845,0.25301034820478435,0.3738867153086573
2021-12-26,Manchester City,Leicester City,19.0,27,24,0.7990640625877604,-0.5878285320699146,0.3602811096554825,-0.11032586470418562,0.19873005019343076,0.11109537174819953,2.7143801451522425,0.8900727743500282,0.7506526990864238,0.14504969595308123,0.097469129849185,0.4078237336444924,0.06624570860283005
2021-12-26,Norwich City,Arsenal,19.0,32,1,0.05908113359758433,0.04295735915841258,0.45770855139871264,-0.23460740206828548,0.19873005019343076,0.11109537174819953,1.1437349207430934,1.8436757743303964,0.23477537971308898,0.22779549252617065,0.5367477571978069,0.15823053447937155,0.31841807211051487
2021-12-26,Brighton and Hove Albion,Brentford,19.0,8,7,-0.09253379868724865,-0.1576057460936313,0.15327285109144723,-0.10934932035938236,0.19873005019343076,0.11109537174819953,1.1139834699109985,1.1126699381056162,0.3556932875958043,0.28922732754046715,0.3550355817588853,0.3286730041316419,0.32824162467814877
2021-12-26,Aston Villa,Chelsea,19.0,2,14,0.2127179658612583,-0.047990739615566394,0.49290108070539357,-0.407992631611229,0.19873005019343076,0.11109537174819953,1.121369556067665,1.743693758431294,0.24430434041855265,0.23625332339541172,0.5189620090302416,0.17486923804755145,0.3256842381846235
2021-12-26,Tottenham Hotspur,Crystal Palace,19.0,44,16,0.4971375066324875,-0.37799959442910797,0.0878859979181513,-0.08132562021082977,0.19873005019343076,0.11109537174819953,2.066047389761131,0.8360906617042313,0.6575421846527802,0.1994801595475544,0.14163160716459358,0.4328193730926551,0.12668517380512423
2021-12-26,West Ham United,Southampton,19.0,47,40,0.2619660976117496,-0.048669461031707176,0.07183987251749742,-0.029091791018437035,0.19873005019343076,0.11109537174819953,1.7206458740956387,1.143696754674601,0.508331755351111,0.23811500058178092,0.2531073602101853,0.31850526035393284,0.1789457979076027
2021-12-27,Newcastle,Manchester United,19.0,31,28,0.017131514811419127,-0.07242931533383061,0.4500020881245476,-0.36676762089982,0.19873005019343076,0.11109537174819953,0.96097134904344,1.630143657774167,0.2223763016631763,0.247136044495844,0.5301853962900696,0.1958999182134768,0.3824084737988367
2021-12-28,Watford,West Ham United,20.0,45,47,0.043821890334542084,-0.03262037836975784,0.264925470910732,-0.045756072460609074,0.19797050481745138,0.11161603539429886,1.3602280344547073,1.4104673846455864,0.3613407349725455,0.25425374602910406,0.3842058669833832,0.24400782383270755,0.25657350102057647
2021-12-28,Crystal Palace,Norwich City,20.0,16,32,0.08550478745920433,-0.08173217719305485,0.0533946048515675,0.05581507778873932,0.19797050481745138,0.11161603539429886,1.5697343566520867,1.0868444124272985,0.4848547139240003,0.2517930368248523,0.26310424952498923,0.3372017195559761,0.20809660786734638
2021-12-28,Leicester City,Liverpool,20.0,24,25,0.3687371044971308,-0.10234125145113912,0.6809186033305876,-0.4862443116100978,0.19797050481745138,0.11161603539429886,1.2117666463547865,1.9941011297382096,0.22866761354513523,0.21612704200562763,0.5540892228056414,0.13613058069119974,0.2973504649134723
2021-12-28,Southampton,Tottenham Hotspur,20.0,40,44,0.08148661269916764,-0.03146726430856125,0.5010460139846467,-0.3848509436134636,0.19797050481745138,0.11161603539429886,1.0062416074539846,1.7881736381051985,0.2109795253384422,0.23176894306540075,0.5567026409483076,0.16726358600341124,0.36539367852470084
2021-12-29,Chelsea,Brighton and Hove Albion,20.0,14,8,0.4972144542034068,-0.4123549719123876,-0.08727184258266686,-0.1648530831841705,0.19797050481745138,0.11161603539429886,1.9001786560102638,0.6784050306285141,0.6638105595833236,0.2101219846939471,0.12527291429524645,0.5070228143914772,0.14954180901611833
2021-12-29,Brentford,Manchester City,20.0,7,27,0.14895417228717373,-0.10517501262617346,0.8072410589934863,-0.5806501284366181,0.19797050481745138,0.11161603539429886,0.8850515244621263,2.256200224656453,0.1329174627677319,0.18349784262958935,0.6812752469032464,0.10474730027304016,0.4117415739439685
2021-12-30,Manchester United,Burnley,20.0,28,10,0.4495511320402335,-0.3704046568802755,-0.0315744941791862,-0.1369216350701522,0.19797050481745138,0.11161603539429886,1.8630520633101801,0.7479919106799294,0.6379881111383023,0.21751901208352314,0.14379143366727337,0.4729846486225471,0.1551980374100168
2022-01-01,Arsenal,Manchester City,21.0,1,27,0.4680097426495992,-0.24264907962413543,0.8051272700619987,-0.5850743274540613,0.19896217128287041,0.11137772901884506,1.213216764920169,1.9617872489469095,0.2334758706980224,0.21867242871743478,0.5468403288895202,0.1406012863421535,0.29695081895231273
2022-01-01,Watford,Tottenham Hotspur,21.0,45,44,0.04352687047370215,-0.024608003661208192,0.49900753277127136,-0.38508085015187765,0.19896217128287041,0.11137772901884506,0.9692680505637862,1.796386699319441,0.2013338995160882,0.23052186771474878,0.5675817247195382,0.16589588234177402,0.3791503260126518
2022-01-01,Crystal Palace,West Ham United,21.0,16,47,0.0920489750390269,-0.08508830967483332,0.2734715411326757,-0.046739644406741165,0.19896217128287041,0.11137772901884506,1.4271068755129177,1.3495361765324225,0.3906241362977456,0.25381265785919643,0.35535889385308517,0.2593290676457907,0.23998235176987828
2022-01-02,Everton,Brighton and Hove Albion,21.0,18,8,0.1870027063434663,-0.15589198018927525,-0.08540252463110352,-0.16782009680064489,0.19896217128287041,0.11137772901884506,1.3903041134188154,0.8781685127500227,0.48861690338048663,0.2740085508108876,0.2372688682377798,0.41550104023284207,0.24899856434843234
2022-01-02,Chelsea,Liverpool,21.0,14,25,0.4949005922660766,-0.41159734403135156,0.6760516722209484,-0.4880552653183428,0.19896217128287041,0.11137772901884506,1.3732569129700622,1.4562025545119204,0.35566789587134284,0.25104229940246736,0.3930573561899815,0.2330980656611057,0.2532454982963286
2022-01-02,Brentford,Aston Villa,21.0,7,2,0.14495231896639438,-0.11034251283291827,0.21171120566958518,-0.04514593553092741,0.19896217128287041,0.11137772901884506,1.5070382241726445,1.2370709173194347,0.43486032984286715,0.25309654095100936,0.31182251576260894,0.290182312015472,0.221555116416663
2022-01-02,Leeds United,Burnley,21.0,23,10,0.14094688168124764,-0.03437289678330957,-0.029942521964323267,-0.13335208138526405,0.19896217128287041,0.11137772901884506,1.3742865182092812,1.0481873198810505,0.44303435782048,0.27056148751995146,0.28629588987106863,0.35053971328429184,0.2530164343455726
2022-01-03,Manchester United,Wolverhampton,21.0,28,49,0.45311597374206714,-0.3694798639573162,0.07060448435033306,-0.29983616232298543,0.19896217128287041,0.11137772901884506,1.5898182662136584,0.8290310659135325,0.5534255612393556,0.25117411770233333,0.1951479858044318,0.4363630166366843,0.20396213316053924
2022-01-11,Southampton,Brentford,21.0,40,7,0.08121964970894195,-0.0341315984140548,0.14495231896639438,-0.11034251283291827,0.19896217128287041,0.11137772901884506,1.3247410908040427,1.2488191809062046,0.38515657930277863,0.2652652090870238,0.34945633280004934,0.2868223281776314,0.26585882678909123
2022-01-12,West Ham United,Norwich City,21.0,47,32,0.2734715411326757,-0.046739644406741165,0.048360398203866825,0.061031303536883796,0.19896217128287041,0.11137772901884506,1.9056873267923635,1.1196302342621873,0.556162994773603,0.22236599673151428,0.22063957981307106,0.32613651706460617,0.14871699905026636
2022-01-14,Brighton and Hove Albion,Crystal Palace,22.0,8,16,-0.07385481140481229,-0.16739598439241,0.09455165565664371,-0.0818304249714926,0.19924423586910048,0.11151629193548909,1.167745879050457,1.039429456605447,0.38721766375345495,0.28996050669546075,0.3227777510272082,0.3536455827841207,0.31106313865875973
2022-01-18,Brighton and Hove Albion,Chelsea,22.0,8,14,-0.07385481140481229,-0.16739598439241,0.49697566593931725,-0.41043506190432066,0.19924423586910048,0.11151629193548909,0.840692480254894,1.5544098773127677,0.20293898282174194,0.25535078065407263,0.5414922519065258,0.21131342542192194,0.4313189036483473
2022-01-15,Manchester City,Chelsea,22.0,27,14,0.8049952495205539,-0.5880382698307869,0.49697566593931725,-0.41043506190432066,0.19924423586910048,0.11151629193548909,2.024495867859508,1.020664298188569,0.6047753027053019,0.21002115365443497,0.18400817395491278,0.359928985810934,0.13205883683186556
2022-01-15,Wolverhampton,Southampton,22.0,49,40,0.07085591861664808,-0.3098796836222536,0.09178397512609399,-0.035446398683920244,0.19924423586910048,0.11151629193548909,1.4136429821707135,0.8989036574896162,0.4897658828350715,0.2709058275177918,0.23920973575532667,0.4069693337987061,0.24325433004567956
2022-01-15,Newcastle,Watford,22.0,31,45,0.01972201471843437,-0.07862409013454998,0.04034999190710552,-0.0284171673577025,0.19924423586910048,0.11151629193548909,1.3526496535137127,1.075991103634832,0.4307387958372337,0.2714268661937635,0.2977327848455819,0.3409309088352128,0.25854981909910013
2022-01-15,Norwich City,Everton,22.0,32,18,0.04250994572270861,0.06199671722025077,0.1887736174420353,-0.15030801913249056,0.19924423586910048,0.11151629193548909,1.225026473023739,1.4366106537777743,0.32167055662227606,0.2586281058103575,0.419531803831564,0.23772200666844337,0.2937126567091614
2022-01-15,Aston Villa,Manchester United,22.0,2,28,0.20945577424561035,-0.043919764985133954,0.44774138531424335,-0.3695376293225292,0.19924423586910048,0.11151629193548909,1.16262301557193,1.6742041403365087,0.2649387656093149,0.24179960569960046,0.49288109622573495,0.1874517490059615,0.3125552718670321
2022-01-19,Brentford,Manchester United,22.0,7,28,0.14546539748048534,-0.09862623118394201,0.44774138531424335,-0.3695376293225292,0.19924423586910048,0.11151629193548909,1.0905566958086954,1.585074558150973,0.26154790081612334,0.25036965824209717,0.4878187170410896,0.20492863195828787,0.3359471189792658
2022-01-16,West Ham United,Leeds United,22.0,47,23,0.27958858149055715,-0.04992395787238237,0.147106417668948,-0.03375006879400359,0.19924423586910048,0.11151629193548909,1.7447286471578698,1.2320737825260064,0.49377686849618974,0.23547808992334615,0.2702415969221368,0.29155315164597406,0.1746846291960739
2022-01-16,Liverpool,Brentford,22.0,25,7,0.6775799285456617,-0.4872637027638405,0.14546539748048534,-0.09862623118394201,0.19924423586910048,0.11151629193548909,2.4344338519444686,0.7943095650143659,0.7315902594104934,0.1622149181822967,0.10256047987058467,0.45025167188192183,0.08764718381167094
2022-01-19,Leicester City,Tottenham Hotspur,22.0,24,44,0.3678950046927433,-0.11060885188297696,0.4963545477665724,-0.39171341483596095,0.19924423586910048,0.11151629193548909,1.332347091878166,1.6442132261347746,0.31092006785745074,0.24088173120386064,0.4478105003573449,0.19314978827833584,0.2637750011095308
2022-01-21,Watford,Norwich City,23.0,45,32,0.038759115040975435,-0.029497561182577167,0.045744160933588546,0.05944539668515229,0.19932907747198417,0.11187809633187647,1.505931563120373,1.136694735241054,0.4571261491271996,0.25620137534473164,0.2864730417983269,0.32082199191726785,0.2218049470971276
2022-01-22,Leeds United,Newcastle,23.0,23,31,0.1529887634264564,-0.03375851326224884,0.01704353103125015,-0.07986853511326363,0.19932907747198417,0.11187809633187647,1.4686261943031569,1.0998382396212016,0.45600758007993847,0.2604053261655092,0.28341983443249863,0.3328759404572312,0.23023694662407718
2022-01-22,Southampton,Manchester City,23.0,40,27,0.09218267499538207,-0.03186345513213243,0.8024077174286695,-0.5954519197518685,0.19932907747198417,0.11187809633187647,0.8252556424979861,2.4167468492025126,0.10896463705914149,0.16568502230502463,0.7218686737644757,0.08921113455428148,0.43659869960276904
2022-01-22,Everton,Aston Villa,23.0,18,2,0.18802776323638273,-0.14826989640604915,0.21358313159038556,-0.04313171450074223,0.19932907747198417,0.11187809633187647,1.577913212569433,1.1938594942234528,0.4622340223199518,0.2489710129250849,0.2885217314810711,0.3029773948060796,0.2063980080079524
2022-01-22,Manchester United,West Ham United,23.0,28,47,0.4532910498280951,-0.36701640409011044,0.2804549267194061,-0.04522687538765934,0.19932907747198417,0.11187809633187647,2.052936789529121,1.0256398061308607,0.6094310609521915,0.20759040678321947,0.1816751832208964,0.35810403492021353,0.12835581584031963
2022-01-22,Brentford,Wolverhampton,23.0,7,49,0.14252694834167928,-0.09104356532924926,0.0787624705812454,-0.3098554740215194,0.19932907747198417,0.11187809633187647,1.1547439696750335,1.1047256256782052,0.3691208888776673,0.2865959977040032,0.34423408551436874,0.33129239841629904,0.31513167557418725
2022-01-23,Chelsea,Tottenham Hotspur,23.0,14,44,0.49238285270151677,-0.4147153082424589,0.49963150711609283,-0.38952339888687054,0.19932907747198417,0.11187809633187647,1.5129579283099424,1.2174935706805998,0.4406827753373935,0.25329008793546626,0.3058066541514745,0.2959179112556238,0.2202485019194742
2022-01-23,Arsenal,Burnley,23.0,1,10,0.46662609651424375,-0.24404796258934913,-0.03019579763357016,-0.12964049616311296,0.19932907747198417,0.11187809633187647,1.912082140377638,0.8501302857496295,0.6226245502397543,0.21587541185572692,0.16067081900235264,0.4270062372930788,0.14777191181059868
2022-01-23,Crystal Palace,Liverpool,23.0,16,25,0.09376904957404758,-0.08251799103690748,0.6786094055030555,-0.4917603208515097,0.19932907747198417,0.11187809633187647,0.9168750299004764,2.0298654514801258,0.16178785737406381,0.20629432596223757,0.6307090461750993,0.13135247000974015,0.3992853220514884
2022-01-23,Leicester City,Brighton and Hove Albion,23.0,24,8,0.36924173789552467,-0.10725015989921746,-0.07307262989250396,-0.17014391754911445,0.19932907747198417,0.11187809633187647,1.6657991764806028,0.9338451064171969,0.54559868151603,0.2434040683059446,0.21065146410954674,0.3929060831840005,0.1890383340162835
2022-02-08,Newcastle,Everton,24.0,31,18,0.015949480262572025,-0.08457626318690196,0.1830831240431741,-0.14669327402230015,0.19828269869082513,0.111836516777174,1.1964698406137895,1.2341017501481102,0.35363553840924533,0.2745014064529068,0.3717819176011975,0.29108557578879896,0.30224578003413566
2022-02-08,Burnley,Manchester United,24.0,10,28,-0.03419172013393281,-0.13395952433670485,0.45061623072574053,-0.37042608590157344,0.19828269869082513,0.111836516777174,0.9098290169677058,1.5349429637247003,0.22346193604198086,0.2573541869239795,0.5189809214663915,0.21546685786600478,0.40251344305464026
2022-02-08,West Ham United,Watford,24.0,47,45,0.2775124344220242,-0.04713750333326701,0.03421176195941044,-0.02244676890537925,0.19828269869082513,0.111836516777174,1.7597731012319913,1.103967794083214,0.5268026150981406,0.23487914681347824,0.23781229302733753,0.3313920289677452,0.17208035319349943
2022-02-09,Manchester City,Brentford,24.0,27,7,0.799237656921819,-0.5926178618871203,0.1424560754992534,-0.08629309858256624,0.19828269869082513,0.111836516777174,2.78170423433443,0.7129633448686941,0.7950201826533752,0.1278828087563971,0.06925918092489104,0.4863478507209905,0.06193281470970157
2022-02-09,Norwich City,Crystal Palace,24.0,32,16,0.053642087035357444,0.05321231926019894,0.09459205412518017,-0.07769606191596658,0.19828269869082513,0.111836516777174,1.3311792993387916,1.296464429929131,0.37689755674793896,0.2622440382469947,0.3607197239599875,0.27347637659685026,0.2641488828353185
2022-02-09,Aston Villa,Leeds United,24.0,2,23,0.21333847389841756,-0.04815273459721601,0.14766645554531221,-0.03349884520318287,0.19828269869082513,0.111836516777174,1.6322490419978717,1.2353449437055486,0.46624066891800175,0.2439225700037894,0.28949449262065513,0.2906480930109923,0.19548057467421998
2022-02-09,Tottenham Hotspur,Southampton,24.0,44,40,0.4970320941270629,-0.38543518732351945,0.09252887228416133,-0.03375519216321233,0.19828269869082513,0.111836516777174,2.16711354267432,0.8343771185904003,0.6771442334035644,0.1893947575932296,0.1316546472481551,0.433361802296728,0.11450734292351392
2022-02-10,Wolverhampton,Arsenal,24.0,49,1,0.08402746020249605,-0.30896141361674656,0.4613282790632873,-0.245500686159856,0.19828269869082513,0.111836516777174,1.1602621715173642,1.3023930529616747,0.3301084757698552,0.2715983524749533,0.3981988371937541,0.2718724381991177,0.3133836050549691
2022-02-10,Liverpool,Leicester City,24.0,25,24,0.6804971418747393,-0.4885535680581384,0.36839593072545734,-0.10548338284277609,0.19828269869082513,0.111836516777174,2.4233066080462424,0.9917134041403904,0.6856135759998792,0.17412694285366234,0.1367144919108013,0.36962916506716387,0.08862721803302671
2022-02-12,Watford,Brighton and Hove Albion,25.0,45,8,0.02982822930345236,-0.02485365991929192,-0.07296576587975237,-0.17256382746783439,0.1980898410000916,0.11209860473672609,1.1822895410486343,1.0143816133925043,0.39708971077074207,0.2902220639260439,0.31264353523279376,0.3626145121069225,0.30657253788409883
2022-02-12,Norwich City,Manchester City,25.0,32,27,0.05252926394616767,0.05280486297285819,0.7986619702405127,-0.5961342890604057,0.1980898410000916,0.11209860473672609,0.7918236474068135,2.621024935287349,0.08934379294455612,0.1461391652316347,0.7589280699527889,0.07272814449575768,0.4504868491934702
2022-02-12,Everton,Leeds United,25.0,18,23,0.18180522303131283,-0.14189463459041673,0.15474458093716192,-0.028617452185943124,0.1980898410000916,0.11209860473672609,1.5894312003208064,1.133090155306341,0.47898597273894705,0.24928309223722814,0.2714568859629309,0.32195629819259547,0.20403658158906687
2022-02-12,Brentford,Crystal Palace,25.0,7,16,0.1395513781881401,-0.08981308452294864,0.09418829226225457,-0.07871396574189436,0.1980898410000916,0.11209860473672609,1.4492205471123478,1.123528087663226,0.44550578746775354,0.2613364934659317,0.2929998083395521,0.325086928257708,0.23474771443267836
2022-02-12,Manchester United,Southampton,25.0,28,40,0.44908196276602524,-0.36954895611359884,0.10237075482574438,-0.035095854672138056,0.1980898410000916,0.11209860473672609,2.0630274788099054,0.8563470125020366,0.6520140350287559,0.20066601075761448,0.14598552370534862,0.4241453944437277,0.12706826187309916
2022-02-13,Leicester City,West Ham United,25.0,24,47,0.36540796406150655,-0.10660622121623008,0.2746950024370932,-0.050184540444522,0.1980898410000916,0.11209860473672609,1.8690155891704372,1.323377771515645,0.5018305743789223,0.2257008796280105,0.27168135934619353,0.26604424697231666,0.15426425349766093
2022-02-13,Tottenham Hotspur,Wolverhampton,25.0,44,49,0.49745758493371217,-0.37609231225556217,0.07817873697620076,-0.31055008225283487,0.1980898410000916,0.11209860473672609,1.6439402446184215,0.830427234268135,0.5664286715991593,0.2449128988454452,0.18834441221437506,0.4357273347429992,0.19321669744346476
2022-02-13,Burnley,Liverpool,25.0,10,25,-0.03278920603047148,-0.1362965696953385,0.6803632907545505,-0.4936057283195258,0.1980898410000916,0.11209860473672609,0.8055689438845123,1.927387243277192,0.14947072997720512,0.2126397335450749,0.6370185559804932,0.14552761743070652,0.44644541038280233
2022-02-13,Newcastle,Aston Villa,25.0,31,2,0.02631124031315996,-0.08524089880649888,0.2182038298410227,-0.04100460500691289,0.1980898410000916,0.11209860473672609,1.343791479715724,1.2776999350367626,0.3841053428860417,0.26247938252336733,0.35327757902323453,0.27865506988270455,0.2608398793201388
2022-02-19,Manchester City,Tottenham Hotspur,26.0,27,44,0.8035285430091756,-0.6037145238522101,0.4961878092597036,-0.37362756474722564,0.1970460246798432,0.11211670390300034,2.093974022827295,1.0046005394469242,0.6226494284000162,0.2032590740804616,0.17262107962180717,0.36565630295330626,0.12319527109956432
2022-02-19,Liverpool,Norwich City,26.0,25,32,0.6807861594663881,-0.4989077639476145,0.049373794205671215,0.05852717324432139,0.1970460246798432,0.11211670390300034,2.853299549518865,0.7136110122726785,0.8026591156301581,0.12256103867993917,0.0657452709133975,0.4854467104297251,0.0576537240773736
2022-02-19,West Ham United,Newcastle,26.0,47,31,0.278925879680439,-0.05156041087624678,0.027234741259168235,-0.09034037804214187,0.1970460246798432,0.11211670390300034,1.645012906726893,1.0917599577905945,0.5023146100639468,0.2450374586037702,0.2523161864549647,0.33552034923571367,0.19300638774816145
2022-02-19,Aston Villa,Watford,26.0,2,45,0.21330597125249479,-0.043297388786727814,0.02668501752007652,-0.023266968178469214,0.1970460246798432,0.11211670390300034,1.6474056738725933,1.1002135888489957,0.5009088099522321,0.24474480653063801,0.2540105755027849,0.3326949411194283,0.19254491543677058
2022-02-19,Crystal Palace,Chelsea,26.0,16,14,0.09217489129348191,-0.08524809199376643,0.4956785886988819,-0.4201467005828866,0.1970460246798432,0.11211670390300034,0.9813667061966007,1.6863175728790327,0.2192807002366228,0.24151383880008068,0.538828688794775,0.1851985963654287,0.3746606536053349
2022-02-19,Southampton,Everton,26.0,40,18,0.1056537941892199,-0.03828790933780169,0.18983955624211782,-0.1465370111095085,0.1970460246798432,0.11211670390300034,1.3077126098617409,1.3016964181392174,0.3696619663257131,0.26335673559885037,0.3668495156833855,0.2720516460148057,0.2704204082344925
2022-02-19,Brighton and Hove Albion,Burnley,26.0,8,10,-0.0658120822125031,-0.17763449632930756,-0.034605583613560836,-0.14101299629513073,0.1970460246798432,0.11211670390300034,1.1077574429726047,0.9047257896648726,0.40033151874759154,0.30515257891710373,0.29448975655881354,0.40464427415595505,0.33029719282036496
2022-02-19,Arsenal,Brentford,26.0,1,7,0.4636336588453632,-0.2515003041170559,0.13437408637432113,-0.09452695104086968,0.1970460246798432,0.11211670390300034,1.9704647652811875,0.9950030128484523,0.5996069765184431,0.2143271202251108,0.1850571375536705,0.3693530202756895,0.13939067799871338
2022-02-20,Leeds United,Manchester United,26.0,23,28,0.1506548290003193,-0.022129607332329337,0.4487506529702734,-0.3720271336836296,0.1970460246798432,0.11211670390300034,1.0917592913953802,1.7138421981967882,0.24176205114969246,0.23893570804532124,0.5188743913460367,0.18016876484563893,0.3354883170324532
2022-02-20,Wolverhampton,Leicester City,26.0,49,24,0.08473297372889359,-0.32022126547647733,0.3696107035616086,-0.10601453213645848,0.1970460246798432,0.11211670390300034,1.33359882339302,1.1752796766900326,0.4033269326639604,0.26845495165518285,0.32810957959346104,0.30870898983367934,0.26351873426474465
2022-02-25,Southampton,Norwich City,27.0,40,32,0.10681304790294807,-0.042521396305441994,0.050340466422389124,0.05971776039378769,0.19600359393192107,0.11284104072960989,1.6086180284379683,1.1282413701859308,0.484857196765367,0.24774018419618393,0.26710873707141297,0.3235145304492657,0.20015923101671865
2022-02-26,Brentford,Newcastle,27.0,7,31,0.1338016084433287,-0.09443194459823163,0.02538732966311785,-0.09314633486438109,0.19600359393192107,0.11284104072960989,1.4183580620249812,1.0447696450876307,0.4556498577487047,0.266585757864781,0.2776340263270717,0.35173190655511105,0.2421078354619317
2022-02-26,Crystal Palace,Burnley,27.0,16,10,0.08731658455327874,-0.08644713269823019,-0.025754094984754672,-0.1441991046306857,0.19600359393192107,0.11284104072960989,1.2865472949822208,1.0006400177706518,0.4300197852283485,0.280891081110438,0.2890189965737973,0.3676220666751418,0.276220010577712
2022-02-26,Manchester United,Watford,27.0,28,45,0.454466724417275,-0.36659003946158875,0.026283290471028082,-0.028253922155734038,0.19600359393192107,0.11284104072960989,2.0856017796138673,0.7965497361048468,0.6709899818008446,0.19564367917973066,0.13194028404891342,0.45023985715455384,0.12423209038666289
2022-02-26,Leeds United,Tottenham Hotspur,27.0,23,44,0.1548745233856997,-0.011669480545799672,0.5001669603913184,-0.373441253215435,0.19600359393192107,0.11284104072960989,1.0944784022815321,1.824559376911719,0.22625569355926883,0.2291704660371661,0.5439418077841517,0.16128556317025192,0.3345090947154332
2022-02-26,Everton,Manchester City,27.0,18,27,0.1838165132536958,-0.14418338758580032,0.8035778799729733,-0.5906268194186935,0.19600359393192107,0.11284104072960989,0.9066800281818946,2.164599883626505,0.14572062265493282,0.19302401603082728,0.6594594917252069,0.11479527384783586,0.4031395772815367
2022-02-26,Brighton and Hove Albion,Aston Villa,27.0,8,2,-0.07243988109764599,-0.16903839913496038,0.20795614926650846,-0.043267366763737374,0.19600359393192107,0.11284104072960989,1.2130494390522613,1.163879464207783,0.3728839395187769,0.27810144588388486,0.3489448639377418,0.31225993038874883,0.29728044437457474
2022-03-05,Wolverhampton,Crystal Palace,28.0,49,16,0.0893740282987413,-0.3209827066920495,0.08796159780205899,-0.08781743323301651,0.19436153694724206,0.11331635881123507,1.3623817990813674,0.8871823385675963,0.4786778073832213,0.2769884921101073,0.24424080743083781,0.41177800721593316,0.2560490777909584
2022-03-05,Aston Villa,Southampton,28.0,2,40,0.2107831249464324,-0.04790962811017503,0.11076768814388357,-0.04661531994674157,0.19436153694724206,0.11331635881123507,1.6029500306694433,1.1926460604587164,0.46869173349627713,0.24703776462525825,0.28397145113713573,0.30333735092185854,0.20129466223330225
2022-03-05,Burnley,Chelsea,28.0,10,14,-0.02411253895080832,-0.14490772379253947,0.4958304973395533,-0.42535217067591186,0.19436153694724206,0.11331635881123507,0.8678062410227827,1.5908033375127986,0.20475355629680583,0.2512468440282103,0.5437451946782508,0.20376110192246616,0.41976637372095077
2022-03-05,Norwich City,Brentford,28.0,32,7,0.04648893735090759,0.060305709004116276,0.12823919552363816,-0.08992543288809475,0.19436153694724206,0.11331635881123507,1.302442568278835,1.3523735898974298,0.35803013948198376,0.26062859483529094,0.381191953074967,0.25860882195142687,0.27184403361300935
2022-03-05,Liverpool,West Ham United,28.0,25,47,0.6829209153683435,-0.498613702762099,0.2779721573681559,-0.05213304738128458,0.19436153694724206,0.11331635881123507,2.5560568134319137,0.8982335319999699,0.7269230950038342,0.15814085900367386,0.11009864994961116,0.40532019608672387,0.07760980063498654
2022-03-05,Leicester City,Leeds United,28.0,24,23,0.37023866280696544,-0.10417170673315898,0.15068704377190723,-0.004094996898767671,0.19436153694724206,0.11331635881123507,1.96171984743041,1.173313380861803,0.5559292100414104,0.21829297217257762,0.2247749286748312,0.30903981720584145,0.1406119277567451
2022-03-05,Newcastle,Brighton and Hove Albion,28.0,31,8,0.03203087380428222,-0.09655584178995635,-0.07509974344589478,-0.16761078902356197,0.19436153694724206,0.11331635881123507,1.1877942082295472,0.9433298907279561,0.41517534180592225,0.2939450952362447,0.2908383671358526,0.3893158416950127,0.30489099393108277
