date,team1,team2,event,hg,ag,rating1,rating2,home_adv,home_win_p,draw_p,away_win_p
2021-08-13,Brentford,Arsenal,1,7,1,1.6107032756257464,2.4174603507345185,0.30510537210335364,0.3539659011322547,0.046949664125010115,0.5990844347427352
2021-08-14,Burnley,Brighton and Hove Albion,1,10,8,1.3642637992977746,1.2003863826191812,0.30510537210335364,0.5912131614925327,0.04731526436137873,0.3614715741460886
2021-08-14,Chelsea,Crystal Palace,1,14,16,2.8407109841385054,1.3311740187484045,0.30510537210335364,0.8474374476935147,0.02410234490846999,0.1284602073980153
2021-08-14,Leicester City,Wolverhampton,1,24,49,2.241657613300634,1.820333015668212,0.30510537210335364,0.6516795286080931,0.043920008366419905,0.304400463025487
2021-08-14,Everton,Southampton,1,18,40,2.112599849423708,1.3935857380084016,0.30510537210335364,0.7158807347666561,0.03887130383058621,0.24524796140275765
2021-08-14,Manchester United,Leeds United,1,28,23,2.9999999999999947,1.6407058253591893,0.30510537210335364,0.8269837531436286,0.0267760633963664,0.146240183460005
2021-08-14,Watford,Aston Villa,1,45,2,1.6931773894178892,1.2174770540203252,0.30510537210335364,0.6639184992404265,0.04307065641593938,0.29301084434363417
2021-08-14,Norwich City,Liverpool,1,32,25,1.5385783315853732,2.9999999999999742,0.30510537210335364,0.22160867303764722,0.036405371326980296,0.7419859556353725
2021-08-15,Tottenham Hotspur,Manchester City,1,44,27,2.497243889335784,2.9999999999999707,0.30510537210335364,0.42613187986262857,0.049474816285248746,0.5243933038521227
2021-08-15,Newcastle,West Ham United,1,31,47,1.391467273393712,1.9960302115367337,0.30510537210335364,0.40144267244907966,0.04885759525933964,0.5496997322915808
2021-08-21,Liverpool,Burnley,2,25,10,2.999999999999999,1.3299491778240395,0.273957916340645,0.8634221244167677,0.021918709406682377,0.11465916617654993
2021-08-21,Brighton and Hove Albion,Watford,2,8,45,1.3242305590288357,1.6756197366064665,0.273957916340645,0.4557581916760564,0.049883753540618414,0.4943580547833251
2021-08-21,Crystal Palace,Brentford,2,16,7,1.3250795996387557,1.5593716664428408,0.273957916340645,0.48492103632248124,0.04993877825085963,0.4651401854266592
2021-08-21,Leeds United,Everton,2,23,18,1.607240804110926,2.1176664529976432,0.273957916340645,0.4166677614075632,0.049268154928057584,0.5340640836643793
2021-08-21,Aston Villa,Newcastle,2,2,31,1.2504703122032175,1.3584417167506593,0.273957916340645,0.516490644724928,0.04961669066917229,0.4338926646058997
2021-08-21,Manchester City,Norwich City,2,27,32,3.0,1.447751550671012,0.273957916340645,0.8489265293563752,0.023902397694981314,0.12717107294864344
2021-08-22,Southampton,Manchester United,2,40,28,1.3652771848997736,3.0,0.273957916340645,0.188350363819529,0.032491883441753244,0.7791577527387178
2021-08-22,Arsenal,Chelsea,2,1,14,2.285164828831954,2.7682526010381565,0.273957916340645,0.42332714537765703,0.049417434760557044,0.5272554198617859
2021-08-22,Wolverhampton,Tottenham Hotspur,2,49,44,1.735368718930386,2.4659597959746367,0.273957916340645,0.36432683868713867,0.04744798773930292,0.5882251735735584
2021-08-23,West Ham United,Leicester City,2,47,24,2.0395779046399487,2.2521311868235063,0.273957916340645,0.4903523561055565,0.049911429510152816,0.4597362143842907
2021-08-28,Norwich City,Leicester City,3,32,24,1.4178337346767167,2.186412637270703,0.27610172782665726,0.3560666774595304,0.04705443635007989,0.5968788861903896
2021-08-28,Liverpool,Chelsea,3,25,14,2.999999999999998,2.8280383340892556,0.27610172782665726,0.5861478783007352,0.04753828864977705,0.3663138330494877
2021-08-28,Brighton and Hove Albion,Everton,3,8,18,1.3901320719552452,2.1118417069892397,0.27610172782665726,0.3668840071297347,0.047563888642200736,0.5855521042280646
2021-08-28,Manchester City,Arsenal,3,27,1,2.9999999999999987,2.214939665290805,0.27610172782665726,0.7233544090680469,0.03818939446626066,0.2384561964656924
2021-08-28,West Ham United,Crystal Palace,3,47,16,2.0971668802583134,1.3289180770883544,0.27610172782665726,0.7199776061593842,0.03849989986989316,0.24152249397072262
2021-08-28,Newcastle,Southampton,3,31,40,1.2985260180441671,1.3698090423137073,0.27610172782665726,0.526180709741952,0.049439354521667034,0.424379935736381
2021-08-28,Aston Villa,Brentford,3,2,7,1.3223538467332616,1.5520039672063426,0.27610172782665726,0.48661609980237286,0.049931502404056416,0.4634523977935707
2021-08-29,Burnley,Leeds United,3,10,23,1.3064981062774905,1.6116785651318788,0.27610172782665726,0.46777504734097874,0.04994784193673546,0.4822771107222858
2021-08-29,Wolverhampton,Manchester United,3,49,28,1.6761436330227164,3.0,0.27610172782665726,0.24089944632453217,0.03843715997113317,0.7206633937043346
2021-08-29,Tottenham Hotspur,Watford,3,44,45,2.5168240865842906,1.6142430903563383,0.27610172782665726,0.7462446201620386,0.03598084332562229,0.21777453651233908
2021-09-11,Leicester City,Manchester City,4,24,27,2.2413113509114733,2.999999999999998,0.2705315282426282,0.3570578079842639,0.0471032069635402,0.5958389850521959
2021-09-11,Southampton,West Ham United,4,40,47,1.375717064668109,2.0931004723965536,0.2705315282426282,0.3665951049614533,0.0475509347399522,0.5858539602985945
2021-09-11,Chelsea,Aston Villa,4,14,2,2.8295548523294207,1.3267486167263944,0.2705315282426282,0.842020324527974,0.024823687852022824,0.13315598762000314
2021-09-11,Watford,Wolverhampton,4,45,49,1.5706478071395877,1.6319998042073371,0.2705315282426282,0.5272678017706529,0.04941717960526609,0.423315018624081
2021-09-11,Brentford,Brighton and Hove Albion,4,7,8,1.5457450795612513,1.3302102696486242,0.2705315282426282,0.5953353927251214,0.047126680159082834,0.3575379271157958
2021-09-11,Crystal Palace,Tottenham Hotspur,4,16,44,1.3372354054867186,2.559104189935144,0.2705315282426282,0.2589683936136836,0.040184019164953844,0.7008475872213625
2021-09-11,Manchester United,Newcastle,4,28,31,2.9999999999999996,1.2957830791004143,0.2705315282426282,0.8670067571465515,0.021417769779189952,0.11157547307425854
2021-09-11,Arsenal,Norwich City,4,1,32,2.1626239898133623,1.3670476599105887,0.2705315282426282,0.7243430320023978,0.03809774039306879,0.2375592276045334
2021-09-12,Leeds United,Liverpool,4,23,25,1.6138125298145531,2.9999999999999982,0.2705315282426282,0.228701827465334,0.037172606180841394,0.7341255663538246
2021-09-13,Everton,Burnley,4,18,10,2.174185785051244,1.3108732732962427,0.2705315282426282,0.7376604641613204,0.03683019876594801,0.22550933707273163
2021-09-17,Newcastle,Leeds United,5,31,23,1.2877390162789586,1.5720596327440595,0.26408547878269045,0.4699773753448322,0.049953274069394815,0.480069350585773
2021-09-18,Burnley,Arsenal,5,10,1,1.2754664228278432,2.211900405669138,0.26408547878269045,0.3159712967732475,0.04472379981329033,0.6393049034134621
2021-09-18,Norwich City,Watford,5,32,45,1.3206513404649003,1.509883128303488,0.26408547878269045,0.49371375398462314,0.04988863437824698,0.4563976116371299
2021-09-18,Wolverhampton,Brentford,5,49,7,1.6964077471659993,1.4695392335930844,0.26408547878269045,0.5965123324249499,0.04707167346451857,0.3564159941105315
2021-09-18,Aston Villa,Everton,5,2,18,1.3083371668510575,2.2313596769863726,0.26408547878269045,0.3188770926845397,0.04491635312395481,0.6362065541915055
2021-09-18,Liverpool,Crystal Palace,5,25,16,2.9999999999999956,1.399757330942371,0.26408547878269045,0.8537509018766478,0.023249692581998077,0.1229994055413541
2021-09-18,Manchester City,Southampton,5,27,40,2.999999999999994,1.3949791297942662,0.26408547878269045,0.8543465016314323,0.02316859223133741,0.12248490613723026
2021-09-19,Brighton and Hove Albion,Leicester City,5,8,24,1.417633086894338,2.1903251435314925,0.26408547878269045,0.3523771218351953,0.04686916282294451,0.6007537153418602
2021-09-19,West Ham United,Manchester United,5,47,28,2.0972057741316013,2.9999999999999996,0.26408547878269045,0.32328656972980513,0.04520144196381237,0.6315119883063826
2021-09-19,Tottenham Hotspur,Chelsea,5,44,14,2.506313897408393,2.859332429280474,0.26408547878269045,0.4529067390281631,0.04985996946129484,0.497233291510542
2021-09-25,Everton,Norwich City,6,18,32,2.1490090054319393,1.2734097838195415,0.2543789015512758,0.7369116545304024,0.03690309075809389,0.2261852547115037
2021-09-25,Leeds United,West Ham United,6,23,47,1.5744244650024872,2.0321865827726366,0.2543789015512758,0.42473063689755464,0.04944655465881187,0.5258228084436335
2021-09-25,Chelsea,Manchester City,6,14,27,2.904884878130068,3.0,0.2543789015512758,0.5148116100681233,0.04964369386904721,0.43554469606282953
2021-09-25,Leicester City,Burnley,6,24,10,2.1128625042913876,1.2084399062477202,0.2543789015512758,0.7424614437080159,0.03635827990847909,0.221180276383505
2021-09-25,Watford,Newcastle,6,45,31,1.5552562590237426,1.2849292773468506,0.2543789015512758,0.6046087762034288,0.04667929401051746,0.34871192978605375
2021-09-25,Manchester United,Aston Villa,6,28,2,2.9999999999999996,1.3652443596834292,0.2543789015512758,0.8568211360456426,0.02283041011818196,0.12034845383617546
2021-09-25,Brentford,Liverpool,6,7,25,1.5257128236434079,3.0,0.2543789015512758,0.21083355456463354,0.03519474346456741,0.753971701970799
2021-09-26,Southampton,Wolverhampton,6,40,49,1.3813031799614646,1.6231574727824465,0.2543789015512758,0.4781450864536231,0.04995642070819423,0.4718984928381827
2021-09-26,Arsenal,Tottenham Hotspur,6,1,44,2.2442109952749023,2.4210444451527597,0.2543789015512758,0.4943865987759339,0.04988353350475938,0.4557298677193067
2021-09-27,Crystal Palace,Brighton and Hove Albion,6,16,8,1.3625871669463776,1.4643285825695924,0.2543789015512758,0.5131563339290144,0.04966923531966794,0.4371744307513177
2021-10-02,Chelsea,Southampton,7,14,40,2.8252270059119335,1.3327409370892986,0.2470637786785353,0.8374736757868608,0.02542178419702304,0.13710454001611613
2021-10-02,Manchester United,Everton,7,28,18,2.9999999999999996,2.1933012911672387,0.2470637786785353,0.7218712147834851,0.038326264701390916,0.23980252051512393
2021-10-02,Leeds United,Watford,7,23,45,1.5201974395344993,1.5475804578068946,0.2470637786785353,0.5298845277335592,0.04936192131024514,0.42075355095619565
2021-10-02,Wolverhampton,Newcastle,7,49,31,1.685010000229985,1.2965560269446161,0.2470637786785353,0.6307691179545067,0.045245817488043294,0.32398506455744996
2021-10-02,Brighton and Hove Albion,Arsenal,7,8,1,1.47939178742578,2.2992827166737295,0.2470637786785353,0.337864083821886,0.04608322981810142,0.6160526863600125
2021-10-02,Burnley,Norwich City,7,10,32,1.218845966097098,1.2354075042340782,0.2470637786785353,0.532579335481198,0.04930223920069865,0.4181184253181034
2021-10-03,Tottenham Hotspur,Aston Villa,7,44,2,2.356619841613629,1.4024853134707995,0.2470637786785353,0.7504845648603105,0.03555202218089468,0.21396341295879487
2021-10-03,Crystal Palace,Leicester City,7,16,24,1.3679717241819829,2.1100764604880364,0.2470637786785353,0.35547906228463555,0.04702532176056995,0.5974956159547945
2021-10-03,Liverpool,Manchester City,7,25,27,2.9999999999999987,2.9999999999999982,0.2470637786785353,0.5366998239332923,0.049205548339694094,0.4140946277270136
2021-10-03,West Ham United,Brentford,7,47,7,2.0874599562622747,1.5173999614828753,0.2470637786785353,0.6719733382166899,0.04248235420306862,0.28554430758024146
2021-10-16,Manchester City,Burnley,8,27,10,2.9999999999999964,1.2117298514292458,0.2515362849183021,0.8743308766352961,0.020381500855927007,0.10528762250877692
2021-10-16,Leicester City,Manchester United,8,24,28,2.0989031919151504,2.9999999999999996,0.2515362849183021,0.32091706816613785,0.04504930881676206,0.6340336230171001
2021-10-16,Aston Villa,Wolverhampton,8,2,49,1.3540875053447659,1.7308668203911743,0.2515362849183021,0.44392611526097403,0.049763462292431115,0.5063104224465949
2021-10-16,Brentford,Chelsea,8,7,14,1.563982354244181,2.8490886673417566,0.2515362849183021,0.24350286674943292,0.03869812806271,0.7177990051878571
2021-10-16,Norwich City,Brighton and Hove Albion,8,32,8,1.2332607864613343,1.4758935986933506,0.2515362849183021,0.47724160452053294,0.04995738736904176,0.47280100811042525
2021-10-16,Watford,Liverpool,8,45,25,1.486471431068692,2.9999999999999982,0.2515362849183021,0.20391669472042395,0.03438877054825129,0.7616945347313248
2021-10-16,Southampton,Leeds United,8,40,23,1.2945873089916626,1.580416173847036,0.2515362849183021,0.46647722041816,0.04994372695046223,0.4835790526313778
2021-10-17,Newcastle,Tottenham Hotspur,8,31,44,1.235184489481076,2.388808097618494,0.2515362849183021,0.2685312266999189,0.04104797064168875,0.6904208026583923
2021-10-17,Everton,West Ham United,8,18,47,2.1913646448693647,2.03295417983722,0.2515362849183021,0.5768722633457742,0.04792172798501493,0.37520600866921083
2021-10-18,Arsenal,Crystal Palace,8,1,16,2.2854640504911474,1.366942894496167,0.2515362849183021,0.7446078393473932,0.036144741343292125,0.2192474193093147
2021-10-22,Arsenal,Aston Villa,9,1,2,2.2879116584087855,1.3133018782385975,0.24139960974056832,0.7532477492145223,0.03526925759277122,0.21148299319270647
2021-10-23,Chelsea,Norwich City,9,14,32,2.90524413271283,1.2241605677581646,0.24139960974056832,0.8608638216119036,0.02227370904970663,0.11686246933838981
2021-10-23,Brighton and Hove Albion,Manchester City,9,8,27,1.4996786849982782,2.999999999999999,0.24139960974056832,0.20441560932303376,0.03444766281724698,0.7611367278597192
2021-10-23,Everton,Watford,9,18,45,2.138749396192135,1.4442065439219123,0.24139960974056832,0.6976099640607998,0.04045637892481713,0.2619336570143831
2021-10-23,Southampton,Burnley,9,40,10,1.3760276861537888,1.2055693689438993,0.24139960974056832,0.5773386951232736,0.04790321969792277,0.3747580851788036
2021-10-23,Leeds United,Wolverhampton,9,23,49,1.523530337668494,1.8018417299045164,0.24139960974056832,0.46582542078006056,0.04994140445071843,0.48423317476922106
2021-10-23,Crystal Palace,Newcastle,9,16,31,1.3946840429642806,1.2067412749710993,0.24139960974056832,0.5815993586163489,0.04773036034200484,0.37067028104164623
2021-10-24,West Ham United,Tottenham Hotspur,9,47,44,2.102387309939158,2.4435724239484027,0.24139960974056832,0.45021909450310504,0.04983452942952027,0.4999463760673747
2021-10-24,Brentford,Leicester City,9,7,24,1.4906592220162327,2.1673866528411514,0.24139960974056832,0.3692751179391182,0.04766973178103662,0.5830551502798451
2021-10-24,Manchester United,Liverpool,9,28,25,2.9999999999999996,3.0,0.24139960974056832,0.5352911215717618,0.04923934319099449,0.41546953523724367
2021-10-30,Manchester City,Crystal Palace,10,27,16,2.999999999999997,1.3990559895446888,0.2356466354682583,0.8502534961858855,0.02372361575932752,0.12602288805478695
2021-10-30,Leicester City,Arsenal,10,24,1,2.2295599657395533,2.328810995857039,0.2356466354682583,0.5090978970732655,0.049727315535630034,0.4411747873911045
2021-10-30,Tottenham Hotspur,Manchester United,10,44,28,2.3797478755871904,2.9345493481064637,0.2356466354682583,0.39671900788336295,0.048710521264422324,0.5545704708522148
2021-10-30,Newcastle,Chelsea,10,31,14,1.2108575347270412,2.930425819430687,0.2356466354682583,0.17024079768192518,0.030139106462288012,0.7996200958557869
2021-10-30,Liverpool,Brighton and Hove Albion,10,25,8,2.999999999999995,1.4584176829057784,0.2356466354682583,0.842537250002689,0.024755263882519918,0.1327074861147911
2021-10-30,Watford,Southampton,10,45,40,1.4827699536482437,1.3767253484576072,0.2356466354682583,0.5601303867557138,0.048531558918434636,0.39133805432585156
2021-10-30,Burnley,Brentford,10,10,7,1.2101965955425231,1.4328617568146884,0.2356466354682583,0.4782590857403819,0.0499562755399372,0.4717846387196809
2021-10-31,Norwich City,Leeds United,10,32,23,1.2008174870129757,1.52569943588538,0.2356466354682583,0.4528318453615514,0.04985930030030711,0.4973088543381415
2021-10-31,Aston Villa,West Ham United,10,2,47,1.2744685113346275,2.1605983585578272,0.2356466354682583,0.3207160205196277,0.045036286917273016,0.6342476925630992
2021-11-01,Wolverhampton,Everton,10,49,18,1.797681576451035,2.07826132371141,0.2356466354682583,0.46383001427223214,0.04993323002704453,0.48623675570072333
2021-11-05,Southampton,Aston Villa,11,40,2,1.4554635976094197,1.2361894381096736,0.22304635920264698,0.5847540943165859,0.04759796990611831,0.3676479357772958
2021-11-06,Brighton and Hove Albion,Newcastle,11,8,31,1.4871748292266607,1.2002143772960792,0.22304635920264698,0.6010895120292218,0.046852843761432506,0.3520576442093457
2021-11-06,Chelsea,Burnley,11,14,10,2.9797059075686403,1.2914905479505938,0.22304635920264698,0.8595142952654983,0.022460129536992793,0.11802557519750893
2021-11-06,Crystal Palace,Wolverhampton,11,16,49,1.4439830703617795,1.8690737527487216,0.22304635920264698,0.42505780761109013,0.04945322589907375,0.5254889664898361
2021-11-06,Manchester United,Manchester City,11,28,27,2.999999999999999,2.9999999999999964,0.22304635920264698,0.5307228365590407,0.04934365673499491,0.41993350670596435
2021-11-06,Brentford,Norwich City,11,7,32,1.3577691008418746,1.1451053177110755,0.22304635920264698,0.5831480903274137,0.04766583410858366,0.3691860755640027
2021-11-07,Arsenal,Watford,11,1,45,2.4006055163823805,1.4278702491774737,0.22304635920264698,0.7494688753221433,0.03565530635159764,0.21487581832625902
2021-11-07,Leeds United,Leicester City,11,23,24,1.5944174341849473,2.1791131490045608,0.22304635920264698,0.38659462387142896,0.048363679493420575,0.5650416966351505
2021-11-07,West Ham United,Liverpool,11,47,25,2.233078972512239,2.999999999999997,0.22304635920264698,0.3443711913032606,0.0464469103278482,0.6091818983688913
2021-11-07,Everton,Tottenham Hotspur,11,18,44,2.0251770705570764,2.3342383930651502,0.22304635920264698,0.4536298886706986,0.049866313520497085,0.49650379780880427
2021-11-20,Norwich City,Southampton,12,32,40,1.187829324804006,1.5244566863522437,0.22581826441466002,0.4474920384045801,0.049805713622092074,0.5027022479733279
2021-11-20,Newcastle,Brentford,12,31,7,1.2112994189859694,1.2963348155240397,0.22581826441466002,0.5101943040418288,0.04971226167864656,0.4400934342795247
2021-11-20,Leicester City,Chelsea,12,24,14,2.185403826647917,2.979018437308712,0.22581826441466002,0.33899045121344845,0.04614750012651925,0.6148620486600322
2021-11-20,Liverpool,Arsenal,12,25,1,2.999999999999997,2.454583902280991,0.22581826441466002,0.6617794984107814,0.043222979742806644,0.2949975218464119
2021-11-20,Watford,Manchester United,12,45,28,1.3886320937160443,2.945961421763541,0.22581826441466002,0.19286335219690842,0.033053711488578386,0.7740829363145132
2021-11-20,Burnley,Crystal Palace,12,10,16,1.3069725380696844,1.5142764147114778,0.22581826441466002,0.47963986147881565,0.049954104671308064,0.4704060338498763
2021-11-20,Aston Villa,Brighton and Hove Albion,12,2,8,1.1872238161639217,1.4962296064501452,0.22581826441466002,0.454330759932637,0.04987225959806346,0.4957969804692996
2021-11-20,Wolverhampton,West Ham United,12,49,47,1.815561642173871,2.293309878319976,0.22581826441466002,0.4129144863349819,0.04917591407157906,0.5379095995934391
2021-11-21,Tottenham Hotspur,Leeds United,12,44,23,2.3373007867278077,1.5982812252399277,0.22581826441466002,0.7036704228401097,0.03994355128411986,0.2563860258757704
2021-11-21,Manchester City,Everton,12,27,18,2.9999999999999996,2.0360245743584873,0.22581826441466002,0.7483428701086704,0.03576939692328496,0.21588773296804464
2021-11-27,Liverpool,Southampton,13,25,40,2.9999999999999982,1.4470564232501475,0.23384831427032274,0.8438017962801858,0.02458751482640864,0.13161068889340555
2021-11-27,Crystal Palace,Aston Villa,13,16,2,1.5007043855528854,1.252893208523654,0.23384831427032274,0.5942732896235245,0.04717587617997726,0.3585508341964982
2021-11-27,Brighton and Hove Albion,Leeds United,13,8,23,1.4177617920363303,1.54798472622492,0.23384831427032274,0.5009063440277315,0.0498248318639668,0.4492688241083017
2021-11-27,Norwich City,Wolverhampton,13,32,49,1.2359858836853996,1.8465743972307258,0.23384831427032274,0.3830221745923961,0.04823096555901474,0.5687468598485892
2021-11-27,Arsenal,Newcastle,13,1,31,2.37002854625425,1.2005337567042222,0.23384831427032274,0.7863970842870958,0.03167547470959656,0.18192744100330768
2021-11-28,Manchester City,West Ham United,13,27,47,2.9999999999999956,2.2078092332288133,0.23384831427032274,0.716271010428969,0.038836174571703214,0.24489281499932777
2021-11-28,Leicester City,Watford,13,24,45,2.103369018326426,1.4145396524635112,0.23384831427032274,0.6948044414685717,0.040689409354587536,0.2645061491768408
2021-11-28,Chelsea,Manchester United,13,14,28,2.9999999999999996,2.852795097678776,0.23384831427032274,0.5698044150827182,0.048192130586007464,0.38200345433127436
2021-11-28,Brentford,Everton,13,7,18,1.3060545072083127,1.9517608149848986,0.23384831427032274,0.37475806958381597,0.04790321905204764,0.5773387113641364
2021-11-30,Leeds United,Crystal Palace,14,23,16,1.5477507752992417,1.4323559279329656,0.23894901468470134,0.5632453830162627,0.048426145310690616,0.3883284716730467
2021-11-30,Newcastle,Norwich City,14,31,32,1.1496251164747904,1.2379603380484692,0.23894901468470134,0.5126507477155952,0.049676822804485044,0.4376724294799198
2021-12-01,Wolverhampton,Burnley,14,49,10,1.8257241923124092,1.2752557130967694,0.23894901468470134,0.6658373328444694,0.04293261628572426,0.2912300508698063
2021-12-01,Watford,Chelsea,14,45,14,1.3659824215451515,2.9734821018642377,0.23894901468470134,0.18716300560940366,0.03234244956954169,0.7804945448210546
2021-12-01,Everton,Liverpool,14,18,25,1.8649131877586191,2.9999999999999987,0.23894901468470134,0.269701453763301,0.041150833250165,0.689147712986534
2021-12-01,Aston Villa,Manchester City,14,2,27,1.307096591508065,2.9999999999999982,0.23894901468470134,0.17451586446664277,0.030708764249502973,0.7947753712838542
2021-12-01,Southampton,Leicester City,14,40,24,1.3989041925317571,2.134179887802981,0.23894901468470134,0.3551845403090179,0.04701067309904694,0.5978047865919351
2021-12-01,West Ham United,Brighton and Hove Albion,14,47,8,2.143302566285623,1.4008151665841997,0.23894901468470134,0.7071197929908971,0.03964592217579205,0.25323428483331084
2021-12-02,Manchester United,Arsenal,14,28,1,2.823765137764386,2.3850243000730176,0.23894901468470134,0.6405356683471143,0.044646342447626663,0.31481798920525905
2021-12-02,Tottenham Hotspur,Brentford,14,44,7,2.32827275740605,1.3667428833208217,0.23894901468470134,0.7503498241720611,0.03556574403398932,0.2140844317939496
2021-12-04,Southampton,Brighton and Hove Albion,15,40,8,1.3989706383778973,1.4015143474960037,0.2389747711755286,0.5340549585818533,0.04926836701066584,0.4166766744074809
2021-12-04,Wolverhampton,Liverpool,15,49,25,1.8216505275797574,2.9999999999999973,0.2389747711755286,0.2612706637508297,0.04039583173283223,0.698333504516338
2021-12-04,Newcastle,Burnley,15,31,10,1.1482247422315504,1.2781652993159287,0.2389747711755286,0.5022585381615448,0.049810555393199285,0.44793090644525596
2021-12-04,Watford,Manchester City,15,45,27,1.326540390656559,2.999999999999997,0.2389747711755286,0.17733844779971664,0.03108004021710742,0.791581511983176
2021-12-04,West Ham United,Chelsea,15,47,14,2.1384728874893804,2.9999999999999996,0.2389747711755286,0.326831187774236,0.04542441708859979,0.6277443951371642
2021-12-05,Leeds United,Brentford,15,23,7,1.60665171661846,1.3285495509200467,0.2389747711755286,0.6027835753869334,0.04676987654547493,0.3504465480675917
2021-12-05,Manchester United,Crystal Palace,15,28,16,2.8861667250157494,1.3713415240317306,0.2389747711755286,0.8394039663749435,0.02516867984586907,0.1354273537791874
2021-12-05,Aston Villa,Leicester City,15,2,24,1.2701065476521247,2.1235975913950513,0.2389747711755286,0.3286016781362387,0.04553372589732019,0.6258645959664412
2021-12-05,Tottenham Hotspur,Norwich City,15,44,32,2.3651797102005623,1.2353644788689262,0.2389747711755286,0.7805355459340033,0.0323378567704464,0.18712659729555028
2021-12-06,Everton,Arsenal,15,18,1,1.8070219959585356,2.3295631150803846,0.2389747711755286,0.4052670260886026,0.048969820052656376,0.545763153858741
2021-12-10,Brentford,Watford,16,7,45,1.3296255305573774,1.2866807875525996,0.24659971950839793,0.5472447529924395,0.04892828012020739,0.40382696688735314
2021-12-11,Manchester City,Wolverhampton,16,27,49,2.9999999999999907,1.7729678055584532,0.24659971950839793,0.7979663101788318,0.030334439918888956,0.17169924990227925
2021-12-11,Liverpool,Aston Villa,16,25,2,2.9999999999999942,1.3314440380117314,0.24659971950839793,0.8599838312873387,0.02239533513621829,0.11762083357644303
2021-12-11,Norwich City,Manchester United,16,32,28,1.2007820374263194,2.919262414470862,0.24659971950839793,0.17194845438194345,0.030367713459015677,0.7976838321590409
2021-12-11,Chelsea,Leeds United,16,14,23,2.9426794903471154,1.6070544416763322,0.24659971950839793,0.8149083836448157,0.02829051875419511,0.15680109760098923
2021-12-11,Arsenal,Southampton,16,1,40,2.270252710311867,1.3994155164378934,0.24659971950839793,0.7344730406760646,0.03713913861173776,0.22838782071219768
2021-12-12,Leicester City,Newcastle,16,24,31,2.0583126689480506,1.2038092526135509,0.24659971950839793,0.7312754130100176,0.03744555408946354,0.23127903290051882
2021-12-12,Crystal Palace,Everton,16,16,18,1.3372961059456079,1.8673203031478547,0.24659971950839793,0.4053012209198712,0.04897079589870812,0.5457279831814207
2021-12-12,Burnley,West Ham United,16,10,47,1.218039785766772,2.1909282534308425,0.24659971950839793,0.3044303662247827,0.04392216220915446,0.6516474715660628
2021-12-14,Manchester City,Leeds United,17,27,23,3.0,1.5755881397976783,0.2577258694711721,0.8295070595997015,0.026453571949606597,0.1440393684506919
2021-12-14,Norwich City,Aston Villa,17,32,2,1.169996676107662,1.3018541408188642,0.2577258694711721,0.5064667405792627,0.04976151604601925,0.4437717433747181
2021-12-15,Crystal Palace,Southampton,17,16,40,1.3962917314706178,1.352405522705995,0.2577258694711721,0.5502329812530442,0.048841936285019594,0.4009250824619362
2021-12-15,Arsenal,West Ham United,17,1,47,2.305410226754079,2.1842618794699353,0.2577258694711721,0.5692702015965482,0.04821180063753183,0.38251799776592
2021-12-15,Brighton and Hove Albion,Wolverhampton,17,8,49,1.3980521827728882,1.7296246650559863,0.2577258694711721,0.45664747749592766,0.04989049664099782,0.49346202586307447
2021-12-16,Liverpool,Newcastle,17,25,31,3.0,1.1575176207729367,0.2577258694711721,0.8808189410215366,0.01944926910172562,0.09973178987673781
2021-12-16,Chelsea,Everton,17,14,18,2.978208376157393,1.7947475614772794,0.2577258694711721,0.7926850234803638,0.03095214448136438,0.17636283203827177
2021-12-18,Leeds United,Arsenal,18,23,1,1.5452055635978785,2.3538055965994045,0.2555748453092647,0.34230814236659196,0.04633359941392157,0.6113582582194865
2021-12-19,Wolverhampton,Chelsea,18,49,14,1.7837918418407488,2.963794158963037,0.2555748453092647,0.26416588037285865,0.0406587592100941,0.6951753604170473
2021-12-19,Newcastle,Manchester City,18,31,27,1.1380806515445894,2.999999999999997,0.2555748453092647,0.1536384518626104,0.02784271771134572,0.8185188304260439
2021-12-19,Tottenham Hotspur,Liverpool,18,44,25,2.383969999713815,2.999999999999998,0.2555748453092647,0.3868778540043772,0.0483739703111864,0.5647481756844365
2021-12-26,Brighton and Hove Albion,Brentford,19,8,7,1.3411588577704754,1.378587676304772,0.2507986399317121,0.5283121378532433,0.0493954446236739,0.42229241752308283
2021-12-26,Aston Villa,Chelsea,19,2,14,1.3659079265219332,2.953542320808782,0.2507986399317121,0.19203582843640174,0.03295142026344955,0.7750127513001487
2021-12-26,Manchester City,Leicester City,19,27,24,2.9999999999999973,2.094314655033323,0.2507986399317121,0.7420180571048678,0.03640219449815146,0.22157974839698075
2021-12-26,Norwich City,Arsenal,19,32,1,1.1226991719892259,2.404984998218067,0.2507986399317121,0.24388675037759613,0.038736343699440456,0.7173769059229634
2021-12-26,West Ham United,Southampton,19,47,40,2.124984868200284,1.3579940113015578,0.2507986399317121,0.7145914864247394,0.03898697421574393,0.24642153935951672
2021-12-26,Tottenham Hotspur,Crystal Palace,19,44,16,2.384716422749461,1.3961149005227196,0.2507986399317121,0.7575694910321776,0.03482178998792068,0.20760871897990169
2021-12-27,Newcastle,Manchester United,19,31,28,1.1083366337039238,2.9383482006768693,0.2507986399317121,0.15719971844878086,0.02834661299968555,0.8144536685515336
2021-12-28,Watford,West Ham United,20,45,47,1.2373119696372825,2.0880272935388637,0.24878726497742812,0.3313848910552965,0.045702783834510874,0.6229123251101926
2021-12-28,Southampton,Tottenham Hotspur,20,40,44,1.4170890817584871,2.4295054024585814,0.24878726497742812,0.2965816899711772,0.04334317633744389,0.6600751336913789
2021-12-28,Leicester City,Liverpool,20,24,25,2.0546296896318017,2.9999999999999907,0.24878726497742812,0.310756912656957,0.044368914990008945,0.6448741723530341
2021-12-28,Crystal Palace,Norwich City,20,16,32,1.3687905476482356,1.084031373679938,0.24878726497742812,0.6067202065646213,0.04657296440808362,0.34670682902729505
2021-12-29,Brentford,Manchester City,20,7,27,1.316374052259842,2.999999999999984,0.24878726497742812,0.17728683147433946,0.03107328520577135,0.7916398833198892
2021-12-29,Chelsea,Brighton and Hove Albion,20,14,8,2.9973369112856085,1.4176647513152307,0.24878726497742812,0.8492152577265802,0.023863545727140306,0.12692119654627945
2021-12-30,Manchester United,Burnley,20,28,10,2.934043323260622,1.2338557409801942,0.24878726497742812,0.8640066933813755,0.021837298367114663,0.11415600825150986
2022-01-01,Crystal Palace,West Ham United,21,16,47,1.4426816901165622,2.163421194246883,0.25083519410953553,0.3612589051076474,0.047305238734468014,0.5914358561578846
2022-01-01,Arsenal,Manchester City,21,1,27,2.470828925074541,3.0,0.25083519410953553,0.40652832499511377,0.04900549142737631,0.54446618357751
2022-01-01,Watford,Tottenham Hotspur,21,45,44,1.19191015032446,2.4387425636482156,0.25083519410953553,0.250490646011343,0.03938311809990591,0.7101262358887511
2022-01-02,Brentford,Aston Villa,21,7,2,1.270174584959895,1.3507855572388903,0.25083519410953553,0.5175488442922993,0.04959910597734507,0.4328520497303556
2022-01-02,Leeds United,Burnley,21,23,10,1.5051076995277,1.223718847060979,0.25083519410953553,0.6064046249759457,0.046588961847107035,0.34700641317694725
2022-01-02,Everton,Brighton and Hove Albion,21,18,8,1.8214284074626312,1.4408916871645647,0.25083519410953553,0.6298030323413119,0.04530322518564334,0.3248937424730448
2022-01-02,Chelsea,Liverpool,21,14,25,3.0,3.0,0.25083519410953553,0.5376374672671864,0.04918262938363449,0.4131799033491791
2022-01-03,Manchester United,Wolverhampton,21,28,49,2.982702610073174,1.8132686086044707,0.25083519410953553,0.7892264901648826,0.03135162742444353,0.17942188241067392
2022-01-11,Southampton,Brentford,21,40,7,1.4404022422649891,1.270174584959895,0.25083519410953553,0.5795832553222354,0.04781300759429952,0.37260373708346506
2022-01-12,West Ham United,Norwich City,21,47,32,2.163421194246883,1.0378335584964224,0.25083519410953553,0.7818402477245969,0.032191414460805146,0.18596833781459793
2022-01-14,Brighton and Hove Albion,Crystal Palace,22,8,16,1.4999614267618178,1.3948264514290065,0.24587086784452816,0.5624240576706049,0.04845429787531591,0.3891216444540792
2022-01-18,Brighton and Hove Albion,Chelsea,22,8,14,1.4999614267618178,2.9810269251336585,0.24587086784452816,0.20830141055142873,0.03490231418565104,0.7567962752629203
2022-01-15,Manchester City,Chelsea,22,27,14,2.999999999999985,2.9810269251336585,0.24587086784452816,0.5411179179201039,0.04909459025974905,0.40978749182014707
2022-01-15,Aston Villa,Manchester United,22,2,28,1.3066977511240505,2.9176629440641055,0.24587086784452816,0.18768939776487586,0.03240878143540804,0.779901820799716
2022-01-19,Brentford,Manchester United,22,7,28,1.2677040291883603,2.9176629440641055,0.24587086784452816,0.1818165974881046,0.03166121181220216,0.7865221906996932
2022-01-15,Wolverhampton,Southampton,22,49,40,1.8479303144133314,1.4979867467545909,0.24587086784452816,0.6214752050190787,0.04578392124362002,0.33274087373730127
2022-01-15,Newcastle,Watford,22,31,45,1.15262753878304,1.1530974376629046,0.24587086784452816,0.536286335967353,0.04921554742574613,0.4144981166069009
2022-01-15,Norwich City,Everton,22,32,18,1.0009735045921804,1.7583934046445304,0.24587086784452816,0.35170592375999227,0.04683482675347017,0.6014592494865376
2022-01-16,West Ham United,Leeds United,22,47,23,2.2480892905995233,1.559411291624471,0.24587086784452816,0.6973159038010411,0.040480933837961974,0.2622031623609969
2022-01-16,Liverpool,Brentford,22,25,7,2.9999999999999925,1.2677040291883603,0.24587086784452816,0.8674004238387213,0.021362506032159598,0.11123707012911911
2022-01-19,Leicester City,Tottenham Hotspur,22,24,44,2.1177667182800692,2.469526738657711,0.24587086784452816,0.4487087717161629,0.04981894440571655,0.5014722838781206
2022-01-21,Watford,Norwich City,23,45,32,1.1500900802740301,1.0443270221810472,0.24577429474009932,0.5625548595744383,0.04844983155224131,0.3889953088733204
2022-01-22,Manchester United,West Ham United,23,28,47,2.937605886511791,2.191430608898021,0.24577429474009932,0.7092923319564065,0.03945632903456059,0.2512513390090329
2022-01-22,Southampton,Manchester City,23,40,27,1.4379229419095372,2.999999999999992,0.24577429474009932,0.19524184806027006,0.03334590187663966,0.7714122500630903
2022-01-22,Leeds United,Newcastle,23,23,31,1.6024219608656398,1.1486182590459069,0.24577429474009932,0.6455597525557903,0.04432445070777913,0.3101157967364305
2022-01-22,Everton,Aston Villa,23,18,2,1.6834916129377098,1.3111229485298685,0.24577429474009932,0.626713425621192,0.04548452738714104,0.32780204699166693
2022-01-22,Brentford,Wolverhampton,23,7,49,1.2159793228347158,1.894361858151579,0.24577429474009932,0.3699087630498555,0.04769737066124813,0.5823938662888964
2022-01-23,Arsenal,Burnley,23,1,10,2.397708989503267,1.166394006317675,0.24577429474009932,0.7985231186727184,0.030268774985497265,0.17120810634178432
2022-01-23,Crystal Palace,Liverpool,23,16,25,1.3884391464648262,2.9999999999999964,0.24577429474009932,0.18758388118589098,0.03239549568255473,0.7800206231315543
2022-01-23,Leicester City,Brighton and Hove Albion,23,24,8,2.0419021437534144,1.4972785410322733,0.24577429474009932,0.6660554351772229,0.04291684263161316,0.29102772219116396
2022-01-23,Chelsea,Tottenham Hotspur,23,14,44,2.890362853385033,2.512685657186277,0.24577429474009932,0.6279544855025558,0.045412120120897126,0.32663339437654704
2022-02-05,Burnley,Watford,23,10,45,1.166394006317675,1.1500900802740301,0.24577429474009932,0.5404310857286071,0.04911233372196078,0.4104565805494321
2022-02-08,West Ham United,Watford,24,47,45,2.138274340916937,1.1006991706133225,0.23351578403274556,0.7633421542374819,0.034214202234369884,0.20244364352814825
2022-02-08,Burnley,Manchester United,24,10,28,1.1785008580170906,2.9650375141586127,0.23351578403274556,0.16070108794074442,0.028835998246596883,0.8104629138126587
2022-02-08,Newcastle,Everton,24,31,18,1.2141118908297972,1.6175837729574747,0.23351578403274556,0.43291787291997996,0.049600231464328126,0.5174818956156919
2022-02-09,Tottenham Hotspur,Southampton,24,44,40,2.447925244281518,1.4520383125686283,0.23351578403274556,0.7557286555585311,0.035013164246821576,0.20925818019464734
2022-02-09,Norwich City,Crystal Palace,24,32,16,1.087019008954155,1.358981533585527,0.23351578403274556,0.46544349404424445,0.04993996403748302,0.4846165419182725
2022-02-09,Aston Villa,Leeds United,24,2,23,1.3845620532691396,1.5573521213576633,0.23351578403274556,0.4901826908618507,0.049912461240874895,0.45990484789727437
2022-02-09,Manchester City,Brentford,24,27,7,2.999999999999994,1.1662976389712518,0.23351578403274556,0.8773120005503016,0.019954820437868018,0.10273317901183042
2022-02-10,Liverpool,Leicester City,24,25,24,2.9999999999999947,2.032175213337848,0.23351578403274556,0.7505112038858318,0.03554930855686872,0.21393948755729947
2022-02-10,Wolverhampton,Arsenal,24,49,1,1.9507789673704707,2.3853473519916517,0.23351578403274556,0.42530018641068573,0.049458139669545265,0.525241673919769
2022-02-12,Norwich City,Manchester City,25,32,27,1.0881971694085975,3.0,0.23581255835848441,0.14479896073823822,0.026565146349424973,0.8286358929123367
2022-02-12,Watford,Brighton and Hove Albion,25,45,8,1.0659514506759178,1.5165016567068952,0.23581255835848441,0.4219587560470753,0.049388259202007734,0.528652984750917
2022-02-15,Manchester United,Brighton and Hove Albion,25,28,8,2.95635613081762,1.5165016567068952,0.23581255835848441,0.8285899884910036,0.026571018676733588,0.1448389928322628
2022-02-12,Brentford,Crystal Palace,25,7,16,1.144243078985127,1.360627247695476,0.23581255835848441,0.4798679872910043,0.049953672667777727,0.47017834004121795
2022-02-12,Manchester United,Southampton,25,28,40,2.95635613081762,1.4918112290692862,0.23581255835848441,0.8320683391846733,0.0261241037273153,0.14180755708801143
2022-02-12,Everton,Leeds United,25,18,23,1.5441569337731977,1.5587498352401676,0.23581255835848441,0.5302678597847555,0.04935360330319488,0.42037853691204957
2022-02-13,Leicester City,West Ham United,25,24,47,1.9857026359000378,2.1760979580368685,0.23581255835848441,0.48635769590539807,0.04993268545474677,0.4637096186398551
2022-02-13,Tottenham Hotspur,Wolverhampton,25,44,49,2.4034618011467246,1.8910287654768707,0.23581255835848441,0.6566150024652125,0.04358398386732332,0.29980101366746414
2022-02-13,Newcastle,Aston Villa,25,31,2,1.2722934417984935,1.390607512288746,0.23581255835848441,0.5043745103457706,0.049786768820720584,0.4458387208335088
2022-02-13,Burnley,Liverpool,25,10,25,1.1859511384837063,3.0,0.23581255835848441,0.1573291526841926,0.028364810408192165,0.8143060369076153
2022-02-19,Arsenal,Brentford,26,1,7,2.443026473790388,1.1389036297653692,0.23323854775619873,0.8080457152496754,0.02912986646946958,0.16282441828085503
2022-02-24,Arsenal,Wolverhampton,26,1,49,2.443026473790388,1.9497509505031752,0.23323854775619873,0.6516986187996461,0.04391872556185916,0.30438265563849476
2022-02-19,West Ham United,Newcastle,26,47,31,2.178078695902261,1.3369382163972936,0.23323854775619873,0.7259914698223671,0.03794416335935982,0.2360643668182731
2022-02-19,Liverpool,Norwich City,26,25,32,2.9999999999999867,1.0606125146238647,0.23323854775619873,0.8882139659881538,0.018370455756938908,0.09341557825490726
2022-02-23,Liverpool,Leeds United,26,25,23,2.9999999999999867,1.504801485620278,0.23323854775619873,0.8359554194494777,0.025620011712425284,0.138424568838097
2022-02-19,Aston Villa,Watford,26,2,45,1.338840283931122,1.0164418738648242,0.23323854775619873,0.6119786322906995,0.046300979310157586,0.3417203883991429
2022-02-19,Manchester City,Tottenham Hotspur,26,27,44,2.999999999999974,2.354340281721233,0.23323854775619873,0.685442616483415,0.04144693706714919,0.27311044644943583
2022-02-23,Burnley,Tottenham Hotspur,26,10,44,1.1590545114846438,2.354340281721233,0.23323854775619873,0.2569184222392584,0.03999337750260523,0.7030882002581363
2022-02-19,Southampton,Everton,26,40,18,1.5092866941668817,1.6223256342666417,0.23323854775619873,0.5050497302142877,0.04977880729219397,0.44517146249351836
2022-02-19,Brighton and Hove Albion,Burnley,26,8,10,1.5523036551983624,1.1590545114846438,0.23323854775619873,0.6286635498834481,0.04537049805229537,0.32596595206425655
2022-02-19,Crystal Palace,Chelsea,26,16,14,1.369277093166919,2.9181606708141135,0.23323854775619873,0.19534521348106856,0.033358538846459784,0.7712962476724716
2022-02-20,Leeds United,Manchester United,26,23,28,1.504801485620278,2.9908449525147747,0.23323854775619873,0.20541218016196122,0.03456494594583981,0.7600228738921989
2022-02-20,Wolverhampton,Leicester City,26,49,24,1.9497509505031752,1.9910698114979557,0.23323854775619873,0.5229637551316711,0.04950228381296573,0.4275339610553631
2022-02-23,Watford,Crystal Palace,26,45,16,1.0164418738648242,1.369277093166919,0.23323854775619873,0.4453203889123094,0.04978059998062656,0.504899011107064
2022-02-25,Southampton,Norwich City,27,40,32,1.5813765649009852,1.043434289532115,0.23086172736129637,0.6612353036993924,0.04326147121916368,0.2955032250814439
2022-02-26,Everton,Manchester City,27,18,27,1.5577485495685874,2.999999999999988,0.23086172736129637,0.2122543860847056,0.03535750592888964,0.7523881079864048
2022-02-26,Crystal Palace,Burnley,27,16,10,1.3977102017145309,1.272756614960848,0.23086172736129637,0.5636073265069935,0.048413657563124934,0.38797901592988154
2022-02-26,Manchester United,Watford,27,28,45,2.9999999999999987,1.0145879621528924,0.23086172736129637,0.892474869664511,0.01774101730785553,0.08978411302763352
2022-02-26,Brentford,Newcastle,27,7,31,1.1068084974900543,1.3565416936767558,0.23086172736129637,0.47031707726032795,0.049953938373405726,0.47972898436626626
2022-02-26,Leeds United,Tottenham Hotspur,27,23,44,1.4424527697536111,2.356548969659037,0.23086172736129637,0.3136232021941551,0.04456547946081757,0.6418113183450272
2022-02-26,Brighton and Hove Albion,Aston Villa,27,8,2,1.511938740617273,1.2958994757209479,0.23086172736129637,0.5858658764358463,0.04755042266751153,0.36658370089664216
2022-02-27,West Ham United,Wolverhampton,27,47,49,2.1776329715529545,1.9597103356294145,0.23086172736129637,0.5863227591737206,0.04753074886602471,0.3661464919602547
2022-03-01,Burnley,Leicester City,27,10,24,1.272756614960848,1.9412008181549871,0.23086172736129637,0.3687501389896582,0.047646702860516754,0.5836031581498251
2022-03-05,Leicester City,Leeds United,28,24,23,2.005458939616316,1.3963310372996003,0.222085133394035,0.6750714084538966,0.04224991087087682,0.2826786806752266
2022-03-05,Liverpool,West Ham United,28,25,47,3.0,2.2412982915491795,0.222085133394035,0.7069852475168895,0.03965760945302521,0.2533571430300853
2022-03-05,Norwich City,Brentford,28,32,7,1.002681068818048,1.0562960487324988,0.222085133394035,0.517110854020984,0.04960643737365383,0.43328270860536217
2022-03-10,Norwich City,Chelsea,28,32,14,1.002681068818048,2.9715263667880563,0.222085133394035,0.13625373974485586,0.025293563749862247,0.8384526965052819
2022-03-05,Burnley,Chelsea,28,10,14,1.2291366480558172,2.9715263667880563,0.222085133394035,0.1651628684335206,0.029450970226972517,0.8053861613395069
2022-03-05,Aston Villa,Southampton,28,2,40,1.3683959890010189,1.6425574247390573,0.222085133394035,0.4620540282525008,0.04992460365809248,0.48802136808940677
2022-03-05,Newcastle,Brighton and Hove Albion,28,31,8,1.4255171996744374,1.4663096185876654,0.222085133394035,0.5203119938585811,0.04955112772380138,0.43013687841761755
2022-03-05,Wolverhampton,Crystal Palace,28,49,16,1.9160702681667976,1.4094521036737555,0.222085133394035,0.6521953808170243,0.0438852983741142,0.30391932080886147
2022-03-10,Wolverhampton,Watford,28,49,45,1.9160702681667976,1.0228925067676349,0.222085133394035,0.7340488423004357,0.03717999038462236,0.228771167314942
2022-03-06,Watford,Arsenal,28,45,1,1.0228925067676349,2.542408719909254,0.222085133394035,0.19822407676188217,0.03370845158125857,0.7680674716568593
2022-03-06,Manchester City,Manchester United,28,27,28,3.0,3.0,0.222085133394035,0.5304834303492866,0.04934890056486102,0.4201676690858524
2022-03-07,Tottenham Hotspur,Everton,28,44,18,2.418659478163452,1.516068582201004,0.222085133394035,0.7358824319739335,0.03700296472987616,0.2271146032961903
2022-03-10,Southampton,Newcastle,28,40,31,1.6425574247390573,1.4255171996744374,0.222085133394035,0.5839780464154454,0.047630883959757064,0.36839106962479756
2022-03-10,Leeds United,Aston Villa,28,23,2,1.3963310372996003,1.3683959890010189,0.222085133394035,0.537434862488697,0.04918761042796438,0.41337752708333864
2022-03-12,Brighton and Hove Albion,Liverpool,29,8,25,1.4067044918172085,2.999999999999989,0.2205725856000625,0.18652909590229927,0.03226239307786405,0.7812085110198367
2022-03-16,Arsenal,Liverpool,29,1,25,2.5691331330453107,2.999999999999989,0.2205725856000625,0.4230429097531537,0.04941143825934624,0.5275456519875001
2022-03-16,Brighton and Hove Albion,Tottenham Hotspur,29,8,44,1.4067044918172085,2.4570891645884947,0.2205725856000625,0.28296283950116974,0.04227312544778239,0.6747640350510479
2022-03-12,Manchester United,Tottenham Hotspur,29,28,44,2.9406562905630858,2.4570891645884947,0.2205725856000625,0.6466028349091495,0.044256473538249574,0.30914069155260093
2022-03-12,Brentford,Burnley,29,7,10,1.1011709731731705,1.1939412602852921,0.2205725856000625,0.5069501269423907,0.04975543683301431,0.44329443622459497
2022-03-13,Leeds United,Norwich City,29,23,32,1.3011377670054332,0.931971644832869,0.2205725856000625,0.6200448766402226,0.04586392183413329,0.33409120152564414
2022-03-13,Arsenal,Leicester City,29,1,24,2.5691331330453107,2.047914914496079,0.2205725856000625,0.6551581620669343,0.043684083885771996,0.30115775404729367
2022-03-13,West Ham United,Aston Villa,29,47,2,2.1884889077136016,1.5014296362827868,0.2205725856000625,0.6916046379405488,0.04095180623907729,0.2674435558203739
2022-03-13,Southampton,Watford,29,40,45,1.5305485168527437,0.9478901485800193,0.2205725856000625,0.6689037265573755,0.042709285277573894,0.2883869881650506
2022-03-13,Everton,Wolverhampton,29,18,49,1.4602954962815398,1.9073402818001375,0.2205725856000625,0.41909923802170496,0.04932478949454655,0.5315759724837485
2022-03-17,Everton,Newcastle,29,18,31,1.4602954962815398,1.5356380717631422,0.2205725856000625,0.5113055752266893,0.049696522495701,0.4389979022776097
2022-03-13,Chelsea,Newcastle,29,14,31,3.0,1.5356380717631422,0.2205725856000625,0.829902230641726,0.02640287893323237,0.14369489042504166
2022-03-14,Crystal Palace,Manchester City,29,16,27,1.4579933017773368,2.999999999999982,0.2205725856000625,0.19443685841985744,0.0332473134450848,0.7723158281350577
2022-03-18,Wolverhampton,Leeds United,30,49,23,1.9409720032679971,1.3470157652657497,0.22490748770255642,0.6723567526640679,0.04245377275620377,0.2851894745797283
2022-03-19,Aston Villa,Arsenal,30,2,1,1.43708458111577,2.540296880524175,0.22490748770255642,0.2732282755358028,0.04145707736298665,0.6853146471012105
2022-03-20,Tottenham Hotspur,West Ham United,30,44,47,2.4355791147374974,2.212607676194613,0.22490748770255642,0.5861031297342991,0.04754021608874298,0.3663566541769579
2022-03-20,Leicester City,Brentford,30,24,7,1.9764322854365823,1.1540991946333001,0.22490748770255642,0.720559897617667,0.03844663885929092,0.24099346352304205
2022-04-02,Burnley,Manchester City,31,10,27,1.1216741716154754,2.9999999999999947,0.22404693264780243,0.14750831658889155,0.026960805042034797,0.8255308783690737
2022-04-06,Burnley,Everton,31,10,18,1.1216741716154754,1.44018024838792,0.22404693264780243,0.45153783162748123,0.04984737879740497,0.49861478957511385
2022-04-03,West Ham United,Everton,31,47,18,2.1623147835192227,1.44018024838792,0.22404693264780243,0.6997655052190062,0.04027545707125679,0.25995903770973705
2022-04-02,Brighton and Hove Albion,Norwich City,31,8,32,1.300080397551835,0.8897490394448161,0.22404693264780243,0.6305036985590744,0.04526162348633117,0.32423467795459443
2022-04-02,Leeds United,Southampton,31,23,40,1.396092700547687,1.4662282613295297,0.22404693264780243,0.5134745795409619,0.049664407971897695,0.43686101248714043
2022-04-02,Chelsea,Brentford,31,14,7,3.0,1.118103941979777,0.22404693264780243,0.8814196431330743,0.01936228225441207,0.09921807461251363
2022-04-02,Liverpool,Watford,31,25,45,2.9999999999999947,0.9872481610063589,0.22404693264780243,0.8944287127696633,0.017450474928126736,0.08812081230220997
2022-04-02,Wolverhampton,Aston Villa,31,49,2,1.8956259804390607,1.3865115193294453,0.22404693264780243,0.653205952627094,0.043817022033931896,0.3029770253389741
2022-04-02,Manchester United,Leicester City,31,28,24,2.972458570269,2.023757637112833,0.22404693264780243,0.7451191326008436,0.03609364172869789,0.2187872256704585
2022-04-03,Tottenham Hotspur,Newcastle,31,44,31,2.4947510045438417,1.4367727640770607,0.22404693264780243,0.7653117398794925,0.03400431511150595,0.20068394500900152
2022-04-04,Crystal Palace,Arsenal,31,16,1,1.449218603937639,2.590441935590346,0.22404693264780243,0.26557776856461496,0.04078559195218201,0.693636639483203
2022-04-08,Newcastle,Wolverhampton,32,31,49,1.4005753293212273,1.9356212379616862,0.22987409433702488,0.40007039257720134,0.048815833051549906,0.5511137743712488
2022-04-09,Arsenal,Brighton and Hove Albion,32,1,8,2.5308391776157855,1.302636207618492,0.22987409433702488,0.79544699253952,0.03063025850920273,0.17392274895127727
2022-04-09,Aston Villa,Tottenham Hotspur,32,2,44,1.3412831857431198,2.51414238790334,0.22987409433702488,0.2605744261507316,0.040332032348956104,0.6990935415003122
2022-04-09,Southampton,Chelsea,32,40,14,1.4676445351818324,3.0,0.22987409433702488,0.19742265065162934,0.033611437989586324,0.7689659113587843
2022-04-09,Watford,Leeds United,32,45,23,0.9731055163510217,1.3986386961730182,0.22987409433702488,0.426618997181752,0.04948445110474631,0.5238965517135017
2022-04-09,Everton,Manchester United,32,18,28,1.32167668091856,2.9395502239219096,0.22987409433702488,0.1842221891138531,0.03196942825930882,0.783808382626838
2022-04-10,Leicester City,Crystal Palace,32,24,16,2.0237457436470008,1.4993309132461219,0.22987409433702488,0.6579763101732141,0.04348975749458711,0.29853393233219877
2022-04-10,Norwich City,Burnley,32,32,10,0.8931787139082389,1.152652381035066,0.22987409433702488,0.46764537994660704,0.04994746128989552,0.48240715876349743
2022-04-10,Manchester City,Liverpool,32,27,25,2.9999999999999973,2.999999999999998,0.22987409433702488,0.5324229624577081,0.04930577928152141,0.41827125826077044
2022-04-10,Brentford,West Ham United,32,7,47,1.135846148396752,2.1928060630543014,0.22987409433702488,0.2835163122097181,0.04231823736093121,0.6741654504293506
2022-04-16,Tottenham Hotspur,Brighton and Hove Albion,33,44,8,2.5488658948611644,1.325480944321329,0.2322383135008982,0.7950474425964873,0.030676979934620374,0.17427557746889233
2022-04-20,Manchester City,Brighton and Hove Albion,33,27,8,2.9999999999999933,1.325480944321329,0.2322383135008982,0.8589695161446035,0.02253521862572283,0.11849526522967369
2022-04-16,Watford,Brentford,33,45,7,0.9221085368616467,1.1812112610834056,0.2322383135008982,0.46832636707704944,0.0499493848350665,0.48172424808788405
2022-04-16,Southampton,Arsenal,33,40,1,1.412513332794461,2.479191311226758,0.2322383135008982,0.28202487143665983,0.04219635917881637,0.6757787693845239
2022-04-20,Chelsea,Arsenal,33,14,1,3.0,2.479191311226758,0.2322383135008982,0.6576967688048411,0.043509161057444345,0.2987940701377146
2022-04-16,Manchester United,Norwich City,33,28,32,2.8773770901211075,0.9395067248800022,0.2322383135008982,0.8879637737068369,0.018407237223520834,0.09362898906964229
2022-04-17,West Ham United,Burnley,33,47,10,2.127644100950228,1.0843136089226078,0.2322383135008982,0.7641501280109219,0.034128260025146684,0.20172161196393146
2022-04-17,Newcastle,Leicester City,33,31,24,1.4400568941084495,2.058414369233627,0.2322383135008982,0.38080821918666313,0.04814600571292316,0.5710457751004138
2022-04-20,Everton,Leicester City,33,18,24,1.3513651670680191,2.058414369233627,0.2322383135008982,0.36012748010826295,0.04725157465371055,0.5926209452380264
2022-04-20,Newcastle,Crystal Palace,33,31,16,1.4400568941084495,1.4427433167035424,0.2322383135008982,0.5323427494785012,0.04930759152497666,0.4183496589965221
2022-04-19,Liverpool,Manchester United,33,25,28,2.9999999999999956,2.8773770901211075,0.2322383135008982,0.5633726497471898,0.048421760039710826,0.38820559021309936
2022-04-21,Burnley,Southampton,33,10,40,1.0843136089226078,1.412513332794461,0.2322383135008982,0.4511658204145379,0.049843825620429216,0.4989903539650329
2022-04-23,Manchester City,Watford,34,27,45,2.999999999999989,0.8717804165376534,0.23759900990648952,0.9060063078733661,0.01570425741928376,0.07828943470735013
2022-04-23,Arsenal,Manchester United,34,1,28,2.45910753842516,2.811122930835638,0.23759900990648952,0.44660033252410797,0.04979563426915656,0.5036040332067355
2022-04-23,Norwich City,Newcastle,34,32,31,0.9178568188760511,1.5394178511559755,0.23759900990648952,0.38131698882513765,0.04816571350934662,0.5705172976655157
2022-04-23,Leicester City,Aston Villa,34,24,2,1.9887161385041687,1.2903578279076966,0.23759900990648952,0.697613098455009,0.04045611702977353,0.2619307845152175
2022-04-23,Brentford,Tottenham Hotspur,34,7,44,1.2313334737305694,2.491208605404298,0.23759900990648952,0.24558933045179399,0.038905015437810886,0.7155056541103951
2022-04-24,Chelsea,West Ham United,34,14,47,2.9473206162659853,2.1029917489987615,0.23759900990648952,0.727490581780001,0.0378036823555194,0.23470573586447957
2022-04-24,Burnley,Wolverhampton,34,10,49,1.1514104004438201,1.8534033596025952,0.23759900990648952,0.36253139547784474,0.04736493694324806,0.5901036675789072
2022-04-24,Liverpool,Everton,34,25,18,2.999999999999991,1.3536446419690198,0.23759900990648952,0.856184463763405,0.02291760541697864,0.1208979308196164
2022-04-24,Brighton and Hove Albion,Southampton,34,8,40,1.332107666518165,1.3990508209365553,0.23759900990648952,0.5176566189619212,0.04959729047920047,0.43274609055887836
2022-04-25,Crystal Palace,Leeds United,34,16,23,1.3813388772973532,1.4487079057041485,0.23759900990648952,0.5175502824356836,0.04959908178123407,0.43285063578308236
2022-04-28,Manchester United,Chelsea,34,28,14,2.811122930835638,2.9473206162659853,0.23759900990648952,0.5003503310617065,0.04983049300544684,0.4498191759328467
2022-04-30,Aston Villa,Norwich City,35,2,32,1.2990207082820997,0.872235612491814,0.24247312981674674,0.6385919969671326,0.04476841423268979,0.31663958880017756
2022-04-30,Watford,Burnley,35,45,10,0.8569780058218394,1.214272636141554,0.24247312981674674,0.4465002103955852,0.04979448230928574,0.5037053072951291
2022-04-30,Southampton,Crystal Palace,35,40,16,1.4030858516322342,1.384812543851829,0.24247312981674674,0.5401002991991126,0.049120814336193586,0.4107788864646938
2022-04-30,Wolverhampton,Brighton and Hove Albion,35,49,8,1.797142317395596,1.3335789999106373,0.24247312981674674,0.6470361328389704,0.04422811990992692,0.30873574725110264
2022-04-30,Newcastle,Liverpool,35,31,25,1.5938344206084765,2.999999999999987,0.24247312981674674,0.22033891252306784,0.03626554283005545,0.7433955446468767
2022-04-30,Leeds United,Manchester City,35,23,27,1.4515892872406388,2.9999999999999787,0.24247312981674674,0.19687559697441048,0.03354504103593181,0.7695793619896577
2022-05-01,West Ham United,Arsenal,35,47,1,2.055348074636847,2.5102926397592293,0.24247312981674674,0.4225116044570317,0.04940013976634161,0.5280882557766268
2022-05-01,Tottenham Hotspur,Leicester City,35,44,24,2.4795821823620914,1.9839707986614736,0.24247312981674674,0.6543203340110517,0.043741305099619376,0.3019383608893289
2022-05-01,Everton,Chelsea,35,18,14,1.32393317193754,2.9907002962855938,0.24247312981674674,0.17883007697013165,0.03127469482456491,0.7898952282053034
2022-05-02,Manchester United,Brentford,35,28,7,2.7361736785927198,1.236300906285083,0.24247312981674674,0.8378538920086891,0.02537202496638838,0.13677408302492253
2022-05-07,Brighton and Hove Albion,Manchester United,36,8,28,1.3929444048896173,2.7669335355929707,0.23367641483679386,0.2243815576987733,0.03670810198655616,0.7389103403146705
2022-05-07,Burnley,Aston Villa,36,10,2,1.2812902506549515,1.3577796978525838,0.23367641483679386,0.5142928469053016,0.04965181393636725,0.4360553391583311
2022-05-07,Liverpool,Tottenham Hotspur,36,25,44,2.9999999999999982,2.5313083875514115,0.23367641483679386,0.6461978864957418,0.044282910619521,0.30951920288473717
2022-05-07,Brentford,Southampton,36,7,40,1.2106367931603947,1.3492367714892455,0.23367641483679386,0.4987691116135308,0.049845925515205836,0.4513849628712633
2022-05-07,Chelsea,Wolverhampton,36,14,49,2.945497258009269,1.747534668182651,0.23367641483679386,0.791111616141316,0.031134377464719365,0.17775400639396466
2022-05-07,Crystal Palace,Watford,36,16,45,1.4442184796051987,0.8046309959855674,0.23367641483679386,0.6842265172262737,0.04154306651985701,0.2742304162538693
2022-05-08,Arsenal,Leeds United,36,1,23,2.5655922976111065,1.419483774930964,0.23367641483679386,0.782413165806749,0.032126928785255554,0.18545990540799542
2022-05-08,Norwich City,West Ham United,36,32,47,0.8296363824025882,2.0083157471555606,0.23367641483679386,0.26018582550301805,0.040296326783554215,0.6995178477134277
2022-05-08,Leicester City,Everton,36,24,18,1.9373136163176272,1.3688309380535708,0.23367641483679386,0.6686662969492014,0.042726697806567404,0.28860700524423116
2022-05-11,Watford,Everton,36,45,18,0.8046309959855674,1.3688309380535708,0.23367641483679386,0.3940013250311889,0.048621658201117635,0.5573770167676935
2022-05-11,Leicester City,Norwich City,36,24,32,1.9373136163176272,0.8296363824025882,0.23367641483679386,0.7757995485328736,0.03286463564844824,0.19133581581867817
2022-05-08,Manchester City,Newcastle,36,27,31,2.9999999999999973,1.5644676812609706,0.23367641483679386,0.8276707777231703,0.026688464036336845,0.14564075824049283
2022-05-10,Aston Villa,Liverpool,36,2,25,1.3577796978525838,2.9999999999999982,0.23367641483679386,0.181154689239309,0.03157591723430564,0.7872693935263854
2022-05-11,Wolverhampton,Manchester City,36,49,27,1.747534668182651,2.9999999999999973,0.23367641483679386,0.2462359961100947,0.03896872895476711,0.7147952749351382
2022-05-11,Leeds United,Chelsea,36,23,14,1.419483774930964,2.945497258009269,0.23367641483679386,0.19903491930713618,0.03380629426294124,0.7671587864299226
2022-05-12,Tottenham Hotspur,Arsenal,36,44,1,2.5313083875514115,2.5655922976111065,0.23367641483679386,0.5248276904315481,0.049466312411810154,0.42570599715664176
2022-05-15,Tottenham Hotspur,Burnley,37,44,10,2.58288632694065,1.2238063492428604,0.23383929356291405,0.8165160349732521,0.028091651799447642,0.15539231322730027
2022-05-19,Aston Villa,Burnley,37,2,10,1.3803327587488008,1.2238063492428604,0.23383929356291405,0.5720856607394685,0.04810691811627038,0.3798074211442611
2022-05-15,Leeds United,Brighton and Hove Albion,37,23,8,1.3478856667989119,1.4392746528322775,0.23383929356291405,0.5106109834889239,0.049706416909302054,0.4396825996017741
2022-05-15,West Ham United,Manchester City,37,47,27,2.0412534435087597,2.9999999999999822,0.23383929356291405,0.30472297821109584,0.04394321723816064,0.6513338045507435
2022-05-15,Everton,Brentford,37,18,7,1.4258055697292498,1.2570144868337978,0.23383929356291405,0.5750854079434106,0.047991872084299114,0.3769227199722903
2022-05-19,Everton,Crystal Palace,37,18,16,1.4258055697292498,1.4950764169841226,0.23383929356291405,0.5161365057621704,0.04962247786407015,0.43424101637375945
2022-05-15,Aston Villa,Crystal Palace,37,2,16,1.3803327587488008,1.4950764169841226,0.23383929356291405,0.5047737637727029,0.04978208290037528,0.44544415332692183
2022-05-15,Watford,Leicester City,37,45,24,0.7669876625549503,1.923268299287201,0.23383929356291405,0.264552129354053,0.04069354702833383,0.6947543236176132
2022-05-19,Chelsea,Leicester City,37,14,24,2.9634967926682583,1.923268299287201,0.23383929356291405,0.7638795001204185,0.034157070666775424,0.20196342921280608
2022-05-15,Wolverhampton,Norwich City,37,49,32,1.697098577544483,0.7597128848355862,0.23383929356291405,0.7448298045349259,0.03612256870866862,0.21904762675640552
2022-05-16,Newcastle,Arsenal,37,31,1,1.5371207438897516,2.5245674842871013,0.23383929356291405,0.29867666118048825,0.043500407315340994,0.6578229315041707
2022-05-17,Southampton,Liverpool,37,40,25,1.2879232912452172,2.999999999999988,0.23383929356291405,0.1710452518769579,0.03024697590399572,0.7987077722190464
2022-05-22,Brighton and Hove Albion,West Ham United,38,8,47,1.4381240519686354,2.030783411819679,0.23247463981714137,0.3869420040490527,0.04837629641435648,0.5646816995365908
2022-05-22,Norwich City,Tottenham Hotspur,38,32,44,0.7630398894410491,2.60496899602157,0.23247463981714137,0.1532344873199124,0.027785167901317798,0.8189803447787698
2022-05-22,Chelsea,Watford,38,14,45,2.939208102183522,0.7253600357149105,0.23247463981714137,0.9126414924958834,0.014684589516822708,0.07267391798729385
2022-05-22,Brentford,Leeds United,38,7,23,1.304960650553245,1.3450480606728987,0.23247463981714137,0.5230803930599658,0.04950007251896649,0.4274195344210677
2022-05-22,Arsenal,Everton,38,1,18,2.460852239550574,1.4260047057627363,0.23247463981714137,0.7626606449926758,0.03428652089275816,0.203052834114566
2022-05-22,Crystal Palace,Manchester United,38,16,28,1.4378737808710502,2.6829671105760995,0.23247463981714137,0.24738300622069215,0.03908126511287979,0.7135357286664281
2022-05-22,Leicester City,Southampton,38,24,40,1.9597970240164448,1.245102481742415,0.23247463981714137,0.6999729768624122,0.04025795718328795,0.2597690659542998
2022-05-22,Burnley,Newcastle,38,10,31,1.188448873609219,1.575149292517205,0.23247463981714137,0.4367836656113792,0.049663210459964025,0.5135531239286567
2022-05-22,Manchester City,Aston Villa,38,27,2,2.999999999999997,1.3776947314588666,0.23247463981714137,0.8525546744287336,0.02341223306715573,0.12403309250411071
2022-05-22,Liverpool,Wolverhampton,38,25,49,2.9999999999999987,1.6841283728652294,0.23247463981714137,0.8097437923777602,0.028923626020916943,0.16133258160132288
