date,team1,team2,event,hg,ag,attack1,defence1,attack2,defence2,home_adv,intercept,rho,score1_infered,score2_infered,home_win_p,draw_p,away_win_p,home_cs_p,away_cs_p
2021-08-13,Brentford,Arsenal,1.0,7,1,1.1705329408767555,1.064125491392631,1.5072435654048557,1.2984617103407319,0.1,0.1,-0.010637473382770284,1.074731895066364,1.7213658491037143,0.23537656731046103,0.24069927237792432,0.5234864949596201,0.1788186824632716,0.3412456869033495
2021-08-14,Watford,Aston Villa,1.0,45,2,1.0420934733612468,1.1054169658221882,1.2579072300773413,1.0612887768246257,0.1,0.1,-0.010637473382770284,1.1981811475124704,1.287226963980509,0.3420056938818722,0.27338040963905075,0.3845172482254844,0.276025077813796,0.301724415803435
2021-08-14,Leicester City,Wolverhampton,1.0,24,49,1.4948984679938382,1.1886965304590391,1.1482346287645282,1.2763223655042473,0.1,0.1,-0.010637473382770284,1.519795980493054,1.0613461957008778,0.47691295319532734,0.25937650413669044,0.2635098148761241,0.34592568632091214,0.21875309227672296
2021-08-14,Chelsea,Crystal Palace,1.0,14,16,1.5241498897216983,1.391628444991629,1.1132435853287403,1.065076172749965,0.1,0.1,-0.010637473382770284,1.933000998869386,0.8366203800845401,0.6293448286913551,0.21536187986874078,0.154405493609311,0.432788669053976,0.14471285088361716
2021-08-14,Norwich City,Liverpool,1.0,32,25,1.102900905196695,0.9558707412420251,1.7234833411443171,1.5231595006196192,0.1,0.1,-0.010637473382770284,0.8023112971050569,2.381219139222405,0.10703615200413417,0.16916674351758829,0.7206086769140397,0.09243762067683643,0.44686322088413993
2021-08-14,Manchester United,Leeds United,1.0,28,23,1.5897830315679111,1.390579134883504,1.2384489330946737,1.0860784274957096,0.1,0.1,-0.010637473382770284,2.0212266994938104,0.9492052705726409,0.6201074310441913,0.2103135735205407,0.1684003037440815,0.38659501952616465,0.132491900740203
2021-08-14,Burnley,Brighton and Hove Albion,1.0,10,8,1.0519794244401495,1.1448999561777398,1.011467219005735,1.1874759187208135,0.1,0.1,-0.010637473382770284,1.0666293175411172,0.9671199602672256,0.3719752764582634,0.30775483568134926,0.32024561870837487,0.3801702288530021,0.34416386222396916
2021-08-14,Everton,Southampton,1.0,18,40,1.2370751560684439,1.2038918584631542,1.2125564214138342,0.9891765963846487,0.1,0.1,-0.010637473382770284,1.5650199314843973,1.1147883463040489,0.47586748942747,0.254248483566032,0.26963694735349886,0.3279109006469723,0.20907922411303612
2021-08-15,Tottenham Hotspur,Manchester City,1.0,44,27,1.5877187249200002,1.364225943945775,1.8901584775051754,1.62742582781003,0.1,0.1,-0.010637473382770284,1.1738546392763531,1.8699889720682505,0.23669329259107186,0.2279777094249659,0.5345803062948825,0.15412047225994482,0.3089512169643084
2021-08-15,Newcastle,West Ham United,1.0,31,47,1.1466195582266228,1.0989699123498435,1.3817434132029904,1.0917919178341584,0.1,0.1,-0.010637473382770284,1.2902392165816852,1.4663458663646978,0.3315168929454225,0.25652105392010155,0.4117553994653587,0.23075311640670335,0.27516486335533763
2021-08-21,Leeds United,Everton,2.0,23,18,1.239643419955278,1.056487171091384,1.2488264267316416,1.2055015404849392,0.1,0.1,-0.007953598391255461,1.2638237901380756,1.3395573929612514,0.3494773569048313,0.2654820044366524,0.38490879613156836,0.2619477225722195,0.2825491653161392
2021-08-21,Brighton and Hove Albion,Watford,2.0,8,45,1.0228066749657079,1.1887162225163743,1.0587514520032284,1.0996666645169375,0.1,0.1,-0.007953598391255461,1.1310427676676125,0.9704797224489001,0.3909925070256386,0.3002583084355412,0.3087164412790705,0.3788919564886125,0.32269391257401053
2021-08-21,Aston Villa,Newcastle,2.0,2,31,1.2639742336471742,1.0455091730329875,1.1542470597035146,1.0783804401939794,0.1,0.1,-0.007953598391255461,1.4704872279413717,1.2321220006011786,0.42570590780630574,0.25784314901045174,0.31625811982514573,0.2916297012274985,0.22980327951005924
2021-08-21,Liverpool,Burnley,2.0,25,10,1.7251515424820947,1.534619228612265,1.0501358239059073,1.137816690915601,0.1,0.1,-0.007953598391255461,2.1975318661550287,0.6808022446126117,0.7188979267870349,0.17890224468074123,0.10023514053584467,0.5052164949352356,0.11107690357485255
2021-08-21,Manchester City,Norwich City,2.0,27,32,1.8795500047058196,1.631798686531497,1.0973664211972223,0.9515278023944956,0.1,0.1,-0.007953598391255461,3.0895399684787335,0.6476322460012093,0.8360447478718444,0.10210555338337166,0.04789230102150612,0.5159798670535609,0.045522871863097544
2021-08-21,Crystal Palace,Brentford,2.0,16,7,1.1033766296081033,1.0584016248760513,1.1771836363021195,1.0846443021758538,0.1,0.1,-0.007953598391255461,1.2444981140945166,1.2445599472671718,0.3635435706528685,0.2727881491990476,0.36357308198145344,0.2880539354695017,0.2880717426006971
2021-08-22,Arsenal,Chelsea,2.0,1,14,1.4941613247328782,1.291451988753739,1.5296264955456615,1.401732892114455,0.1,0.1,-0.007953598391255461,1.3396768559682306,1.4023852077970627,0.35674153450498935,0.2576587875788668,0.3854129404770072,0.24599005449373493,0.2619020641941289
2021-08-22,Southampton,Manchester United,2.0,40,28,1.2105316974017875,0.980222620031672,1.607367656266448,1.3905159054237533,0.1,0.1,-0.007953598391255461,1.0202174511511208,2.069164776489369,0.17789244848708885,0.2075049213841692,0.613234964977457,0.12628972663079813,0.36002772559416263
2021-08-22,Wolverhampton,Tottenham Hotspur,2.0,49,44,1.1345024413796079,1.2840102461782557,1.5844951872152717,1.3856429156542078,0.1,0.1,-0.007953598391255461,0.9501451902010118,1.4925483201001226,0.23940916626917808,0.2633986638240388,0.49702105286547676,0.2247974661091026,0.38662145805763193
2021-08-23,West Ham United,Leicester City,2.0,47,24,1.4010287146395854,1.0862301821511153,1.4893326425171467,1.1996821817874515,0.1,0.1,-0.007953598391255461,1.4938348416650273,1.6538443059948744,0.34675130259920517,0.23736013261686975,0.4153998150302462,0.19128146933883722,0.2244373348935662
2021-08-28,Liverpool,Chelsea,3.0,25,14,1.7263687754845067,1.5449200769458733,1.5360977306263375,1.4177975442930788,0.1,0.1,-0.009351199638242932,1.6629135777664585,1.095463601113171,0.5047112602508855,0.2455808283098844,0.2493526996695099,0.33427230670156394,0.18958209579061963
2021-08-28,Brighton and Hove Albion,Everton,3.0,8,18,1.0361331360100892,1.198972848526692,1.258050690829306,1.200590609002773,0.1,0.1,-0.009351199638242932,1.0361817128983721,1.172429207717868,0.31965726210302314,0.29224351101932056,0.38805457837113105,0.3096098254249667,0.3547956928707148
2021-08-28,Aston Villa,Brentford,3.0,2,7,1.269642979411037,1.0578446505959254,1.1680187024074093,1.098324832485434,0.1,0.1,-0.009351199638242932,1.4496441998751763,1.233892802545493,0.4198062758503258,0.259627188033776,0.3203868556682336,0.29111769572447355,0.23464323716699131
2021-08-28,Norwich City,Leicester City,3.0,32,24,1.0925160684323023,0.9343353594607593,1.4885986494465522,1.179612298353104,0.1,0.1,-0.009351199638242932,1.1195241960401914,1.9237247679042753,0.21719684901063582,0.2227472266579308,0.5591747447171822,0.14605857483037193,0.32615485607633216
2021-08-28,Manchester City,Arsenal,3.0,27,1,1.8912134147324533,1.6421460280667848,1.4876720448472844,1.287734936099978,0.1,0.1,-0.009351199638242932,2.233295904998485,0.9469831459899803,0.6619072300541557,0.19012868312797915,0.14579026389201505,0.3870689678550135,0.10717386574291148
2021-08-28,West Ham United,Crystal Palace,3.0,47,16,1.4231018807175817,1.0919606998114872,1.0925377261638778,1.0700047463671263,0.1,0.1,-0.009351199638242932,1.7386294568062488,1.105808814843196,0.520374915101464,0.23881538763218652,0.24034006896857638,0.3307945901113791,0.17575745335639353
2021-08-28,Newcastle,Southampton,3.0,31,40,1.1437688881613608,1.0766117751842263,1.2126388499256773,0.9897719381157587,0.1,0.1,-0.009351199638242932,1.424750841048168,1.266208591973043,0.40641758005562406,0.2600249238234973,0.33338391528608013,0.2818645729439792,0.2405554949695512
2021-08-29,Wolverhampton,Manchester United,3.0,49,28,1.125729069159576,1.2914731681031326,1.603269826066461,1.392722612598502,0.1,0.1,-0.009351199638242932,0.935201239501203,1.5095274547316144,0.23271552208157037,0.2621400361282523,0.5049611950617289,0.22101298952840184,0.3924374354047258
2021-08-29,Burnley,Leeds United,3.0,10,23,1.0449748083479864,1.1413882397310404,1.2463890367105166,1.050573489701922,0.1,0.1,-0.009351199638242932,1.2145836202149245,1.2275260432758508,0.35873692112679695,0.27621420759438586,0.3649653799368292,0.2930048087673735,0.29682073733756775
2021-08-29,Tottenham Hotspur,Watford,3.0,44,45,1.583585846394039,1.3980561667293012,1.051074528511212,1.0929856685657633,0.1,0.1,-0.009351199638242932,1.9949124762554231,0.7811550367981164,0.6560984094781602,0.206194380890655,0.1366261453403086,0.45738263473295326,0.13602532479743507
2021-09-11,Southampton,West Ham United,4.0,40,47,1.2205974554495544,0.9859151184353923,1.4259256206470736,1.0853556570671723,0.1,0.1,-0.010660656414655209,1.3982784458158857,1.716024884146807,0.3129320500663888,0.23702328895268926,0.4495268704033953,0.179760377177908,0.2469200443698466
2021-09-11,Leicester City,Manchester City,4.0,24,27,1.4895082407937466,1.1809991169916803,1.9042752540652275,1.6552196366453513,0.1,0.1,-0.010660656414655209,1.0348832352281245,2.2779505042643344,0.1577384104948343,0.19007379100819402,0.6497319249167366,0.10249271238121406,0.35440000291517826
2021-09-11,Watford,Wolverhampton,4.0,45,49,1.043995927580768,1.1019604025637597,1.115142478787312,1.297576539112517,0.1,0.1,-0.010660656414655209,0.9478295319337123,1.1198358098627121,0.3037710871149362,0.3037067847301458,0.3924923223257398,0.32633109008194205,0.38757250081351957
2021-09-11,Brentford,Brighton and Hove Albion,4.0,7,8,1.1663395359558013,1.1034384380945699,1.0241771922353062,1.192062016510414,0.1,0.1,-0.010660656414655209,1.1903858752124887,1.020955296451011,0.3965177601135569,0.2918882820093169,0.31154711265199,0.36023803256046116,0.304100283052001
2021-09-11,Chelsea,Aston Villa,4.0,14,2,1.5353195263512633,1.4255611855617345,1.2660986248725252,1.0604097402940158,0.1,0.1,-0.010660656414655209,1.9638558008033444,0.9422708109005853,0.6098464736119191,0.21568459474401772,0.1734842571202407,0.3893606399906221,0.14031540442398374
2021-09-11,Manchester United,Newcastle,4.0,28,31,1.6000614052913478,1.403524489983655,1.1507887450870617,1.0707388518740937,0.1,0.1,-0.010660656414655209,2.0736753274624142,0.8583565169343321,0.6526027160159055,0.20171565953743031,0.14430389152053463,0.42327559843117646,0.12572242880064077
2021-09-11,Crystal Palace,Tottenham Hotspur,4.0,16,44,1.1028952773352199,1.0680153324177881,1.5772818335710703,1.407700761534119,0.1,0.1,-0.010660656414655209,0.9004996669656495,1.8390819394471039,0.17911772887389996,0.22720170450179528,0.5930311774630915,0.15896252823699733,0.4061046351599371
2021-09-11,Arsenal,Norwich City,4.0,1,32,1.4825441187147201,1.26245619673526,1.0919379920558736,0.9339248511893027,0.1,0.1,-0.010660656414655209,2.1140790229604964,0.9319107742345153,0.6428136166264785,0.2008119383526994,0.15481960489689736,0.39319066397691255,0.12074369385148753
2021-09-12,Leeds United,Liverpool,4.0,23,25,1.2449076942386232,1.0529479184333612,1.723100837041929,1.5467750012682537,0.1,0.1,-0.010660656414655209,0.9031493852927831,2.1600965474886586,0.1445134961616866,0.195236268534374,0.6584772303794693,0.11531341756778733,0.40457464469885307
2021-09-13,Everton,Burnley,4.0,18,10,1.2655045140753254,1.2098521184901885,1.0427008220917695,1.1434686738228428,0.1,0.1,-0.010660656414655209,1.3799342322622716,0.9350537203740457,0.4702932096849427,0.2764295288744184,0.2531743153952978,0.3925268523026741,0.25159350396424995
2021-09-17,Newcastle,Leeds United,5.0,31,23,1.1576513068514225,1.0573998619294536,1.2381796973050019,1.0460769697855021,0.1,0.1,-0.009926022236644511,1.3655732953629351,1.3241620382023511,0.378906025441711,0.2611242199183829,0.3598068710888788,0.266001850387779,0.2552156980919939
2021-09-18,Aston Villa,Everton,5.0,2,18,1.2600060583446901,1.0529949593058152,1.2842208096528964,1.2109290346355381,0.1,0.1,-0.009926022236644511,1.282840838424212,1.3926742927642308,0.34377549806955016,0.26153431822208195,0.39452869886532993,0.24839552093162137,0.27722005430379854
2021-09-18,Manchester City,Southampton,5.0,27,40,1.9020738827807182,1.6731916217269605,1.2103785809822505,1.0015489838091414,0.1,0.1,-0.009926022236644511,3.005743321527573,0.6957164919781313,0.8203002511603839,0.11148940330092508,0.05618056060946394,0.49271789732207627,0.04950190839180132
2021-09-18,Wolverhampton,Brentford,5.0,49,7,1.1282000361612825,1.3101983334543956,1.1570100932126723,1.102277446821483,0.1,0.1,-0.009926022236644511,1.2534786289141993,0.9482015060010818,0.4317665870792895,0.28932827086629287,0.2788481181904745,0.38741782297620847,0.285507883305842
2021-09-18,Norwich City,Watford,5.0,32,45,1.083461871210366,0.9437159765961995,1.0368306263833056,1.0956246532264753,0.1,0.1,-0.009926022236644511,1.206637080545329,1.2130218582448995,0.3594807965714323,0.27787513974519984,0.3625657856290042,0.29728610657859805,0.2991898558067418
2021-09-18,Burnley,Arsenal,5.0,10,1,1.048355867165884,1.132933355726271,1.4782508624797224,1.2743200213240158,0.1,0.1,-0.009926022236644511,0.9743700160962789,1.5609857406737921,0.23484259883867198,0.25648963089876886,0.5084380970237927,0.2099272457369129,0.3773465816121244
2021-09-18,Liverpool,Crystal Palace,5.0,25,16,1.731426445666521,1.560802546667677,1.1286585941874894,1.0835658971273476,0.1,0.1,-0.009926022236644511,2.3346466418115046,0.7173840462084583,0.7328035028294818,0.16799483295652878,0.09636879695216813,0.4866451765459709,0.09684460806410047
2021-09-19,Brighton and Hove Albion,Leicester City,5.0,8,24,1.0272085313397143,1.2061256914104783,1.48583945111512,1.1949818348926318,0.1,0.1,-0.009926022236644511,1.0327515998883243,1.461866084560784,0.2657921967093202,0.2653048254305063,0.46874742632618444,0.2318003189526601,0.3559751777482861
2021-09-19,Tottenham Hotspur,Chelsea,5.0,44,14,1.570284564238718,1.3883998695716602,1.5463931552086487,1.438474579205943,0.1,0.1,-0.009926022236644511,1.3934880397702956,1.294330127992726,0.3923210121252895,0.26092349266920334,0.34658989518099714,0.2740531081164598,0.2481925518392625
2021-09-19,West Ham United,Manchester United,5.0,47,28,1.4164162050756872,1.0997483043019933,1.6163360696557239,1.4037013252133257,0.1,0.1,-0.009926022236644511,1.2370318982524067,1.8525957529488997,0.2536346972552905,0.2292839722289686,0.5163602439060764,0.15682238705302765,0.290048365815151
2021-09-25,Leicester City,Burnley,6.0,24,10,1.4814278238592828,1.1831343054826657,1.0353490650437742,1.1349307492304028,0.1,0.1,-0.0116239774034646,1.7271921834193638,0.9533385036529294,0.5541243864043063,0.2398680220102799,0.20557038024719873,0.3852863230427003,0.17778159630052448
2021-09-25,Manchester United,Aston Villa,6.0,28,2,1.6162898483294879,1.4028166522913421,1.2743372808416793,1.063295718665482,0.1,0.1,-0.0116239774034646,2.1233480878929423,0.9719223432883259,0.6350500288897459,0.20163872741637218,0.16171187068971674,0.3777530393807202,0.11962942339699258
2021-09-25,Chelsea,Manchester City,6.0,14,27,1.5563804262988843,1.4501367290912772,1.8859722639283198,1.6811687474970205,0.1,0.1,-0.0116239774034646,1.0781123402608135,1.708875470909662,0.23792509434052292,0.2420535583040115,0.5196027688036235,0.18106613309432476,0.34010069647668134
2021-09-25,Everton,Norwich City,6.0,18,32,1.2718595368846364,1.1932833978858792,1.0832197604160556,0.9276590631755527,0.1,0.1,-0.0116239774034646,1.7232300637076206,0.9899868314874226,0.5442008336343586,0.2405471036944824,0.21481896808934917,0.37142419755300377,0.17848698319953987
2021-09-25,Brentford,Liverpool,6.0,7,25,1.1650223763392251,1.11836581397407,1.7336796690420908,1.5664497314777448,0.1,0.1,-0.0116239774034646,0.8175629671513984,2.044828361300607,0.13890425624169075,0.20302695846946717,0.6568067200821261,0.1294020877383275,0.44095015916954916
2021-09-25,Leeds United,West Ham United,6.0,23,47,1.2364021337421793,1.0486818316390205,1.4136114596004457,1.0952535118500462,0.1,0.1,-0.0116239774034646,1.4065622712746966,1.591902159545102,0.33690594428653176,0.24454112548120027,0.41819113004181724,0.20351569679720843,0.24492232646503426
2021-09-25,Watford,Newcastle,6.0,45,31,1.0525761729130216,1.0953914496046604,1.1528298232854723,1.0570573008603952,0.1,0.1,-0.0116239774034646,1.2159417410221682,1.170508621621039,0.37075389362738126,0.28050254236571714,0.34867194126039813,0.31019655030009136,0.2964215036504698
2021-09-26,Arsenal,Tottenham Hotspur,6.0,1,44,1.4726551656571052,1.2805639969261122,1.560351376029064,1.3675353543712707,0.1,0.1,-0.0116239774034646,1.3567875517296206,1.4619737102239587,0.34904508584192917,0.2541934014488299,0.3965326860289468,0.23175840298911993,0.2574498594354468
2021-09-26,Southampton,Wolverhampton,6.0,40,49,1.2012902169914141,1.019535150827329,1.113145325907187,1.2962551500912047,0.1,0.1,-0.0116239774034646,1.1107495602167614,1.2136230902068406,0.33243899950568506,0.28450985831001796,0.3829896013257985,0.29711243630431416,0.3292988589211914
2021-09-27,Crystal Palace,Brighton and Hove Albion,6.0,16,8,1.1203787789631872,1.0757667729764742,1.0379761467267035,1.2066607398725038,0.1,0.1,-0.0116239774034646,1.1204361611427074,1.064185133836534,0.3664211657844143,0.29550844042710234,0.33803155642869237,0.3450009747123698,0.3261323180445322
2021-10-02,Manchester United,Everton,7.0,28,18,1.6029899821988285,1.4029355738163258,1.274303052223558,1.2011014528919226,0.1,0.1,-0.009330307608769578,1.8255631765246376,0.9717735046399856,0.5725845262830911,0.22971325282631833,0.1970790841867059,0.37817868632199303,0.1611255293840683
2021-10-02,Burnley,Norwich City,7.0,10,32,1.047280736243826,1.1319693800212043,1.0749528568747941,0.925706197259692,0.1,0.1,-0.009330307608769578,1.3792978136523328,1.0439206458544372,0.44419391859378654,0.27263432528548115,0.2830615456771751,0.35203771870054096,0.25175176857136755
2021-10-02,Chelsea,Southampton,7.0,14,40,1.5489137227219076,1.4582912801348409,1.1904237381923417,1.0208488076099271,0.1,0.1,-0.009330307608769578,2.071069033169187,0.8454658160277538,0.6553539662178955,0.2011599249373154,0.14211941763189498,0.42877182551965287,0.12605057062455413
2021-10-02,Leeds United,Watford,7.0,23,45,1.2336203252390283,1.0448045645366468,1.0507314016152398,1.096575929009026,0.1,0.1,-0.009330307608769578,1.4008012526526485,1.1117405353455763,0.4342859694815505,0.2681931386826658,0.29739224882708626,0.3289506619945316,0.24639411383192047
2021-10-02,Wolverhampton,Newcastle,7.0,49,31,1.1102802431791654,1.3080635031570298,1.1514008253862344,1.057988642741375,0.1,0.1,-0.009330307608769578,1.2869712639580446,0.9449127556906645,0.4421793328591846,0.28574710614174,0.2720067473730329,0.38869016844070226,0.2761038818333862
2021-10-02,Brighton and Hove Albion,Arsenal,7.0,8,1,1.0371226795299542,1.2076032330717295,1.4846695008032709,1.2836379589832703,0.1,0.1,-0.009330307608769578,0.9545499754567565,1.4580009245838126,0.24586619757774592,0.26729982485742765,0.4866864782765968,0.23269928603382703,0.3849314034807277
2021-10-03,Tottenham Hotspur,Aston Villa,7.0,44,2,1.5586048381460147,1.349961494636148,1.2743146278368815,1.0819675116710696,0.1,0.1,-0.009330307608769578,1.9672513732235828,1.0246520926826443,0.590905280009582,0.21721988057166386,0.19087398739210576,0.3585664577916997,0.13983899409187892
2021-10-03,Liverpool,Manchester City,7.0,25,27,1.7400584199950815,1.5375106972191004,1.8821060378452368,1.6969927339560005,0.1,0.1,-0.009330307608769578,1.2751523810767356,1.5598588565943865,0.3107782072198842,0.2503329590766382,0.4386124562024611,0.21015390256171726,0.2793268978852033
2021-10-03,West Ham United,Brentford,7.0,47,7,1.4167335979140872,1.0973600944343498,1.1800467839002124,1.1073324524957395,0.1,0.1,-0.009330307608769578,1.664294226233443,1.2004382392091475,0.48079041331310113,0.2442131585751389,0.2746218663890294,0.30096063678029067,0.18931721213478728
2021-10-03,Crystal Palace,Leicester City,7.0,16,24,1.118747617445976,1.0760276391945147,1.4843350645741555,1.1733383556837567,0.1,0.1,-0.009330307608769578,1.1565127898884875,1.6624749493590496,0.2642666033333772,0.24497800495152888,0.49039171714701324,0.1896635544563142,0.31447586788817716
2021-10-16,Southampton,Leeds United,8.0,40,23,1.1917290738806003,1.0131495610376915,1.230708744713468,1.0555872573246243,0.1,0.1,-0.0119033629056093,1.3995374883244454,1.3737705472500998,0.37724075711029065,0.2570415804825112,0.36551765228223443,0.2531237289439778,0.24668792490594307
2021-10-16,Leicester City,Manchester United,8.0,24,28,1.4868114578782021,1.16472875372333,1.5973337502532754,1.4017344443410358,0.1,0.1,-0.0119033629056093,1.329864441742416,1.7033637908790644,0.29883330305553935,0.239596072789677,0.46110279720579983,0.18205637499940514,0.26440922483732476
2021-10-16,Manchester City,Burnley,8.0,27,10,1.883964682105041,1.685383964754888,1.0312437452028906,1.1398437903999827,0.1,0.1,-0.0119033629056093,2.570552590890083,0.5745660495467196,0.7982066247032187,0.13589125100759053,0.060908143233744126,0.5601378498284023,0.07649325071797887
2021-10-16,Brentford,Chelsea,8.0,7,14,1.1861754432143272,1.1150488238117862,1.5545683042258656,1.4551724483468478,0.1,0.1,-0.0119033629056093,0.9333294752721094,1.7151824853584725,0.20240541393435077,0.24097694676895298,0.5562005282523852,0.17992975702205966,0.3930806720963188
2021-10-16,Norwich City,Brighton and Hove Albion,8.0,32,8,1.0665493001026274,0.9377384340400273,1.024787125605341,1.2203985655334983,0.1,0.1,-0.0119033629056093,1.0472322531629583,1.2056859903588337,0.3159500009013563,0.28919363912043267,0.3948039231783503,0.29948222427564125,0.3508942204501472
2021-10-16,Aston Villa,Wolverhampton,8.0,2,49,1.2744732648336368,1.081339920495128,1.1180476583054557,1.3062200542187763,0.1,0.1,-0.0119033629056093,1.1832361806798892,1.1464930229891803,0.36668310596932374,0.28461820680596916,0.3486382513101385,0.31773850205486354,0.30627769568120816
2021-10-16,Watford,Liverpool,8.0,45,25,1.0410406483657089,1.0996029069105215,1.744056727289334,1.530561693715661,0.1,0.1,-0.0119033629056093,0.7486220377323392,2.105291253727089,0.11981015843322479,0.19329543099461183,0.6853838236721607,0.121810037787134,0.472303965773593
2021-10-17,Everton,West Ham United,8.0,18,47,1.2741438216778207,1.2070778590177955,1.4113068181560926,1.0904297158892036,0.1,0.1,-0.0119033629056093,1.4677257673928277,1.3555793928507778,0.39819445978268153,0.2539689932321121,0.34760442421867277,0.2577601036042998,0.2304292621553899
2021-10-17,Newcastle,Tottenham Hotspur,8.0,31,44,1.1518141750784534,1.0510717374824061,1.558130540705268,1.3494190387135694,0.1,0.1,-0.0119033629056093,1.0023980069953802,1.8350262805376532,0.20253067081569953,0.22981756416762278,0.5670058407280587,0.15960764308840633,0.3667650911657855
2021-10-18,Arsenal,Crystal Palace,8.0,1,16,1.4735697333060966,1.2921291729266555,1.1273443832811458,1.072226401715737,0.1,0.1,-0.0119033629056093,1.8245681549157868,0.9372691517003076,0.5805413657287355,0.2297556964260152,0.18908385236836275,0.39145607006245875,0.16128623995232103
2021-10-22,Arsenal,Aston Villa,9.0,1,2,1.4768121864042305,1.2844367001925168,1.2820004571667099,1.0663261566299451,0.1,0.1,-0.009418541635260062,1.8413261206520963,1.1024817302218284,0.5448454235490993,0.2297725219518994,0.22471201413809333,0.3318303118996817,0.15860371182764368
2021-10-23,Southampton,Burnley,9.0,40,10,1.1882696979928427,1.0262092222512382,1.0257345830300106,1.1476833535198838,0.1,0.1,-0.009418541635260062,1.2719947588047942,1.1046464850798488,0.4009267615012858,0.2794563691346062,0.31954080466261964,0.3313096564384609,0.28026617889002964
2021-10-23,Brighton and Hove Albion,Manchester City,9.0,8,27,1.0102354357446803,1.2338340827839998,1.8824542523138423,1.6974054147291493,0.1,0.1,-0.009418541635260062,0.6143625953387317,2.1140809298699903,0.09432017762622473,0.1836218058970956,0.7205090561556449,0.12074417570044205,0.5401478047202144
2021-10-23,Crystal Palace,Newcastle,9.0,16,31,1.1397627518604836,1.0738076567485673,1.163789639103115,1.0444698071151264,0.1,0.1,-0.009418541635260062,1.3435198781323174,1.2092278100230194,0.39740137808505277,0.26841694692634577,0.3340621574589413,0.29840360354706447,0.260915447956799
2021-10-23,Everton,Watford,9.0,18,45,1.262018253043919,1.2132930557244614,1.0348009979244872,1.076771814459461,0.1,0.1,-0.009418541635260062,1.4699765357441765,0.9245094025409957,0.4972568398315119,0.26657175411422007,0.2360174913755346,0.39666726069741076,0.22992953632076393
2021-10-23,Chelsea,Norwich City,9.0,14,32,1.5503270065311314,1.469600902720132,1.056166367839873,0.9489214409547039,0.1,0.1,-0.009418541635260062,2.228671271646414,0.7309322280031957,0.7120674459464423,0.1791700719219161,0.10662164867952859,0.4804297331311826,0.1076712872497368
2021-10-23,Leeds United,Wolverhampton,9.0,23,49,1.219625806000901,1.0607734393883497,1.1394267993644238,1.2995773809961844,0.1,0.1,-0.009418541635260062,1.1275514519417322,1.1956062273567187,0.3410975508351732,0.28428715564006335,0.3745553039523993,0.3025132592831712,0.32381351478711073
2021-10-24,Brentford,Leicester City,9.0,7,24,1.1789122656871434,1.1226311693240663,1.5074540641737753,1.163942884926638,0.1,0.1,-0.009418541635260062,1.239823933918901,1.6238873845558124,0.29092452643740785,0.24661536459520617,0.46212656867612756,0.19712174312782657,0.2893520521519696
2021-10-24,West Ham United,Tottenham Hotspur,9.0,47,44,1.4088491163254109,1.1053444321485224,1.5668205851568522,1.3419743456406035,0.1,0.1,-0.009418541635260062,1.3058769020204313,1.7532586690948286,0.2851539014043686,0.2359981107657626,0.4783079231341312,0.17319711068886293,0.2708064779312559
2021-10-24,Manchester United,Liverpool,9.0,28,25,1.60111231744916,1.3760048545945005,1.760902795282098,1.5413494359894278,0.1,0.1,-0.009418541635260062,1.2966225969539886,1.624009255118105,0.30474761378014187,0.2452680279603852,0.44963391469566605,0.19709441653574364,0.2733752286052204
2021-10-30,Newcastle,Chelsea,10.0,31,14,1.16019397802567,1.0504195973420185,1.580028098867155,1.47963305857353,0.1,0.1,-0.009619768282538035,0.8874180671948726,1.8768756414590755,0.1718180114855032,0.22270175425916394,0.6047418942474989,0.15306693134552465,0.41141521133006564
2021-10-30,Tottenham Hotspur,Manchester United,10.0,44,28,1.553977019081669,1.349703637358897,1.5931237603536699,1.3446620183622433,0.1,0.1,-0.009619768282538035,1.505785969450934,1.4097609105057594,0.39675805877728676,0.24889665244648676,0.35405963749226776,0.24415917380689464,0.22181808780205126
2021-10-30,Burnley,Brentford,10.0,10,7,1.0344109858466781,1.145149518029557,1.1758159930830034,1.1180239928770626,0.1,0.1,-0.009619768282538035,1.1234305477434552,1.1395876370159825,0.3514606617774919,0.28899507085611803,0.3594951409158177,0.31994346431771736,0.32515400751613827
2021-10-30,Liverpool,Brighton and Hove Albion,10.0,25,8,1.7766911256376912,1.5604867978184325,1.013742811487772,1.21959481777822,0.1,0.1,-0.009619768282538035,2.132076330283484,0.6397076612180637,0.7173803059693269,0.18339951977848684,0.09758803581342032,0.5265859365921517,0.11859075755608839
2021-10-30,Watford,Southampton,10.0,45,40,1.0690474432330286,1.0732411091679228,1.194533061660836,1.0230142781129217,0.1,0.1,-0.009619768282538035,1.278941989103054,1.2476876429128518,0.37196344141858595,0.27078605762724006,0.35714461193386793,0.28715156683618187,0.2783181399030997
2021-10-30,Leicester City,Arsenal,10.0,24,1,1.5080330123385135,1.1691244594793246,1.4832509013076554,1.2886751063843418,0.1,0.1,-0.009619768282538035,1.520984626839432,1.5130484273994596,0.379764023861988,0.2435728175464937,0.37629745521244895,0.22019659751811674,0.21845738497421335
2021-10-30,Manchester City,Crystal Palace,10.0,27,16,1.8903664485291118,1.695211259379644,1.1354736744200644,1.0793421144167574,0.1,0.1,-0.009619768282538035,2.7484148687126386,0.6314493255677976,0.8071900522687555,0.12544603141814445,0.06004063276786832,0.5279259783372751,0.06402925267125326
2021-10-31,Aston Villa,West Ham United,10.0,2,47,1.2791502080252406,1.0583230221869868,1.4041097577234118,1.1227821783694223,0.1,0.1,-0.009619768282538035,1.4281330468720805,1.561718371985535,0.34795631004698996,0.24504102911790268,0.40665894048993834,0.2097497179995831,0.23970292851645345
2021-10-31,Norwich City,Leeds United,10.0,32,23,1.048423814074388,0.9099070684192297,1.2169508054621156,1.0635536519386999,0.1,0.1,-0.009619768282538035,1.20306222695654,1.502369813437969,0.30287489442233995,0.2568642008257943,0.440051905613454,0.22259363073251265,0.3002218409502907
2021-11-01,Wolverhampton,Everton,10.0,49,18,1.1353654397397177,1.3037977284548747,1.2663308592008875,1.181212694692042,0.1,0.1,-0.009619768282538035,1.1666690760929748,1.0645297269976357,0.380040006813714,0.2909472795492158,0.32896634989907136,0.3448795269899093,0.3113975000110511
2021-11-05,Southampton,Aston Villa,11.0,40,2,1.1932773249651905,1.035107609635101,1.2762826679253088,1.0391116642425073,0.1,0.1,-0.008310705789714299,1.4249912320049234,1.4065994562063324,0.3774660719397332,0.25312766173932366,0.3691761836815057,0.2449454950827232,0.24048411654569396
2021-11-06,Crystal Palace,Wolverhampton,11.0,16,49,1.1497096597435328,1.10159241730181,1.1452052658185063,1.3061353248047545,0.1,0.1,-0.008310705789714299,1.0445376370675088,1.1544370799687225,0.32581446144236986,0.2930395777132172,0.3811037582757856,0.31523053617946023,0.3518445312460712
2021-11-06,Manchester United,Manchester City,11.0,28,27,1.6039829635099465,1.362033206177942,1.879689902193464,1.6785499857753792,0.1,0.1,-0.008310705789714299,1.1336391873478058,1.8545771081301237,0.2300413802865996,0.22858648674329035,0.5406671913976504,0.15651522775996426,0.32164091906140363
2021-11-06,Brighton and Hove Albion,Newcastle,11.0,8,31,1.0320408054963353,1.2225372897706208,1.1529907729642268,1.04471778949091,0.1,0.1,-0.008310705789714299,1.2060167848635233,1.0309219337374034,0.3990664481408393,0.2891925465711765,0.3116899932829348,0.35666431965859113,0.29938362198112567
2021-11-06,Brentford,Norwich City,11.0,7,32,1.1736422204688066,1.0968855202839398,1.045273698453307,0.9055063694728512,0.1,0.1,-0.008310705789714299,1.5970143439400555,1.0495779995247563,0.49950889845802865,0.2518056190356002,0.24841378930189892,0.34999539617655107,0.20249728595472072
2021-11-06,Chelsea,Burnley,11.0,14,10,1.5882053959689935,1.4915034439427421,1.0574270554283784,1.1478756992758206,0.1,0.1,-0.008310705789714299,1.8971062458645023,0.7159990860316868,0.6526262686744881,0.21391041761380794,0.1326765943722929,0.4883195821070038,0.15000192453148986
2021-11-07,Arsenal,Watford,11.0,1,45,1.4874952304381666,1.3053113542040178,1.057008881577299,1.0766038546265475,0.1,0.1,-0.008310705789714299,1.842072646188904,0.8621702925851453,0.6035193988562564,0.2254039422227568,0.1704218330624504,0.42196968641593885,0.15848803484347426
2021-11-07,Leeds United,Leicester City,11.0,23,24,1.2198802960873578,1.0665988314686177,1.4994279383679057,1.1686536956253462,0.1,0.1,-0.008310705789714299,1.2856013691915285,1.7037455751466717,0.2886592030721961,0.23961111213596184,0.4712768311541184,0.18198971276067913,0.2763755129677436
2021-11-07,West Ham United,Liverpool,11.0,47,25,1.4242176123699932,1.127431987540924,1.7784977905667367,1.5462013010496778,0.1,0.1,-0.008310705789714299,1.081140293351891,2.1192575244516703,0.18447994065673384,0.2048851386953216,0.6090449172447638,0.12011864206697238,0.3386751990211859
2021-11-07,Everton,Tottenham Hotspur,11.0,18,44,1.2677836671628369,1.177007637620101,1.5465551281764558,1.337030136454918,0.1,0.1,-0.008310705789714299,1.1396868488819658,1.5992703445216887,0.27049694900302407,0.2502979328487649,0.4789196610843084,0.2020386724534949,0.31983612008511636
2021-11-20,Liverpool,Arsenal,12.0,25,1,1.7816969427092206,1.5226974684563093,1.484305536105999,1.3139470425404132,0.1,0.1,-0.011211528957879066,1.94984503496445,1.0635454251730903,0.5777749770941726,0.21998153487521344,0.20129281707762753,0.34490692511694593,0.1422938629097746
2021-11-20,Watford,Manchester United,12.0,45,28,1.050492915947253,1.0837786169304213,1.599826931186865,1.360599532940235,0.1,0.1,-0.011211528957879066,0.8957386292461866,1.851596637648294,0.17648597672147626,0.22589640301751024,0.5969398287499017,0.15698558504828536,0.4080310537337015
2021-11-20,Wolverhampton,West Ham United,12.0,49,47,1.1358645637973024,1.2957959121982707,1.4417823772483085,1.127408209265256,0.1,0.1,-0.011211528957879066,1.2317751674841055,1.278882263817147,0.3526760112263077,0.27215015646069546,0.37507207556746436,0.2783359081696447,0.2917574124476542
2021-11-20,Aston Villa,Brighton and Hove Albion,12.0,2,8,1.2659001730919077,1.0428680912958948,1.0329038094849254,1.2230305695675388,0.1,0.1,-0.011211528957879066,1.274902370503365,1.0942133663270845,0.4038303135503725,0.28023929667281544,0.3158547869959788,0.3347840502501437,0.27945283138327415
2021-11-20,Newcastle,Brentford,12.0,31,7,1.1557909282809193,1.046199003840323,1.1698582991795652,1.0869698062000746,0.1,0.1,-0.011211528957879066,1.3084210724734182,1.2506448463048112,0.3790214416234027,0.2690788344030764,0.351783303286111,0.28630086864526405,0.2702331123521576
2021-11-20,Leicester City,Chelsea,12.0,24,14,1.4973822022011332,1.1715463002896538,1.585702560590874,1.4885598636196347,0.1,0.1,-0.011211528957879066,1.232226060052627,1.6722269821134914,0.28078352603958356,0.24350811763074037,0.47531575666908676,0.18781996223780392,0.29154109767438574
2021-11-20,Burnley,Crystal Palace,12.0,10,16,1.0631928302309879,1.1551620808096263,1.1617197150286298,1.1099837317265908,0.1,0.1,-0.011211528957879066,1.1655686721300238,1.1124420393262422,0.3690599911985655,0.28816906870566605,0.3427189679348603,0.3287452208562743,0.3117385410192537
2021-11-20,Norwich City,Southampton,12.0,32,40,1.0543425863178075,0.9099494584265243,1.191786944726152,1.0455902789928693,0.1,0.1,-0.011211528957879066,1.2321397687348552,1.4649739874427672,0.31687905629270713,0.2590361529853629,0.4238956617266969,0.23107373818985455,0.29162559842543917
2021-11-21,Manchester City,Everton,12.0,27,18,1.883094721652164,1.695176176481582,1.2603576012971882,1.190780358791912,0.1,0.1,-0.011211528957879066,2.44077195156134,0.7154678782063482,0.7494660665210792,0.15812423390841646,0.08872020878944493,0.48715969784091545,0.08709351474287469
2021-11-21,Tottenham Hotspur,Leeds United,12.0,44,23,1.5384414849357064,1.348811750725942,1.2182237495160375,1.0735508082864578,0.1,0.1,-0.011211528957879066,1.9442779547369924,0.969875078131309,0.5989486251630931,0.21846027631527606,0.1816647690878807,0.37878231821271297,0.1430893248511176
2021-11-27,Norwich City,Wolverhampton,13.0,32,49,1.0603745494749808,0.9139470481278432,1.1276687942956742,1.3076475942694512,0.1,0.1,-0.009933556164411871,0.9538269245550107,1.3685088907207272,0.2603225387804799,0.27690774255769723,0.46267111077517087,0.25448428251035154,0.38522865002319107
2021-11-27,Liverpool,Southampton,13.0,25,40,1.786463092443255,1.5330387104494614,1.1824898482013169,1.0378841435272412,0.1,0.1,-0.009933556164411871,2.58203784333854,0.7783734460080702,0.7558362213081747,0.14984769849013632,0.08919004480458669,0.45679937613375954,0.0756196187973796
2021-11-27,Brighton and Hove Albion,Leeds United,13.0,8,23,1.0138742564997587,1.2150448323180114,1.2169435557603985,1.071740878525313,0.1,0.1,-0.009933556164411871,1.152730387128223,1.1072713254209512,0.3666726303263457,0.2892222208268348,0.3440561255687894,0.3304502133472226,0.3157667516645668
2021-11-27,Crystal Palace,Aston Villa,13.0,16,2,1.175954390070661,1.0929333340798442,1.2685132133583243,1.0497488937718376,0.1,0.1,-0.009933556164411871,1.3857000958575898,1.3172943251165399,0.385518921992611,0.26026869924882157,0.3540426366178589,0.2678324419810041,0.25013100783577574
2021-11-27,Arsenal,Newcastle,13.0,1,31,1.4722694230706015,1.2930383144049487,1.1695261367684948,1.02954146939033,0.1,0.1,-0.009933556164411871,1.9016614542707841,0.9767620799429078,0.5882096246550162,0.22248834421091612,0.1884954963611949,0.3762278732916811,0.14931902997570415
2021-11-28,Chelsea,Manchester United,13.0,14,28,1.588210391948061,1.5004107547322978,1.590753513423401,1.3272410092881304,0.1,0.1,-0.009933556164411871,1.585610303367471,1.209664149508128,0.4594138795780573,0.2503377697695839,0.2899639252749334,0.29822426232781035,0.20481474294942642
2021-11-28,Leicester City,Watford,13.0,24,45,1.4832976145223296,1.1586346654388797,1.075540372716442,1.0888783743976869,0.1,0.1,-0.009933556164411871,1.811978315026743,1.0170494174453213,0.558454263729749,0.23178932035644978,0.20915886516214172,0.36144854404468335,0.1633288094476664
2021-11-28,Manchester City,West Ham United,13.0,27,47,1.8799438763880363,1.7028179925513323,1.4264016001546598,1.127493188539499,0.1,0.1,-0.009933556164411871,2.592054197623873,0.838268861875905,0.7443299731420785,0.15293170816987997,0.09749511025060642,0.430192290353007,0.07486587659837181
2021-11-28,Brentford,Everton,13.0,7,18,1.1825152446703313,1.0696005237527668,1.2492100355821023,1.1838463821529464,0.1,0.1,-0.009933556164411871,1.219777984805685,1.3226132466604228,0.34089596330212074,0.26948944050529333,0.38950084071590196,0.2664270865834542,0.29527435901508775
2021-11-30,Newcastle,Norwich City,14.0,31,32,1.1596950953068963,1.0281940320982574,1.0527883465718595,0.9257432583166917,0.1,0.1,-0.01181541414461071,1.5433445342085101,1.1326888443747576,0.466122778622238,0.2560153952744961,0.2776320472089012,0.3220997716063456,0.21366001288490274
2021-11-30,Leeds United,Crystal Palace,14.0,23,16,1.2092061547186381,1.0826875831032001,1.1730463738105283,1.0873931961796075,0.1,0.1,-0.01181541414461071,1.3796267044285722,1.2096835430188577,0.4065561231565983,0.26636960069651305,0.3269387189823312,0.2982628879488418,0.25166264296140717
2021-12-01,Southampton,Leicester City,14.0,40,24,1.1760967644816243,1.0270847609396736,1.4999923518174372,1.1485836661259916,0.1,0.1,-0.01181541414461071,1.2554738842898538,1.7734159303712276,0.26988540882236167,0.2356400491609867,0.4939138409960685,0.16974355194089835,0.2847954219897133
2021-12-01,Wolverhampton,Burnley,14.0,49,10,1.11305852632006,1.317592337413131,1.0793692968365958,1.1357709399138203,0.1,0.1,-0.01181541414461071,1.1939744145685107,0.8709044230570778,0.4328696241237103,0.30035143717285206,0.2667394320253232,0.4185578650255348,0.30301341086948785
2021-12-01,Watford,Chelsea,14.0,45,14,1.0854614300292387,1.070217184371336,1.5847788196841326,1.5025419532601665,0.1,0.1,-0.01181541414461071,0.8048651563527115,1.8488459531139971,0.15654957264774585,0.22365544770338378,0.6191260671999103,0.15741839279226058,0.44685007212906835
2021-12-01,Everton,Liverpool,14.0,18,25,1.237522517357501,1.1853295882174517,1.7939820549152001,1.5408938956468388,0.1,0.1,-0.01181541414461071,0.9017920053131421,2.031252233567461,0.15737950630712633,0.20791777135779632,0.6334894303195,0.13117052032365467,0.40535131349501846
2021-12-01,West Ham United,Brighton and Hove Albion,14.0,47,8,1.427747207890667,1.131341443794077,0.9999994394578497,1.2248139804514375,0.1,0.1,-0.01181541414461071,1.4962069827563516,0.9691440649180127,0.49283635471005044,0.26367199914555195,0.2433167356739506,0.3793443939727416,0.2239762682270319
2021-12-01,Aston Villa,Manchester City,14.0,2,27,1.275484523529253,1.0517024433852642,1.87748363519703,1.7000660216481487,0.1,0.1,-0.01181541414461071,0.7988504692363683,2.5238390928923846,0.0960375095874117,0.15644005416250595,0.7430316137734512,0.08015114440915481,0.4478265095877998
2021-12-02,Manchester United,Arsenal,14.0,28,1,1.5893227661994467,1.3324678542181205,1.4727923411758437,1.3017848252556123,0.1,0.1,-0.01181541414461071,1.6283023042998144,1.2716617210239867,0.4558733267438952,0.24611725437996726,0.29766183501992294,0.2802833769394127,0.19625164454681404
2021-12-02,Tottenham Hotspur,Brentford,14.0,44,7,1.5338064232465802,1.3451761132904032,1.1819984803435624,1.0841866900399322,0.1,0.1,-0.01181541414461071,1.914812550924075,0.9387767012055673,0.6001089998649524,0.2206768253093392,0.17837411638488396,0.39077998009525333,0.14736849274734207
2021-12-04,Southampton,Brighton and Hove Albion,15.0,40,8,1.1841414751143897,1.0259579441152376,1.000803986543884,1.2298352600480882,0.1,0.1,-0.013713756050865774,1.1668481385578215,1.0777182152324138,0.376642285750051,0.2911282740926596,0.3321815933377885,0.34036093842045306,0.31134129377099967
2021-12-04,Newcastle,Burnley,15.0,31,10,1.1545973445640754,1.0300837894083879,1.0696879223605287,1.1465229317709773,0.1,0.1,-0.013713756050865774,1.2313047909685735,1.1498185334824693,0.3791735518854404,0.2812162097139986,0.339538573665578,0.3166802324803358,0.29190343099223076
2021-12-04,Wolverhampton,Liverpool,15.0,49,25,1.1003456874724271,1.3279491161088213,1.8044405823116239,1.539517031293538,0.1,0.1,-0.013713756050865774,0.787279975256023,1.7797830346039833,0.1601136034863683,0.23135269990880417,0.6080097722390931,0.16867443225514425,0.4548433463101149
2021-12-04,Watford,Manchester City,15.0,45,27,1.087135546574142,1.0698363651733107,1.8751831263081107,1.6985747751034008,0.1,0.1,-0.013713756050865774,0.6626957927687636,2.472789241610046,0.07848034330652513,0.1517669639770469,0.7657694243112414,0.08434921684383326,0.5134069350811185
2021-12-04,West Ham United,Chelsea,15.0,47,14,1.4244620587875003,1.132065042707218,1.5862391106875098,1.5010635707343931,0.1,0.1,-0.013713756050865774,1.131335154678721,1.7405028539192227,0.24561188332116385,0.23955343247872082,0.5143582832192104,0.17542786159834542,0.32245646068387107
2021-12-05,Leeds United,Brentford,15.0,23,7,1.206446474113468,1.0949585130149537,1.1761055891046122,1.0832900698586907,0.1,0.1,-0.013713756050865774,1.3814814035788263,1.1985914504738777,0.40922484717897495,0.2672170587515586,0.3234240755935155,0.30158939709602994,0.2511969257984472
2021-12-05,Tottenham Hotspur,Norwich City,15.0,44,32,1.5342462298747568,1.355213886993331,1.05177632694658,0.9305642014753256,0.1,0.1,-0.013713756050865774,2.233750538128154,0.8159211488105581,0.692359443228023,0.18437117714806048,0.12109744454816687,0.44127232412339945,0.10712564243892171
2021-12-05,Manchester United,Crystal Palace,15.0,28,16,1.5988623650251117,1.3256124552923354,1.1615537409111307,1.0912603907163996,0.1,0.1,-0.013713756050865774,2.029119538941747,0.9379499267644128,0.6241295855470569,0.20978111721557544,0.1648823090809651,0.39095955647418346,0.13145035562805724
2021-12-05,Aston Villa,Leicester City,15.0,2,24,1.277427383461423,1.0566061062198249,1.502389358867359,1.1429947608804085,0.1,0.1,-0.013713756050865774,1.3971474503827368,1.7259597156064712,0.3106322007052828,0.23707369270659817,0.4517611274069442,0.17798343296309208,0.24719556833873943
2021-12-06,Everton,Arsenal,15.0,18,1,1.24000400371441,1.1698387355821964,1.4791318405945306,1.2894709231788815,0.1,0.1,-0.013713756050865774,1.1624537590599702,1.5057529995633552,0.2914250331323265,0.2588288368953842,0.4495425371206432,0.22184360343419662,0.31266350276340976
2021-12-10,Brentford,Watford,16.0,7,45,1.1815181510781665,1.0769881296749562,1.0906666983562274,1.0655805562500948,0.1,0.1,-0.011687205131370981,1.371544661474905,1.1203919379414666,0.42421825507225785,0.2709236608024609,0.30474250730060737,0.3261217096115617,0.25370894419384976
2021-12-11,Manchester City,Wolverhampton,16.0,27,49,1.8788468403758014,1.6936199787931514,1.0924204663241859,1.336947966051956,0.1,0.1,-0.011687205131370981,2.0999192137023335,0.6058035547963866,0.7199329578142545,0.18499220442585373,0.09358889944664708,0.544825164354501,0.12246628923619894
2021-12-11,Arsenal,Southampton,16.0,1,40,1.477052633671269,1.2819348278132483,1.183400168199939,1.026854139067706,0.1,0.1,-0.011687205131370981,1.9159210912701143,1.0014664145225094,0.5851720822798364,0.22201028238966303,0.19197068421319471,0.367033054675825,0.14720465522333903
2021-12-11,Chelsea,Leeds United,16.0,14,23,1.589644573874078,1.480047876366205,1.2121665299087736,1.0871580582653393,0.1,0.1,-0.011687205131370981,2.0187661654474147,0.8454541448628293,0.6447380002114996,0.20694376419077043,0.14715242419514843,0.4288630801699007,0.13281883391322866
2021-12-11,Norwich City,Manchester United,16.0,32,28,1.0447323111029299,0.9246712881427664,1.5929435293601764,1.3357363712695487,0.1,0.1,-0.011687205131370981,0.9130140039027591,2.1560379204294158,0.1467317809068583,0.19623959279490635,0.6552755046492618,0.11578233621485999,0.40061143077771016
2021-12-11,Liverpool,Aston Villa,16.0,25,2,1.8009848216810849,1.5499335057639336,1.2829203256816637,1.0629803312398904,0.1,0.1,-0.011687205131370981,2.5548780445477064,0.8461884584301924,0.7371971712775229,0.15678693524113335,0.10119308059017153,0.4269792531811296,0.0777014679829685
2021-12-12,Crystal Palace,Everton,16.0,16,18,1.1527296519453443,1.0995142262321935,1.248338430229122,1.1739099271772102,0.1,0.1,-0.011687205131370981,1.1958051506845786,1.282516551967345,0.34216505193111324,0.2741258531150642,0.383614443044528,0.2773284757558446,0.3024426165821548
2021-12-12,Leicester City,Newcastle,16.0,24,31,1.4983238673531394,1.1387245631271303,1.1525502067162197,1.0392420794488748,0.1,0.1,-0.011687205131370981,1.9330166000529885,1.1205567316006686,0.560721515281177,0.22243789188228308,0.21593268758706613,0.3258095961679628,0.1447076874099043
2021-12-12,Burnley,West Ham United,16.0,10,47,1.0576097552471344,1.1488256030506805,1.4397770068589861,1.129570289731753,0.1,0.1,-0.011687205131370981,1.1365978582321876,1.4783866677055453,0.2898116965031237,0.26136610130588184,0.448643033014902,0.22799946660893242,0.32085957208778715
2021-12-14,Manchester City,Leeds United,17.0,27,23,1.8739993626184293,1.7018121466017504,1.2220049429338589,1.0771218659330002,0.1,0.1,-0.010748320696437812,2.709807222318261,0.6839932678942493,0.79200242267116,0.13268301146566217,0.06855488355494706,0.5011873719649406,0.06654959160812196
2021-12-14,Norwich City,Aston Villa,17.0,32,2,1.0368190090333993,0.9340883243201403,1.275741888168182,1.0756863270169743,0.1,0.1,-0.010748320696437812,1.1748408387245362,1.5552768429680075,0.2863638773210847,0.25376748142414873,0.45962089781346893,0.21112418753003315,0.3088014690128185
2021-12-15,Crystal Palace,Southampton,17.0,16,40,1.1711140666586286,1.0998718044064228,1.1748093837341649,1.0183844234362849,0.1,0.1,-0.010748320696437812,1.4229463882250581,1.1911718605433945,0.42210265193314733,0.2636552546637279,0.31408803002661767,0.30382882651756243,0.24099441568576788
2021-12-15,Brighton and Hove Albion,Wolverhampton,17.0,8,49,1.0010569797510955,1.2305780336555627,1.0858858712144512,1.347747896894895,0.1,0.1,-0.010748320696437812,0.8635608480250403,0.9562918190659143,0.31025080988401127,0.3290482875985654,0.3606898799609825,0.3843139843987547,0.421654805172194
2021-12-15,Arsenal,West Ham United,17.0,1,47,1.4847660568579262,1.2895983452258017,1.4288197229054358,1.1377586552617514,0.1,0.1,-0.010748320696437812,1.7280738411159782,1.27025971260735,0.480145628835717,0.2386179234017824,0.28075029604346985,0.2806375885671105,0.17761647977604708
2021-12-16,Liverpool,Newcastle,17.0,25,31,1.7933704899372203,1.5598788792765799,1.1422548338625516,1.0232188809826828,0.1,0.1,-0.010748320696437812,2.638344425674235,0.7278763854464726,0.7740518023656497,0.141734954731386,0.07840967474170693,0.48013122174909023,0.07147943795942044
2021-12-16,Chelsea,Everton,17.0,14,18,1.5970048573958213,1.4657205543643579,1.2475724059952218,1.1581371474626703,0.1,0.1,-0.010748320696437812,1.8943347281054828,0.8885644034958068,0.6081411420953121,0.22115431581136114,0.1699216094702901,0.4109255394953427,0.15041771013132652
2021-12-18,Leeds United,Arsenal,18.0,23,1,1.2176349369298112,1.0401001565040209,1.488753770660079,1.3044594296868912,0.1,0.1,-0.010875337418956094,1.1198284537071268,1.7309209608167568,0.24464807624282417,0.23979247029611828,0.5151006533326514,0.17711717201390223,0.32619349091000155
2021-12-19,Tottenham Hotspur,Liverpool,18.0,44,25,1.5427943634879027,1.3656201499114855,1.7976530913133202,1.5595766726863276,0.1,0.1,-0.010875337418956094,1.2010758427868016,1.70238965154472,0.26844324832108274,0.24152797695991066,0.4896002783392077,0.18224071387274038,0.300752617638345
2021-12-19,Wolverhampton,Chelsea,18.0,49,14,1.087769405828221,1.360248408192322,1.5936556809129512,1.4681686538373981,0.1,0.1,-0.010875337418956094,0.8349367980039895,1.3957156196287266,0.22321195935879581,0.27697346387408023,0.4997074213028338,0.24765505252870001,0.43385662327732183
2021-12-19,Newcastle,Manchester City,18.0,31,27,1.1474509100769754,1.0233407253882374,1.8960845394226082,1.7130399716312772,0.1,0.1,-0.010875337418956094,0.6937878467370439,2.6451924273746044,0.0732939473048247,0.138700508882649,0.7821153650035011,0.07099164054303006,0.4967369241268586
2021-12-26,West Ham United,Southampton,19.0,47,40,1.4224089635559356,1.1408068870629602,1.1857772967307136,1.0185807232611426,0.1,0.1,-0.011845208341334795,1.8291076780201307,1.1560053631791494,0.5293431435189669,0.23158134438544725,0.2384245426467696,0.3145450282529968,0.1605521955074596
2021-12-26,Aston Villa,Chelsea,19.0,2,14,1.2804608820722367,1.088884909651603,1.5854082080750833,1.4790105007354648,0.1,0.1,-0.011845208341334795,1.0014514336484726,1.8157948367218641,0.20486356834169683,0.23164851362423156,0.5628835948209067,0.16270684532016308,0.3671276820710379
2021-12-26,Tottenham Hotspur,Crystal Palace,19.0,44,16,1.548863107688056,1.363655754206411,1.1800793315540299,1.098375998374127,0.1,0.1,-0.011845208341334795,1.916474134085262,0.919820788840699,0.6051044355522731,0.22000476993826185,0.1740470290425737,0.39825639395233947,0.14712396189514323
2021-12-26,Brighton and Hove Albion,Brentford,19.0,8,7,0.9931238350017275,1.2352461149185243,1.184520963435953,1.0773681832172093,0.1,0.1,-0.011845208341334795,1.1227215036179992,1.0505090419177563,0.37004931031468996,0.29638577331463795,0.3335271421599058,0.3497515357057307,0.32538829827856725
2021-12-26,Manchester City,Leicester City,19.0,27,24,1.9026281955183626,1.7239628922587213,1.515715044936301,1.150270092974955,0.1,0.1,-0.011845208341334795,2.591814222604324,0.897405149401718,0.7314575148268537,0.1568617955987301,0.10643845536256033,0.4054910592670879,0.07488370711660189
2021-12-26,Norwich City,Arsenal,19.0,32,1,1.0263549108444217,0.9323280834464804,1.5047674729524605,1.3059830444464477,0.1,0.1,-0.011845208341334795,0.9234596861715854,1.9590102858418694,0.16990859582538442,0.21584196045016002,0.6132807752608427,0.14099708206633765,0.39676027318834783
2021-12-27,Newcastle,Manchester United,19.0,31,28,1.1413020598047738,1.0152302024498556,1.5885639560536218,1.3486777684629883,0.1,0.1,-0.011845208341334795,0.9926514251296036,1.9607631380359152,0.18452545257312924,0.21758133092341536,0.5969151828363536,0.1407495987762767,0.3702339363093627
2021-12-28,Watford,West Ham United,20.0,45,47,1.0906780156637723,1.0664003516472258,1.4256674023174583,1.1322157667109456,0.1,0.1,-0.01272791695307901,1.1717076901979788,1.582913364418873,0.2806585362719469,0.2520692243675047,0.46699833823597053,0.2053694585685367,0.3097622199460833
2021-12-28,Leicester City,Liverpool,20.0,24,25,1.5322630484322142,1.1282281108637084,1.801521374907412,1.5563426370009095,0.1,0.1,-0.01272791695307901,1.1923431579888777,2.1668906591663175,0.20088939301960046,0.20451598850108343,0.5927568675949157,0.1145291355830184,0.3029622012335159
2021-12-28,Southampton,Tottenham Hotspur,20.0,40,44,1.2042059501501619,1.0221539724330602,1.5564614311889364,1.3776064270543993,0.1,0.1,-0.01272791695307901,1.0269564480608522,1.8857157532132869,0.20134804867650277,0.22555509468144902,0.5723281972975414,0.151718547420365,0.3578243627184823
2021-12-28,Crystal Palace,Norwich City,20.0,16,32,1.172874691396677,1.0964769315370595,1.0172338060557957,0.9098746575568699,0.1,0.1,-0.01272791695307901,1.5888333961818948,1.020973796714519,0.5037983600564655,0.2539422034736753,0.2419989030780877,0.3601543878874811,0.20416122553816657
2021-12-29,Brentford,Manchester City,20.0,7,27,1.1756715623289375,1.0675251925913622,1.9197040147743514,1.698444900191514,0.1,0.1,-0.01272791695307901,0.7241379704279308,2.5913496028661998,0.08050434902542677,0.14567730332784684,0.7685852454903741,0.07491878711055264,0.48220602166058657
2021-12-29,Chelsea,Brighton and Hove Albion,20.0,14,8,1.593371545263671,1.4838652261991054,1.0040928398219227,1.249862277417208,0.1,0.1,-0.01272791695307901,1.722039368540088,0.6840170831012885,0.6219898978981856,0.23477209021109846,0.14281570412875058,0.5043731885522899,0.17870122224977905
2021-12-30,Manchester United,Burnley,20.0,28,10,1.5835404494945384,1.3544360432237281,1.048341429861733,1.1698779567702404,0.1,0.1,-0.01272791695307901,1.8471843241106267,0.813756080441946,0.6164047821054129,0.22432655590041659,0.15860339453053623,0.44289646578606146,0.15768015303301633
2022-01-01,Crystal Palace,West Ham United,21.0,16,47,1.1876818193856065,1.1041513562898415,1.445146514503969,1.1334515139025225,0.1,0.1,-0.012009313618219776,1.289468741794822,1.5542531769630135,0.31501985719841136,0.2509059387691838,0.43379853575446414,0.21133431656214324,0.27535787483513313
2022-01-01,Watford,Tottenham Hotspur,21.0,45,44,1.0900941809421374,1.0476257302381646,1.55214151353211,1.379355580496234,0.1,0.1,-0.012009313618219776,0.9146064646023031,1.8303657006216085,0.1832168592683156,0.2287180468945437,0.587434455763576,0.1603540477261451,0.40042376020076886
2022-01-01,Arsenal,Manchester City,21.0,1,27,1.5266732067047897,1.3195349868408435,1.9141268268062746,1.7102027682026717,0.1,0.1,-0.012009313618219776,1.0166068239213817,2.0028914068571537,0.18454997525137268,0.21426899581830638,0.6000628253269673,0.13494298402429994,0.361420156238095
2022-01-02,Chelsea,Liverpool,21.0,14,25,1.5905575100726561,1.4817731341410554,1.7919128292088151,1.5606305894536214,0.1,0.1,-0.012009313618219776,1.2585080355806244,1.5070282948286888,0.31580292624300826,0.255244455733627,0.42872625947180687,0.2215560414652399,0.2840278444019794
2022-01-02,Everton,Brighton and Hove Albion,21.0,18,8,1.2535080728074213,1.1760498217294788,1.0094323620501058,1.2572022853154912,0.1,0.1,-0.012009313618219776,1.2168989609276382,0.9355530196445464,0.42394333353550623,0.2944353360739933,0.2815742166881669,0.3923528294129852,0.29614522309695634
2022-01-02,Leeds United,Burnley,21.0,23,10,1.216595159694412,1.0238249422192118,1.0526584726321833,1.1615141214681184,0.1,0.1,-0.012009313618219776,1.2905662018312158,1.137500749123625,0.3984229987663971,0.2768371437056025,0.32465325817821106,0.3205997273458291,0.27510796322966563
2022-01-02,Brentford,Aston Villa,21.0,7,2,1.1695819897768385,1.0829426383756902,1.2813445844697966,1.0834553935075764,0.1,0.1,-0.012009313618219776,1.331260977258073,1.3477033831370793,0.3649710862565305,0.26230259417374957,0.37256844388710164,0.2598166678870296,0.2641222464317293
2022-01-03,Manchester United,Wolverhampton,21.0,28,49,1.5921286749290966,1.3531453239880964,1.0803531034484952,1.3823282177019216,0.1,0.1,-0.012009313618219776,1.5065171405105964,0.8413124041225389,0.5275553240342747,0.2638649469191734,0.20840221724380903,0.4310690581073445,0.221680062141494
2022-01-11,Southampton,Brentford,21.0,40,7,1.2050488874944743,1.029380284924254,1.1695819897768385,1.0829426383756902,0.1,0.1,-0.012009313618219776,1.3800313952876648,1.2715055933058963,0.39338278458736536,0.2634328122458907,0.34303256674475546,0.28038201966619475,0.25155677062250836
2022-01-12,West Ham United,Norwich City,21.0,47,32,1.445146514503969,1.1334515139025225,1.0080118602929315,0.898665678695748,0.1,0.1,-0.012009313618219776,2.1095630396070812,0.9748812077526363,0.6316107729970953,0.20309588042122992,0.16375646402386815,0.37666061438945714,0.12128991735228589
2022-01-14,Brighton and Hove Albion,Crystal Palace,22.0,8,16,1.0329327051301513,1.2514365973801436,1.194174462324072,1.0952528703179307,0.1,0.1,-0.009972398998964589,1.1476080672973261,1.0436642779958623,0.37908722018603364,0.29415835602829105,0.3267134509356279,0.3521523560932526,0.3173906429080915
2022-01-18,Brighton and Hove Albion,Chelsea,22.0,8,14,1.0329327051301513,1.2514365973801436,1.5943739224529685,1.478071047938909,0.1,0.1,-0.009972398998964589,0.7825962641872615,1.5572747292028697,0.18656228465086241,0.2570976160002172,0.5561206634295924,0.21070916207079438,0.45711788000395914
2022-01-15,Manchester City,Chelsea,22.0,27,14,1.913446365460464,1.712232248116369,1.5943739224529685,1.478071047938909,0.1,0.1,-0.009972398998964589,1.8877305068546473,0.9823001892282399,0.583813174679633,0.22396347486248522,0.19145289118267414,0.37416368327701993,0.1514136882619372
2022-01-15,Newcastle,Watford,22.0,31,45,1.14270360471631,1.0300627565111367,1.0809607300288782,1.0547621319484828,0.1,0.1,-0.009972398998964589,1.33367924528429,1.1628780076767624,0.40479686641741636,0.27160743429860074,0.3234894133192728,0.31256132506433065,0.26349814372245406
2022-01-15,Aston Villa,Manchester United,22.0,2,28,1.2775922220383165,1.0792573773673104,1.5821966402724006,1.3538525703776074,0.1,0.1,-0.009972398998964589,1.13172119090851,1.827482365191255,0.23329754363860433,0.23125002456121482,0.5348089334020089,0.16081398806791972,0.322278137223706
2022-01-19,Brentford,Manchester United,22.0,7,28,1.1714921083547956,1.0603046785426058,1.5821966402724006,1.3538525703776074,0.1,0.1,-0.009972398998964589,1.0177960334422438,1.8624483916934544,0.20262069507090655,0.22701698245659008,0.569651967631882,0.1552901445915908,0.3611380365200602
2022-01-15,Norwich City,Everton,22.0,32,18,0.997709897967129,0.8999121277873043,1.2605258027160169,1.1611333021480832,0.1,0.1,-0.009972398998964589,1.037253750275646,1.585046389824014,0.24700153563241128,0.25347308184847306,0.4992673337593746,0.20493556197282675,0.35433994108968325
2022-01-15,Wolverhampton,Southampton,22.0,49,40,1.0806166989610315,1.400714839207868,1.2284938092140354,1.0320449479353746,0.1,0.1,-0.009972398998964589,1.2821928177186515,0.9303252433015672,0.4442658314102927,0.2870441866074158,0.26862540515013067,0.3944023460906326,0.2774265869930688
2022-01-16,Liverpool,Brentford,22.0,25,7,1.7939411825467486,1.5535795041180667,1.1714921083547956,1.0603046785426058,0.1,0.1,-0.009972398998964589,2.543742709102433,0.7542077670892086,0.7557712269806923,0.15147657116791485,0.08805193754380042,0.4681728187796164,0.07857167282406018
2022-01-16,West Ham United,Leeds United,22.0,47,23,1.4536591715744152,1.137035470436923,1.2283092339932198,1.025443165743211,0.1,0.1,-0.009972398998964589,1.8742639190384298,1.2107908771296345,0.527162205052719,0.2275958385283602,0.24447512775210997,0.2977447662596377,0.1534618510102222
2022-01-19,Leicester City,Tottenham Hotspur,22.0,24,44,1.530883728923062,1.148094795751068,1.5457224706010202,1.390604121571558,0.1,0.1,-0.009972398998964589,1.4053404791631035,1.64481460353881,0.3272001178649933,0.24106441028513406,0.4313137571665286,0.1930272435869511,0.24520689760875014
2022-01-21,Watford,Norwich City,23.0,45,32,1.0781263705228965,1.0571920060075946,1.0053876603475,0.9041336065631065,0.1,0.1,-0.011810082339503264,1.4535266326416387,1.0493759501992481,0.4623845331709156,0.2661277973149039,0.2713359607599578,0.3501081266699593,0.23374112855533066
2022-01-22,Manchester United,West Ham United,23.0,28,47,1.5889957063679976,1.345230816406855,1.4533928056718597,1.1234974546906904,0.1,0.1,-0.011810082339503264,1.9454596084051752,1.2314126290199776,0.5380077378634441,0.22243015962630133,0.23859628007159653,0.29161096394917124,0.14291519790201512
2022-01-22,Southampton,Manchester City,23.0,40,27,1.2279083700609446,1.0203891206778,1.9072395985652517,1.7266152349505213,0.1,0.1,-0.011810082339503264,0.741776818397924,2.682771703702567,0.0777129455337211,0.13922716250768458,0.776674574998265,0.06837329990991177,0.4732263661310061
2022-01-22,Brentford,Wolverhampton,23.0,7,49,1.1663450336232242,1.0458872748453971,1.0978997774757118,1.3995468276928773,0.1,0.1,-0.011810082339503264,0.9673433357437158,1.1641747915881642,0.3008219122296877,0.2981149738130757,0.40102508504598167,0.3121776448329385,0.3800800926929586
2022-01-22,Leeds United,Newcastle,23.0,23,31,1.2407243303535012,1.0240924636567337,1.1372890740953925,1.0315033054894505,0.1,0.1,-0.011810082339503264,1.50564446857538,1.237627957900202,0.4329696409798258,0.25601173097480384,0.3107989511787078,0.2900210266937506,0.22186409379547206
2022-01-22,Everton,Aston Villa,23.0,18,2,1.254133406908265,1.1538189386104305,1.2833841598428646,1.0777652929241996,0.1,0.1,-0.011810082339503264,1.456983371020239,1.2580529163092655,0.4161431236194264,0.2587439439610916,0.32492215990130213,0.2841672182687729,0.23292595615239095
2022-01-23,Crystal Palace,Liverpool,23.0,16,25,1.1917482737205387,1.0963349429413687,1.7940301916404704,1.5621432500724437,0.1,0.1,-0.011810082339503264,0.8433316547447515,2.220417516505455,0.12744831292370415,0.18679319262316135,0.6836634451045356,0.10856344547100942,0.42937445200522917
2022-01-23,Arsenal,Burnley,23.0,1,10,1.524162561219751,1.3210411267661455,1.0490773772869921,1.1499785701520147,0.1,0.1,-0.011810082339503264,1.77568096403884,0.8420096959052986,0.5932708155269423,0.2328784839125326,0.17333334444489995,0.43062216940590015,0.16936757270871453
2022-01-23,Leicester City,Brighton and Hove Albion,23.0,24,8,1.5338834833256363,1.1370908796130437,1.0318323738130262,1.2562701007430626,0.1,0.1,-0.011810082339503264,1.6122220497510455,0.9947552959388349,0.5160904783474722,0.2516227726295459,0.23200302268796333,0.36971265242435886,0.19944197797971755
2022-01-23,Chelsea,Tottenham Hotspur,23.0,14,44,1.583121705130708,1.4855802297625118,1.5529388763371579,1.38411950330995,0.1,0.1,-0.011810082339503264,1.490336900058513,1.1821781734397436,0.44138686953385375,0.2589995489201693,0.2994178790411282,0.30656037184089374,0.2252892326391398
2022-02-08,West Ham United,Watford,24.0,47,45,1.4471507090354865,1.1298772677967481,1.0677314455819735,1.0419765769009632,0.1,0.1,-0.011093184777817818,1.8315711165069835,1.038579773832879,0.5576091253615885,0.23043588625522912,0.2113137085088528,0.3537347829939589,0.16015958914441047
2022-02-08,Burnley,Manchester United,24.0,10,28,1.0418591783182989,1.1634494298104903,1.5856377819326328,1.356566140583895,0.1,0.1,-0.011093184777817818,0.8916273860972066,1.6857125489335911,0.19644825265526877,0.24349356944618034,0.5596867250541206,0.18531150628904475,0.4098375551589353
2022-02-08,Newcastle,Everton,24.0,31,18,1.136969059286018,1.0414656985274082,1.243884687782926,1.1555381169204626,0.1,0.1,-0.011093184777817818,1.1989317384611022,1.353128054069898,0.329255757881542,0.26864964725481133,0.4019733153027712,0.2584211125614491,0.3014906502742794
2022-02-09,Manchester City,Brentford,24.0,27,7,1.902647733218123,1.7222869597986035,1.1674267707874504,1.0385172118729922,0.1,0.1,-0.011093184777817818,2.8983178626712283,0.6345366769471009,0.8218274883250652,0.11453722926824624,0.053782046345725046,0.5249572723028992,0.05511583407830265
2022-02-09,Tottenham Hotspur,Southampton,24.0,44,40,1.5479730608921862,1.3783848560705718,1.2325216972820425,1.0305263117140586,0.1,0.1,-0.011093184777817818,2.0491944181819215,0.9551726602320615,0.6243304475383885,0.2079189846608347,0.16646667810238935,0.38425457584223677,0.12883770018087976
2022-02-09,Norwich City,Crystal Palace,24.0,32,16,1.0234286252109654,0.9141575538197885,1.1966253823333626,1.0897398458807304,0.1,0.1,-0.011093184777817818,1.143037027533314,1.4658977134905613,0.2937501565468312,0.26205893903843963,0.4440192334912858,0.23086456091559102,0.3188028571543049
2022-02-09,Aston Villa,Leeds United,24.0,2,23,1.2830342170848736,1.0895943653670856,1.2309479174713858,1.0259413860023439,0.1,0.1,-0.011093184777817818,1.579475501864667,1.2729710173393882,0.44372853499404463,0.24941883645279456,0.3065578915068483,0.2799315508997549,0.20607169579101725
2022-02-10,Liverpool,Leicester City,24.0,25,24,1.800635506662305,1.558824278127825,1.5326138377487744,1.1361195834054518,0.1,0.1,-0.011093184777817818,2.3738566789890987,1.0765802257055117,0.657426328896636,0.18375985874931983,0.15566843486816195,0.33969291273821123,0.09311928512525698
2022-02-10,Wolverhampton,Arsenal,24.0,49,1,1.1100662351176767,1.398042337654787,1.5150907247776355,1.3282310495094651,0.1,0.1,-0.011093184777817818,0.9819991714239863,1.2424042170488365,0.29039873760095214,0.2891142935596122,0.4204309236924652,0.2886867117372622,0.3745439172443414
2022-02-12,Norwich City,Manchester City,25.0,32,27,1.0219990966930224,0.9172812767363955,1.8980767145586324,1.731094005997587,0.1,0.1,-0.010993205356993777,0.6010393278072576,2.947022792382642,0.04818561368661513,0.108424398897813,0.8325898739845773,0.05249575129383147,0.5423206009240551
2022-02-12,Everton,Leeds United,25.0,18,23,1.2408606551776964,1.1408956954662006,1.2442575995001712,1.013426464453536,0.1,0.1,-0.010993205356993777,1.5333182697830647,1.2255159071519885,0.44271514940661383,0.25415009820385215,0.3028956130828283,0.29354853609607906,0.2158090993341807
2022-02-12,Watford,Brighton and Hove Albion,25.0,45,8,1.0583278489259034,1.0478709076436887,1.0341150337988134,1.2601253405240773,0.1,0.1,-0.010993205356993777,0.9982041229223415,1.090072411011441,0.32481296784009284,0.3031060215232748,0.37205201225371615,0.33618874694519696,0.3685337430610393
2022-02-12,Manchester United,Southampton,25.0,28,40,1.5809213021791342,1.3551328491540666,1.2507223641466285,1.0290895264941342,0.1,0.1,-0.010993205356993777,2.120881439631093,0.9955992268982448,0.6290507835509962,0.20258749459534384,0.16677214533319507,0.36891827519775,0.1199246833656816
2022-02-12,Brentford,Crystal Palace,25.0,7,16,1.162924067447788,1.0468050324149494,1.191664179295795,1.0900725455796545,0.1,0.1,-0.010993205356993777,1.3137051738531738,1.2774413689309772,0.3748625626334823,0.2671531127189203,0.35785827436784656,0.27873035411803937,0.268806856238961
2022-02-13,Tottenham Hotspur,Wolverhampton,25.0,44,49,1.548020658793361,1.3574587286385256,1.0985093190878903,1.4007360764526875,0.1,0.1,-0.010993205356993777,1.4152194145221515,0.8530395135298334,0.5003863489509554,0.2743456920711565,0.2251500489092793,0.42606892052919737,0.2428715236896189
2022-02-13,Leicester City,West Ham United,25.0,24,47,1.5248206716683064,1.138631758360557,1.4402157238493705,1.1375658739669294,0.1,0.1,-0.010993205356993777,1.7990428935879808,1.4941895689204951,0.44849416684025767,0.23002133198462327,0.3207597684488613,0.22430482336416563,0.16542983622343935
2022-02-13,Newcastle,Aston Villa,25.0,31,2,1.1554532254562013,1.0425903383107362,1.294687659188456,1.0742072789005968,0.1,0.1,-0.010993205356993777,1.3247793887983934,1.4220469118380605,0.34872542406571816,0.25792985279468666,0.3931531483520251,0.24120211008075243,0.2658301181305041
2022-02-13,Burnley,Liverpool,25.0,10,25,1.0427199419662783,1.1681788517186054,1.798112343414406,1.5710334459385382,0.1,0.1,-0.010993205356993777,0.7201372184338017,2.074942602171136,0.1170530970818812,0.19476711529520488,0.6867993033596314,0.1255635152928829,0.48601406842160066
2022-02-19,Southampton,Everton,26.0,40,18,1.2548054222573755,1.0392102148639253,1.2576778822846881,1.152055959630822,0.1,0.1,-0.011536628563987702,1.3535753007568592,1.375019162549091,0.3652987915326214,0.25939586532339337,0.3751263375092724,0.25281332997973666,0.2582906968900652
2022-02-19,Aston Villa,Watford,26.0,2,45,1.285616889724003,1.079150042270862,1.0513026151831115,1.042812074344501,0.1,0.1,-0.011536628563987702,1.5570683888774317,1.074819319868137,0.483111323394537,0.25591166295396833,0.26074242433976114,0.3412851813238599,0.21074940966160394
2022-02-19,Liverpool,Norwich City,26.0,25,32,1.7971508399804532,1.5824254344319353,1.017649337743739,0.909879263087993,0.1,0.1,-0.011536628563987702,2.966170055077003,0.6282757624661804,0.8291828540188262,0.10927605608560312,0.050350764226998114,0.5275409292082239,0.05150015816085225
2022-02-19,Arsenal,Brentford,26.0,1,7,1.517165292744145,1.3392632042110328,1.1536576198653328,1.0581323783587087,0.1,0.1,-0.011536628563987702,1.932922129038375,0.9179562161308047,0.6091206581955269,0.21822881196846622,0.17176024900410752,0.3989810568191729,0.14472387206747905
2022-02-19,Crystal Palace,Chelsea,26.0,16,14,1.1838615708925118,1.1021497173978239,1.5924419484267527,1.4983603096918334,0.1,0.1,-0.011536628563987702,0.8918130631726562,1.8045156738255486,0.1812729619419906,0.23082826132128337,0.5873236156783518,0.16455339301857833,0.40967796476511814
2022-02-19,West Ham United,Newcastle,26.0,47,31,1.4481013418646111,1.1380521120768519,1.1558293499448764,1.0554542463526357,0.1,0.1,-0.011536628563987702,1.8087700709933117,1.1249934775070043,0.5319370276356948,0.23317804930811814,0.23428201123149128,0.32446649260913524,0.1638516824828434
2022-02-19,Brighton and Hove Albion,Burnley,26.0,8,10,1.049171110479279,1.271365359331315,1.038396182191469,1.1797369921496808,0.1,0.1,-0.011536628563987702,1.0719014402210942,0.8754920768627464,0.3946462030631989,0.3144785476737577,0.29085453325972105,0.4166499549207264,0.34235557571561315
2022-02-19,Manchester City,Tottenham Hotspur,26.0,27,44,1.9069104765927292,1.741736407545915,1.5436926249070335,1.349312618374379,0.1,0.1,-0.011536628563987702,2.1331459421417795,0.9066092091413495,0.652444937234794,0.19812129537621104,0.14779190674465528,0.40323033030503486,0.11846342448630336
2022-02-20,Wolverhampton,Leicester City,26.0,49,24,1.1147105007398306,1.4180291465786943,1.5309618301367702,1.137108065957196,0.1,0.1,-0.011536628563987702,1.1943503946596494,1.237301357715131,0.3509018153706819,0.27740798691025886,0.3716086923376347,0.29015583337751866,0.30288680709092536
2022-02-20,Leeds United,Manchester United,26.0,23,28,1.2369805936180838,1.0025354824202632,1.5786317895679072,1.3576614521292434,0.1,0.1,-0.011536628563987702,1.0825497534867061,1.9661873400662147,0.20328771390830597,0.2189301295582079,0.576778878627815,0.1399870555833738,0.3383969872171005
2022-02-25,Southampton,Norwich City,27.0,40,32,1.258980750508522,1.0488100495985737,1.0208454385186498,0.9092093114865554,0.1,0.1,-0.009880853323359286,1.7328569091316766,1.0746933756288382,0.5263002200815975,0.2394823946330131,0.23376114166076473,0.3412524874983299,0.17677562792943383
2022-02-26,Brighton and Hove Albion,Aston Villa,27.0,8,2,1.0372665923702933,1.252375228641837,1.271818427622659,1.0799876802921449,0.1,0.1,-0.009880853323359286,1.170321985321361,1.1268692349283067,0.367490220864766,0.286433104259558,0.34602177182387467,0.3240361167008043,0.31025962664598306
2022-02-26,Leeds United,Tottenham Hotspur,27.0,23,44,1.2439235089701182,0.9857995743841899,1.5572013173613295,1.3497061222619031,0.1,0.1,-0.009880853323359286,1.0987985841633057,1.95697857989741,0.2081772896270366,0.21968007138258494,0.5711660889383967,0.14128183555204493,0.33295243356998855
2022-02-26,Everton,Manchester City,27.0,18,27,1.2450945578748283,1.1476814092479803,1.9067804868452094,1.7121285520943998,0.1,0.1,-0.009880853323359286,0.765647043449266,2.3610326280504386,0.10249151109131059,0.16862963032883055,0.7258486383944602,0.09432263224869858,0.46362447451644323
2022-02-26,Manchester United,Watford,27.0,28,45,1.5914394514619767,1.348554754010568,1.0500455588774658,1.054812623589627,0.1,0.1,-0.009880853323359286,2.0888774739207574,0.8199522311358384,0.6649796921798484,0.1982849250328263,0.1352949493022754,0.4398193301350565,0.12382575202476273
2022-02-26,Brentford,Newcastle,27.0,7,31,1.1538156679704321,1.0574262141806765,1.1534064605613767,1.0616263178848482,0.1,0.1,-0.009880853323359286,1.3393566009175395,1.2165028747623066,0.3946694629520763,0.26846231314753194,0.33674873745384126,0.2962410757915356,0.26200354143929694
2022-02-26,Crystal Palace,Burnley,27.0,16,10,1.1741649382569361,1.1085626277544143,1.060911615036119,1.1881254698145929,0.1,0.1,-0.009880853323359286,1.2044697979862817,1.053743421404255,0.3932598386354571,0.28836942803098226,0.3183179255190661,0.3486170042066031,0.29984648256794916
