date,team1,team2,event,hg,ag,rating1,rating2,home_adv,intercept,home_win_p,draw_p,away_win_p,home_cs_p,away_cs_p
2021-08-13,Brentford,Arsenal,1.0,7,1,1.1121296592477972,1.4340071259453844,0.1967452708405021,0.12829291821955938,0.24216988251652988,0.2530534404619935,0.5045378000288528,0.20833875223424272,0.36663292137566306
2021-08-14,Watford,Aston Villa,1.0,45,2,1.0658917232237037,1.1447566580517692,0.1967452708405021,0.12829291821955938,0.37690685424658255,0.26935977247129095,0.35363193930014325,0.2922241157901382,0.2782695310176715
2021-08-14,Leicester City,Wolverhampton,1.0,24,49,1.3080915984064403,1.2319818318417446,0.1967452708405021,0.12829291821955938,0.47329476587545277,0.25936567123817245,0.2671599853506332,0.3486337144584173,0.2245733106792549
2021-08-14,Chelsea,Crystal Palace,1.0,14,16,1.502243058459431,1.117225169754796,0.1967452708405021,0.12829291821955938,0.6666740306925791,0.19986848507475935,0.1322368397057242,0.46079559544284127,0.13079724176517352
2021-08-14,Norwich City,Liverpool,1.0,32,25,1.0342807191712635,1.6720310945994428,0.1967452708405021,0.12829291821955938,0.11375195362891498,0.1854245123865203,0.6990984372815223,0.11633996509821228,0.4803761052748768
2021-08-14,Manchester United,Leeds United,1.0,28,23,1.5004101706071005,1.1178053360454576,0.1967452708405021,0.12829291821955938,0.6652468103648713,0.2004757151197113,0.13307502358888978,0.4599435885409221,0.13144004442495566
2021-08-14,Burnley,Brighton and Hove Albion,1.0,10,8,1.1113040014579783,1.0988529414946215,0.1967452708405021,0.12829291821955938,0.43310764540857427,0.2653641426570677,0.30139768313818427,0.3253266305559549,0.2462402020514568
2021-08-14,Everton,Southampton,1.0,18,40,1.2322910389870891,1.0966741990396547,0.1967452708405021,0.12829291821955938,0.5112339449142487,0.2515221529878806,0.23698934855980797,0.37048301059565625,0.2049228591590718
2021-08-15,Tottenham Hotspur,Manchester City,1.0,44,27,1.5415645047222064,1.8169887709069903,0.1967452708405021,0.12829291821955938,0.2658195882659718,0.2590704762413881,0.47492776714553553,0.22371217604123791,0.34957648126631397
2021-08-15,Newcastle,West Ham United,1.0,31,47,1.1340795140443747,1.1829906249936473,0.1967452708405021,0.12829291821955938,0.3951022290026932,0.26866247270479376,0.33612898145645087,0.3030233878300457,0.2676564479615532
2021-08-21,Leeds United,Everton,2.0,23,18,1.1105814798231617,1.2355163916941196,0.19795388211080384,0.12832516690269044,0.3498792851120862,0.2691599275566277,0.38085821514713725,0.27575004183356894,0.2943146120971192
2021-08-21,Brighton and Hove Albion,Watford,2.0,8,45,1.102376037084016,1.0682263983495952,0.19795388211080384,0.12832516690269044,0.44719603598454294,0.2634524792813782,0.28920623703105136,0.33324481293168234,0.23836218861449915
2021-08-21,Aston Villa,Newcastle,2.0,2,31,1.142055556615487,1.1289442302824013,0.19795388211080384,0.12832516690269044,0.4339738057042055,0.2651683399311757,0.3007260370874535,0.3255555905780618,0.24558442387939772
2021-08-21,Liverpool,Burnley,2.0,25,10,1.6749755823422283,1.1089674658609365,0.19795388211080384,0.12832516690269044,0.7660608137291761,0.15146182446906065,0.0787889428895557,0.5224503979552731,0.0870993383047289
2021-08-21,Manchester City,Norwich City,2.0,27,32,1.8141148253443702,1.0301201531817328,0.19795388211080384,0.12832516690269044,0.85499142107035,0.09484899583454603,0.03747678082867974,0.5875122143428331,0.04806556998988047
2021-08-21,Crystal Palace,Brentford,2.0,16,7,1.1139277848351277,1.117935857743759,0.19795388211080384,0.12832516690269044,0.4232761764210354,0.26635292303551084,0.3102480488427115,0.31931237925298506,0.25150690438680917
2021-08-22,Arsenal,Chelsea,2.0,1,14,1.4286865235034663,1.5058212434672598,0.19795388211080384,0.12832516690269044,0.37837012657259717,0.26922640898357514,0.35230135650087285,0.2928342842861359,0.27721258802154497
2021-08-22,Southampton,Manchester United,2.0,40,28,1.0940508119063743,1.5060885074478236,0.19795388211080384,0.12832516690269044,0.19986602182373678,0.2379651473829113,0.5617501684324249,0.17966968502050917,0.39922547358219784
2021-08-22,Wolverhampton,Tottenham Hotspur,2.0,49,44,1.2303816319871586,1.5444738581780924,0.19795388211080384,0.12832516690269044,0.24636570375702804,0.25412923784804187,0.49927694328992,0.21087780414435095,0.3633174358092207
2021-08-23,West Ham United,Leicester City,2.0,47,24,1.1877679520204951,1.3094501188195145,0.19795388211080384,0.12832516690269044,0.3517929789864326,0.26921341641228874,0.3788914059883508,0.2769057751263136,0.29314457194233107
2021-08-28,Liverpool,Chelsea,3.0,25,14,1.6761659548989505,1.5108415513744406,0.19963730705372912,0.1269927878280024,0.5311533087991218,0.24658894746280524,0.22194896723724566,0.3818624661484913,0.19485151051590138
2021-08-28,Brighton and Hove Albion,Everton,3.0,8,18,1.107169352396374,1.2360594455378717,0.19963730705372912,0.1269927878280024,0.3480172738378326,0.26917971915012917,0.3827003777972336,0.27481899320433756,0.29561215091606685
2021-08-28,Aston Villa,Brentford,3.0,2,7,1.1466607759160048,1.1182364178424262,0.19963730705372912,0.1269927878280024,0.4440601188939446,0.26395482629749045,0.2918436448009104,0.3316381714074934,0.24020107189992843
2021-08-28,Norwich City,Leicester City,3.0,32,24,1.0234234207491435,1.3038491462105668,0.19963730705372912,0.1269927878280024,0.26397340676062797,0.25863164208722356,0.477208927864561,0.2224735188094214,0.35082763874128414
2021-08-28,Manchester City,Arsenal,3.0,27,1,1.8194105315004845,1.4250458382145132,0.19963730705372912,0.1269927878280024,0.6730594990294577,0.1971095947458458,0.12852441091204606,0.4645462147368321,0.12790347039057162
2021-08-28,West Ham United,Crystal Palace,3.0,47,16,1.1948245223476839,1.1140285371821013,0.19963730705372912,0.1269927878280024,0.47721374111365555,0.2586307503721219,0.2639694772935632,0.3508304158515987,0.22247098894158965
2021-08-28,Newcastle,Southampton,3.0,31,40,1.1252597587933257,1.0964338934452096,0.19963730705372912,0.1269927878280024,0.44431280679891955,0.263920578367417,0.2916249347813785,0.33178501425594165,0.24006354572656938
2021-08-29,Wolverhampton,Manchester United,3.0,49,28,1.229631620958251,1.505080279035471,0.19963730705372912,0.1269927878280024,0.2665643029094475,0.2592106404988185,0.47404415087038776,0.2241396247572407,0.34900116349789356
2021-08-29,Burnley,Leeds United,3.0,10,23,1.1090149203127526,1.110868429061546,0.19963730705372912,0.1269927878280024,0.4250892741569972,0.2662376877395973,0.30854915482409634,0.3205831184047946,0.25063766861134884
2021-08-29,Tottenham Hotspur,Watford,3.0,44,45,1.5462255635248703,1.0650521284357368,0.19963730705372912,0.1269927878280024,0.7222656412635214,0.1743216372221643,0.10118741661667963,0.4946152022373389,0.10614207773792916
2021-09-11,Southampton,West Ham United,4.0,40,47,1.0971123480672107,1.1939460825342103,0.19920658552862167,0.12706247893452005,0.3668592404985623,0.26948576304223204,0.36355443625445494,0.28622060324544935,0.2842392862309334
2021-09-11,Leicester City,Manchester City,4.0,24,27,1.3048175767149675,1.8262200345836204,0.19920658552862167,0.12706247893452005,0.15471205619480569,0.21486689579501284,0.6295910773140936,0.1476951210434385,0.43886970669659786
2021-09-11,Watford,Wolverhampton,4.0,45,49,1.0661431784123236,1.2279795021678417,0.19920658552862167,0.12706247893452005,0.3287711713193969,0.2681818635992578,0.4029372357576413,0.26316099673546217,0.30764727277521803
2021-09-11,Brentford,Brighton and Hove Albion,4.0,7,8,1.1190229788979245,1.102293472051104,0.19920658552862167,0.12706247893452005,0.4365599559558454,0.26494696922724814,0.2983593490349718,0.32733826559010903,0.24434133587111176
2021-09-11,Chelsea,Aston Villa,4.0,14,2,1.5120562529094064,1.1458492340325992,0.19920658552862167,0.12706247893452005,0.6562250998955526,0.20425861810592158,0.13842234484946803,0.45457435131431095,0.13551674323742371
2021-09-11,Manchester United,Newcastle,4.0,28,31,1.5062096358005752,1.1243700087174286,0.19920658552862167,0.12706247893452005,0.6655223267571325,0.200358660333642,0.13291307144702733,0.46010790042134647,0.13131587266556452
2021-09-11,Crystal Palace,Tottenham Hotspur,4.0,16,44,1.1150186957862356,1.5450816959048228,0.19920658552862167,0.12706247893452005,0.19218137231346905,0.23469524715814433,0.5726578779751753,0.17453111333225296,0.40580936826388836
2021-09-11,Arsenal,Norwich City,4.0,1,32,1.4172863206387762,1.0223363017083567,0.19920658552862167,0.12706247893452005,0.6732462368938505,0.19704126809712105,0.12840418326072772,0.46472869390944116,0.12784448157337827
2021-09-12,Leeds United,Liverpool,4.0,23,25,1.111535124143308,1.6748137914985335,0.19920658552862167,0.12706247893452005,0.1391859876889842,0.20478624972598505,0.6549483204472675,0.13609560657012926,0.4538167105117467
2021-09-13,Everton,Burnley,4.0,18,10,1.240145984677425,1.1084380306196586,0.19920658552862167,0.12706247893452005,0.5095233304627197,0.2519191719992862,0.23830705911007596,0.3694995144819479,0.20579338736365835
2021-09-17,Newcastle,Leeds United,5.0,31,23,1.1214294652753438,1.106805850218367,0.20003754845305416,0.12607288512094272,0.4354326026628307,0.265168945134879,0.2992662448415134,0.326930814550228,0.24512136835002857
2021-09-18,Aston Villa,Everton,5.0,2,18,1.141509232616413,1.244482416507308,0.20003754845305416,0.12607288512094272,0.3633996612674544,0.2695762723442664,0.3669239014032953,0.2843785435335444,0.2864924117375634
2021-09-18,Manchester City,Southampton,5.0,27,40,1.8277711389345728,1.0984435198114408,0.20003754845305416,0.12607288512094272,0.8367511957027304,0.10820002987708295,0.045658749302453026,0.5732332535847208,0.05651587943168469
2021-09-18,Wolverhampton,Brentford,5.0,49,7,1.2340128613230716,1.1151510483358218,0.20003754845305416,0.12607288512094272,0.5014986470945259,0.2538032677316631,0.2444666462371508,0.3651460709274575,0.21003991884827783
2021-09-18,Norwich City,Watford,5.0,32,45,1.0228142351006753,1.0632195993841527,0.20003754845305416,0.12607288512094272,0.40126984145182365,0.2683804797294913,0.3302411451697154,0.30690615426973983,0.264283456432339
2021-09-18,Burnley,Arsenal,5.0,10,1,1.1068901924890169,1.4181354083272741,0.20003754845305416,0.12607288512094272,0.24830336713155687,0.25486107793651325,0.49661445445815733,0.21255383399974095,0.3623350340332344
2021-09-18,Liverpool,Crystal Palace,5.0,25,16,1.6798876604667716,1.1243266268365169,0.20003754845305416,0.12607288512094272,0.7611423767109324,0.15423362410753363,0.08115988231720754,0.5197996520869322,0.08937330308667897
2021-09-19,Brighton and Hove Albion,Leicester City,5.0,8,24,1.1069765759999635,1.3064689877892386,0.20003754845305416,0.12607288512094272,0.3076737444737711,0.2662529511141532,0.42594928691234557,0.25036427383543525,0.3213956532071626
2021-09-19,Tottenham Hotspur,Chelsea,5.0,44,14,1.5389115510419598,1.5172879716174617,0.20003754845305416,0.12607288512094272,0.4398237119587069,0.2646183859792622,0.2954214556336224,0.3294884058430408,0.24271264647756496
2021-09-19,West Ham United,Manchester United,5.0,47,28,1.1953809044173294,1.5111838014474948,0.20003754845305416,0.12607288512094272,0.24601504751505923,0.25423527501283555,0.49952248992955817,0.21105563194087712,0.36400887632784273
2021-09-25,Leicester City,Burnley,6.0,24,10,1.3028827771457032,1.1049323139933915,0.19887904123273642,0.12651483232120872,0.5515581470316196,0.24111193548119506,0.20695403795103107,0.3939914745419548,0.18495023641560512
2021-09-25,Manchester United,Aston Villa,6.0,28,2,1.5113397121035672,1.1491020354946615,0.19887904123273642,0.12651483232120872,0.6536062047982495,0.20540448374563955,0.1399280186666719,0.45336416393908036,0.13683205571529125
2021-09-25,Chelsea,Manchester City,6.0,14,27,1.5231522730182006,1.8225832715340018,0.19887904123273642,0.12651483232120872,0.2539884922492741,0.25637446880753806,0.48943029514719294,0.21630838847918887,0.3582596470963737
2021-09-25,Everton,Norwich City,6.0,18,32,1.23734587935346,1.0175961871752266,0.19887904123273642,0.12651483232120872,0.5653967285665632,0.23701994913331864,0.19715190414256298,0.4019587623127914,0.17819777468292877
2021-09-25,Brentford,Liverpool,6.0,7,25,1.1218868138562663,1.681432612179959,0.19887904123273642,0.12651483232120872,0.14049337425350458,0.20579102869586885,0.652664680435808,0.13725992432390025,0.4528061478002887
2021-09-25,Leeds United,West Ham United,6.0,23,47,1.1077810411296405,1.193478546323209,0.19887904123273642,0.12651483232120872,0.37337631450388503,0.26953714701669984,0.356986048483707,0.29040888718184543,0.28057654241547714
2021-09-25,Watford,Newcastle,6.0,45,31,1.066856494669679,1.119797291852013,0.19887904123273642,0.12651483232120872,0.3932237301437217,0.2688711261164884,0.33780001907366103,0.30220953108708104,0.26895314722469316
2021-09-26,Arsenal,Tottenham Hotspur,6.0,1,44,1.4182849815299516,1.5314487083979431,0.19887904123273642,0.12651483232120872,0.35699658570988463,0.2695373122911684,0.373365613144295,0.28058289115271856,0.2904024945121535
2021-09-26,Southampton,Wolverhampton,6.0,40,49,1.1022327223146358,1.2263107096199262,0.19887904123273642,0.12651483232120872,0.3505600475715249,0.26939587380200064,0.37994261164304177,0.27669788739831336,0.29432510421660923
2021-09-27,Crystal Palace,Brighton and Hove Albion,6.0,16,8,1.1208155018003576,1.1090304577795003,0.19887904123273642,0.12651483232120872,0.43327591139200544,0.26544821920647,0.3011457466101842,0.3257329515270257,0.24634734459607655
2021-10-02,Manchester United,Everton,7.0,28,18,1.506493122588291,1.2394010364938304,0.19840966645942038,0.12693904098082515,0.5951100323421947,0.22740249768124277,0.17690513188931248,0.41903369050576994,0.16391607768844887
2021-10-02,Burnley,Norwich City,7.0,10,32,1.1060709778064204,1.0147810317646222,0.19840966645942038,0.12693904098082515,0.48340784823232635,0.2575457230785158,0.2588505120406256,0.35470285286085235,0.21939807435894598
2021-10-02,Chelsea,Southampton,7.0,14,40,1.5217622917801379,1.0998751042782258,0.19840966645942038,0.12693904098082515,0.688551900825814,0.19030290415698375,0.119608494551253,0.474209123689944,0.12109769069577116
2021-10-02,Leeds United,Watford,7.0,23,45,1.1053261554754492,1.0663204046192647,0.19840966645942038,0.12693904098082515,0.4502573113408,0.263181535116975,0.2864134019623626,0.3355299909794734,0.23702171863053736
2021-10-02,Wolverhampton,Newcastle,7.0,49,31,1.228621205587866,1.119620359089654,0.19840966645942038,0.12693904098082515,0.49469526332912894,0.25526065390744057,0.24982683119581736,0.3612064208609845,0.2135316711156863
2021-10-02,Brighton and Hove Albion,Arsenal,7.0,8,1,1.1093193828198147,1.422009149595735,0.19840966645942038,0.12693904098082515,0.24716874792023044,0.25454390587343123,0.4980631764528796,0.21179378541617333,0.36314525120316404
2021-10-03,Tottenham Hotspur,Aston Villa,7.0,44,2,1.5269163938120902,1.1545465843641387,0.19840966645942038,0.12693904098082515,0.6595566517107208,0.20292017356265712,0.13639285665066808,0.4568059197460074,0.13410055582142089
2021-10-03,Liverpool,Manchester City,7.0,25,27,1.6785732460173985,1.8228484076400528,0.19840966645942038,0.12693904098082515,0.3386403513429707,0.26888517134176965,0.3923695249133449,0.2693906724006857,0.3016247395095802
2021-10-03,West Ham United,Brentford,7.0,47,7,1.1951685291798304,1.124911548347197,0.19840966645942038,0.12693904098082515,0.4700349403304441,0.2600154113583918,0.26977559618476593,0.3469835114312614,0.22643465784839967
2021-10-03,Crystal Palace,Leicester City,7.0,16,24,1.119831422106767,1.3008724137453607,0.19840966645942038,0.12693904098082515,0.317579443240331,0.2673157000796291,0.41498868910083925,0.25648061468786726,0.314954422939693
2021-10-16,Southampton,Leeds United,8.0,40,23,1.0977359515518308,1.1071242456058439,0.19845457422039314,0.12668817190332826,0.4199311699165499,0.2668914880137111,0.31305799049727134,0.31794970337427125,0.25377168780298165
2021-10-16,Leicester City,Manchester United,8.0,24,28,1.299688281776827,1.5038589231138164,0.19845457422039314,0.12668817190332826,0.30462235224381895,0.26590750147141884,0.4293434818124373,0.24853109220228295,0.3234547653436517
2021-10-16,Manchester City,Burnley,8.0,27,10,1.8222025737580634,1.1042710500013257,0.19845457422039314,0.12668817190332826,0.8322348535753906,0.11131215914753151,0.04768688097720971,0.5698152407278542,0.05854683139051549
2021-10-16,Brentford,Chelsea,8.0,7,14,1.1287166666608268,1.5223473924197983,0.19845457422039314,0.12668817190332826,0.20831834694385404,0.24166110396331913,0.5496517750246197,0.18589553357576447,0.39291292905863645
2021-10-16,Norwich City,Brighton and Hove Albion,8.0,32,8,1.0161082222857059,1.1098743562352487,0.19845457422039314,0.12668817190332826,0.36840832415198005,0.2695970390387313,0.36189454443217833,0.28745329224720634,0.2835456998671181
2021-10-16,Aston Villa,Wolverhampton,8.0,2,49,1.1550727466497028,1.2293976325313003,0.19845457422039314,0.12668817190332826,0.38009872616684937,0.26939761911021964,0.3504021843739836,0.2944340878632451,0.2766179129814116
2021-10-16,Watford,Liverpool,8.0,45,25,1.064503870326802,1.6782251762612896,0.19845457422039314,0.12668817190332826,0.12177088465633686,0.192055289615057,0.6847005060537905,0.12284950621197989,0.4719883047544243
2021-10-17,Everton,West Ham United,8.0,18,47,1.2405635111388158,1.191410989900676,0.19845457422039314,0.12668817190332826,0.45664930099372747,0.2622551828106474,0.28094020375089646,0.3393380994422963,0.2336375836862363
2021-10-17,Newcastle,Tottenham Hotspur,8.0,31,44,1.1176372011297686,1.525730851680453,0.19845457422039314,0.12668817190332826,0.2017600497168282,0.2389927156344377,0.5588432018324938,0.18139443556672077,0.3982024290596062
2021-10-18,Arsenal,Crystal Palace,8.0,1,16,1.4202115501251042,1.1194571499369275,0.19845457422039314,0.12668817190332826,0.6160214519640763,0.22002498650220847,0.16323380305207016,0.43129699815536743,0.15413510902880448
2021-10-22,Arsenal,Aston Villa,9.0,1,2,1.4188159693156537,1.1525822873449219,0.1972699946147334,0.12755658395744437,0.5942249693651096,0.22769889731694287,0.17749886870213838,0.4184981890263726,0.16432552423571198
2021-10-23,Southampton,Burnley,9.0,40,10,1.1002490883876332,1.105747672038387,0.1972699946147334,0.12755658395744437,0.422012268058922,0.2666453974843582,0.3112212664594947,0.3190498675370098,0.25252908087590165
2021-10-23,Brighton and Hove Albion,Manchester City,9.0,8,27,1.1108519195455515,1.8224581215837292,0.1972699946147334,0.12755658395744437,0.09223625006676299,0.16579731848403317,0.7392777999700243,0.09882258479202997,0.5056389491338009
2021-10-23,Crystal Palace,Newcastle,9.0,16,31,1.1224872340765928,1.1180339148383824,0.1972699946147334,0.12755658395744437,0.4282163249596442,0.26599227652918156,0.3056654642576076,0.32267724765136885,0.24907746889532828
2021-10-23,Everton,Watford,9.0,18,45,1.2385055989145728,1.0577773823714618,0.1972699946147334,0.12755658395744437,0.5401208081010198,0.24427948826775298,0.2152635966276272,0.3873035962260089,0.1905363911697679
2021-10-23,Chelsea,Norwich City,9.0,14,32,1.523613948577692,1.0158318958715795,0.1972699946147334,0.12755658395744437,0.7358124608070888,0.16757300713268222,0.09402972297824458,0.5034379829883419,0.10032808437450605
2021-10-23,Leeds United,Wolverhampton,9.0,23,49,1.1051105944764448,1.2328211576870483,0.1972699946147334,0.12755658395744437,0.3479720316338609,0.26927780903011367,0.38264796727417616,0.27503762045690494,0.2958370318700588
2021-10-24,Brentford,Leicester City,9.0,7,24,1.1276157491060337,1.3051540725073005,0.1972699946147334,0.12755658395744437,0.3192416441804821,0.26746632071173365,0.41317697930057956,0.25748785276141495,0.3138707493202101
2021-10-24,West Ham United,Tottenham Hotspur,9.0,47,44,1.1950883638082654,1.5268096939633136,0.1972699946147334,0.12755658395744437,0.23742938264720068,0.25173471302988726,0.510583542723642,0.2053703553503151,0.3703259933315687
2021-10-24,Manchester United,Liverpool,9.0,28,25,1.5000261259868686,1.6857121961701702,0.1972699946147334,0.12755658395744437,0.3146397594721973,0.2670127342389583,0.4182291428294498,0.2546460407936097,0.316834229875304
2021-10-30,Newcastle,Chelsea,10.0,31,14,1.1199551060902022,1.5351253800450095,0.1964256337434952,0.1291877348837243,0.19812665034450333,0.23720414866782077,0.5642398125799732,0.17843927132019047,0.40061263515054757
2021-10-30,Tottenham Hotspur,Manchester United,10.0,44,28,1.5246953313545792,1.4914046819891373,0.1964256337434952,0.1291877348837243,0.44618534700595247,0.2635791722847926,0.2900912722963076,0.3326149390797891,0.23888343176141486
2021-10-30,Burnley,Brentford,10.0,10,7,1.1077096037975793,1.12501918228253,0.1964256337434952,0.1291877348837243,0.41454393654340016,0.2671666724304181,0.31817259231517986,0.31415781790824376,0.2563675221640529
2021-10-30,Liverpool,Brighton and Hove Albion,10.0,25,8,1.6953287748288066,1.1088088677054286,0.1964256337434952,0.1291877348837243,0.7756933137149002,0.14608095570287036,0.07408081794987527,0.528811516655394,0.08294078992523862
2021-10-30,Watford,Southampton,10.0,45,40,1.06592235946129,1.1013413292242142,0.1964256337434952,0.1291877348837243,0.40335573097934163,0.26804162113519614,0.32849219367738774,0.3075839781774075,0.2627059312792324
2021-10-30,Leicester City,Arsenal,10.0,24,1,1.3079219421360258,1.4220094580225697,0.1964256337434952,0.1291877348837243,0.3558312398835283,0.26928691255402626,0.3747802009571309,0.2793010865430876,0.2906550006595057
2021-10-30,Manchester City,Crystal Palace,10.0,27,16,1.8253734138766857,1.123619513371885,0.1964256337434952,0.1291877348837243,0.8259229632601536,0.11546665605858036,0.050581547818642214,0.5643181162939326,0.061194299734890115
2021-10-31,Aston Villa,West Ham United,10.0,2,47,1.1499058260916997,1.199640716874081,0.1964256337434952,0.1291877348837243,0.39457056106009897,0.2685784397977287,0.3367443734615536,0.3024017881023032,0.2677440365942722
2021-10-31,Norwich City,Leeds United,10.0,32,23,1.0024280151128822,1.1049258366485342,0.1964256337434952,0.1291877348837243,0.36270888623047576,0.2693659082912347,0.3678241088941843,0.28343504604635755,0.28649991470771863
2021-11-01,Wolverhampton,Everton,10.0,49,18,1.2333276110383886,1.2321647255518147,0.1964256337434952,0.1291877348837243,0.4260352650867893,0.2660505898414015,0.3077890624888721,0.3208822591881239,0.249944461466736
2021-11-05,Southampton,Aston Villa,11.0,40,2,1.1048779689174846,1.1422935231211984,0.19287296325411066,0.13177062112046461,0.40111472026714823,0.2680684984376605,0.33070682804348583,0.3059245359247275,0.2637478273750886
2021-11-06,Crystal Palace,Wolverhampton,11.0,16,49,1.1332458216040877,1.2359571696042353,0.19287296325411066,0.13177062112046461,0.3615865217383883,0.2692312791081599,0.36908048865094767,0.2824362736869461,0.2869234476881964
2021-11-06,Manchester United,Manchester City,11.0,28,27,1.49896578241309,1.818760479430154,0.19287296325411066,0.13177062112046461,0.2422591088667315,0.25282095637323465,0.5046788083429484,0.20788304842197244,0.366011249954654
2021-11-06,Brighton and Hove Albion,Newcastle,11.0,8,31,1.1144664415395658,1.1159469457788243,0.19287296325411066,0.13177062112046461,0.42336843008693614,0.2662095351907643,0.31029842669634394,0.3189776519554051,0.2511972256198579
2021-11-06,Brentford,Norwich City,11.0,7,32,1.1201884661787744,0.999593994302469,0.19287296325411066,0.13177062112046461,0.5006361408806314,0.25371476745918525,0.24541695437077957,0.3636876434318702,0.20995273977829718
2021-11-06,Chelsea,Burnley,11.0,14,10,1.5403930847662546,1.1126362904354197,0.19287296325411066,0.13177062112046461,0.6907653495797769,0.18912833372546484,0.11851990756959653,0.47455195238353476,0.11978115314605675
2021-11-07,Arsenal,Watford,11.0,1,45,1.4270015796099167,1.0642099648214862,0.19287296325411066,0.13177062112046461,0.6525983312207806,0.20560972414018489,0.1407318915854188,0.4516799241662074,0.13688549061990152
2021-11-07,Leeds United,Leicester City,11.0,23,24,1.107014455506886,1.3051649386615183,0.19287296325411066,0.13177062112046461,0.30652203816970064,0.2657646705422265,0.4275863267144692,0.24885535863250297,0.32144026747866317
2021-11-07,West Ham United,Liverpool,11.0,47,25,1.2070622896618128,1.692964117960031,0.19287296325411066,0.13177062112046461,0.1673747751307407,0.2219900699083274,0.6099517777704075,0.15651404321739265,0.4266664777383318
2021-11-07,Everton,Tottenham Hotspur,11.0,18,44,1.2317847812394302,1.5191947296967616,0.19287296325411066,0.13177062112046461,0.25864431491056467,0.2571503201213962,0.48400617240161603,0.2185526618448601,0.3541193235020219
2021-11-20,Liverpool,Arsenal,12.0,25,1,1.690049742676671,1.4271933345569117,0.1931530420955674,0.13110213007237265,0.5910975608957757,0.22859511181466702,0.17974425561436455,0.41598103592900915,0.16549914682471387
2021-11-20,Watford,Manchester United,12.0,45,28,1.0649078703412371,1.4967156045439465,0.1931530420955674,0.13110213007237265,0.1900875739106175,0.2335720339150322,0.5758574313661816,0.1727726206785819,0.40717685501308104
2021-11-20,Wolverhampton,West Ham United,12.0,49,47,1.2308887609713028,1.211558854946426,0.1931530420955674,0.13110213007237265,0.4364119519869287,0.2648178913010731,0.29863576086932825,0.3268120865974411,0.24413935997585312
2021-11-20,Aston Villa,Brighton and Hove Albion,12.0,2,8,1.1402683484134477,1.1143064514243493,0.1931530420955674,0.13110213007237265,0.4405770383405524,0.2642913217022977,0.2949931421639234,0.32923505747554427,0.2418597703962329
2021-11-20,Newcastle,Brentford,12.0,31,7,1.1168861425794125,1.1165745887500789,0.1931530420955674,0.13110213007237265,0.4245144344050582,0.26616962730443583,0.3091918461730318,0.3198742415769752,0.2507103661971801
2021-11-20,Leicester City,Chelsea,12.0,24,14,1.3052198653763398,1.5383994368439273,0.1931530420955674,0.13110213007237265,0.2873356351135369,0.2630811425349881,0.44943510652166185,0.23704644324513166,0.334378931049289
2021-11-20,Burnley,Crystal Palace,12.0,10,16,1.1158103633738432,1.1376954808324569,0.1931530420955674,0.13110213007237265,0.4107260775770073,0.2674471627163305,0.32171211206480244,0.31179959364857535,0.2584399308495793
2021-11-20,Norwich City,Southampton,12.0,32,40,1.0032994262232486,1.107018614826963,0.1931530420955674,0.13110213007237265,0.36102997331932934,0.2693108864299704,0.36955777250430055,0.28231523906174816,0.28742366440699024
2021-11-21,Manchester City,Everton,12.0,27,18,1.822157657664414,1.2332702697727518,0.1931530420955674,0.13110213007237265,0.7760992846415175,0.14583395965487783,0.07389726129946078,0.5289501040659095,0.08273253786294492
2021-11-21,Tottenham Hotspur,Leeds United,12.0,44,23,1.5189173510424072,1.1075649227092002,0.1931530420955674,0.13110213007237265,0.6812649766821126,0.19343661201253146,0.12386812942331762,0.46906001762682803,0.12408966528470217
2021-11-27,Norwich City,Wolverhampton,13.0,32,49,1.006052242049764,1.2316265877754753,0.1947412852213061,0.13129178197613856,0.2919343466629697,0.26366140429189766,0.4442610762784192,0.2395805865331772,0.3309459146346162
2021-11-27,Liverpool,Southampton,13.0,25,40,1.6938715236161488,1.103871047987497,0.1947412852213061,0.13129178197613856,0.7772071859636229,0.1451447952530346,0.07340735074875358,0.5292212584114723,0.0821377575507888
2021-11-27,Brighton and Hove Albion,Leeds United,13.0,8,23,1.1089789016105487,1.1083806711219422,0.1947412852213061,0.13129178197613856,0.42529859239154616,0.26594234758453994,0.30863359803437956,0.31990917023179904,0.24999457751985077
2021-11-27,Crystal Palace,Aston Villa,13.0,16,2,1.1368576807255715,1.1438165657328658,0.1947412852213061,0.13129178197613856,0.4205874580268078,0.26641934808017254,0.3128713186649351,0.3171571042147689,0.2526170476756088
2021-11-27,Arsenal,Newcastle,13.0,1,31,1.4195691567799926,1.115012906066335,0.1947412852213061,0.13129178197613856,0.617761397934933,0.21910601298282106,0.16239105183736616,0.4309970409267827,0.1527854907795622
2021-11-28,Chelsea,Manchester United,13.0,14,28,1.5418972876682526,1.4875526354304909,0.1947412852213061,0.13129178197613856,0.4591147002173691,0.2614822208106358,0.27924209497177355,0.339551961627801,0.23157425301360618
2021-11-28,Leicester City,Watford,13.0,24,45,1.2983723727803442,1.071744340486221,0.1947412852213061,0.13129178197613856,0.5689288466196007,0.23562688704796506,0.1949916041603272,0.4027195779610617,0.1758934795440844
2021-11-28,Manchester City,West Ham United,13.0,27,47,1.8222361803058387,1.2088906117233837,0.1947412852213061,0.13129178197613856,0.7881639180037787,0.13883458886509734,0.0681428447928565,0.5366634876232521,0.07742918246365439
2021-11-28,Brentford,Everton,13.0,7,18,1.117756321856406,1.2297595972739668,0.1947412852213061,0.13129178197613856,0.35665918356369586,0.26910021067990897,0.3741381604773179,0.27929380998571784,0.2897560445214889
2021-11-30,Newcastle,Norwich City,14.0,31,32,1.1121603278757102,1.0069984739091191,0.19530826418924604,0.13049551649256863,0.49155106231644236,0.2556477817611735,0.2525878557909314,0.3584886291040902,0.21464818458392218
2021-11-30,Leeds United,Crystal Palace,14.0,23,16,1.10915003972849,1.1338458131573041,0.19530826418924604,0.13049551649256863,0.4097030401432016,0.2674583805722783,0.3227241884537705,0.3109991415970332,0.25888122740081476
2021-12-01,Southampton,Leicester City,14.0,40,24,1.0989549405744579,1.3002389291553937,0.19530826418924604,0.13049551649256863,0.3054525442463094,0.2656422814835607,0.4287772606065247,0.24821244362194422,0.32215977731676204
2021-12-01,Wolverhampton,Burnley,14.0,49,10,1.2304621538904363,1.1135633220369079,0.19530826418924604,0.13049551649256863,0.4990446490442724,0.25406796271512316,0.24665874911363972,0.3627987831680691,0.2107841719772002
2021-12-01,Watford,Chelsea,14.0,45,14,1.0690385036814734,1.540765932958117,0.19530826418924604,0.13049551649256863,0.17364372032187206,0.2253834420759679,0.6003531397362255,0.1610279429060725,0.4211189339813679
2021-12-01,Everton,Liverpool,14.0,18,25,1.227092068917742,1.6974213541768082,0.19530826418924604,0.13049551649256863,0.17421997476825993,0.2256861809263555,0.5994796114682484,0.16143931953987828,0.4206123593995336
2021-12-01,West Ham United,Brighton and Hove Albion,14.0,47,8,1.2102071275012365,1.1078813696269243,0.19530826418924604,0.13049551649256863,0.4897414048758155,0.2560174209430608,0.2540313861314902,0.3574472191563051,0.21558557425537264
2021-12-01,Aston Villa,Manchester City,14.0,2,27,1.1468302640132793,1.8202367863886815,0.19530826418924604,0.13049551649256863,0.10265379383262793,0.1754894846884196,0.719683426873524,0.10707316819391374,0.4923554949971014
2021-12-02,Manchester United,Arsenal,14.0,28,1,1.4878775666027317,1.4210626484744269,0.19530826418924604,0.13049551649256863,0.46713542236173256,0.2602375920171389,0.2724553042743939,0.3444151438152716,0.2274397906340914
2021-12-02,Tottenham Hotspur,Brentford,14.0,44,7,1.5161738118324233,1.1204174428739249,0.19530826418924604,0.13049551649256863,0.6728839077225559,0.19706897947692567,0.12873599712243936,0.4637932919250719,0.12775480444958756
2021-12-04,Southampton,Brighton and Hove Albion,15.0,40,8,1.0993697039911732,1.1089073482416225,0.1951585487024538,0.13056857550513004,0.4190566713567596,0.26664307698694045,0.3141798602134585,0.31648202468393694,0.25362011811155877
2021-12-04,Newcastle,Burnley,15.0,31,10,1.1107987521586082,1.1144913628023168,0.1951585487024538,0.13056857550513004,0.42269537987962513,0.2662866177686899,0.3108949515431278,0.31860980511239245,0.25158890559045666
2021-12-04,Wolverhampton,Liverpool,15.0,49,25,1.228947613622246,1.7009503865453197,0.1951585487024538,0.13056857550513004,0.1734996033834242,0.2253078014847275,0.6005715280673518,0.16092550609518,0.4212464571972369
2021-12-04,Watford,Manchester City,15.0,45,27,1.0688802956619803,1.8190657789325715,0.1951585487024538,0.13056857550513004,0.08180299999281285,0.15467943221228234,0.7600722040829999,0.08957143479849568,0.5181063046826556
2021-12-04,West Ham United,Chelsea,15.0,47,14,1.2089938277427794,1.5406711859041018,0.1951585487024538,0.13056857550513004,0.23694764624646553,0.2512614412656145,0.5115336720573693,0.20440631371020504,0.3699768350405202
2021-12-05,Leeds United,Brentford,15.0,23,7,1.1111513543100344,1.118955234137444,0.1951585487024538,0.13056857550513004,0.42013520655160563,0.2665396902215236,0.3132039427422871,0.31711298578018005,0.25301715279720494
2021-12-05,Tottenham Hotspur,Norwich City,15.0,44,32,1.5173394541661016,1.008248158507673,0.1951585487024538,0.13056857550513004,0.7363551943898544,0.1671562743358328,0.09386913131924225,0.5028342970858618,0.09981904996310728
2021-12-05,Manchester United,Crystal Palace,15.0,28,16,1.4888670176457952,1.132104319549097,0.1951585487024538,0.13056857550513004,0.6496493843271623,0.2068172215823057,0.14250563685686485,0.44996317078428916,0.13823495550784187
2021-12-05,Aston Villa,Leicester City,15.0,2,24,1.148060326034301,1.2995347581939636,0.1951585487024538,0.13056857550513004,0.333657598346813,0.2682729886316677,0.3979609028662122,0.26557162468916407,0.30409051491671774
2021-12-06,Everton,Arsenal,15.0,18,1,1.22289784701399,1.4197800256040702,0.1951585487024538,0.13056857550513004,0.3078643105427611,0.2659362661401107,0.42607373709131735,0.24971071040280282,0.3205830329127781
2021-12-10,Brentford,Watford,16.0,7,45,1.1192900195826536,1.0684344956888727,0.196291396229585,0.1299957214449459,0.45732886133034795,0.2618354934865585,0.2806774697400014,0.3387488556235989,0.23267090703148616
2021-12-11,Manchester City,Wolverhampton,16.0,27,49,1.8196950235571265,1.2290105995579803,0.196291396229585,0.1299957214449459,0.7778004147710723,0.14484049806696303,0.07309508648446822,0.529870951319802,0.08194533012747972
2021-12-11,Arsenal,Southampton,16.0,1,40,1.4173859348573081,1.099064374026005,0.196291396229585,0.1299957214449459,0.6266156992344303,0.2158532284408016,0.15672097319144362,0.43641897667062246,0.14878633976455283
2021-12-11,Chelsea,Leeds United,16.0,14,23,1.537712952185241,1.1106225215956065,0.196291396229585,0.1299957214449459,0.6913495910306457,0.18886807177636333,0.11818635964327075,0.4749386211106849,0.11953290758499592
2021-12-11,Norwich City,Manchester United,16.0,32,28,1.004921568077228,1.4886007914702848,0.196291396229585,0.1299957214449459,0.16896406913912068,0.22287441254994245,0.6074952130406281,0.15767637078108604,0.42526949277841053
2021-12-11,Liverpool,Aston Villa,16.0,25,2,1.7011352752349338,1.150835570333081,0.196291396229585,0.1299957214449459,0.7579776948485467,0.15581240196965643,0.08284858524180219,0.516740937384266,0.09047466740794011
2021-12-12,Crystal Palace,Everton,16.0,16,18,1.1326015158149207,1.2255105858345146,0.196291396229585,0.1299957214449459,0.3684532349229287,0.2692457039909855,0.3621994249213086,0.28657521632475946,0.2828304167835615
2021-12-12,Leicester City,Newcastle,16.0,24,31,1.2973736699551897,1.112789065620186,0.196291396229585,0.1299957214449459,0.5425963967571515,0.2433661046698324,0.21368979362695573,0.3878195322862249,0.1888597811568653
2021-12-12,Burnley,West Ham United,16.0,10,47,1.1130457078233318,1.212317186698522,0.196291396229585,0.1299957214449459,0.36464970332713503,0.26925455087712613,0.36599417145011287,0.2842990956523734,0.2851041643810651
2021-12-14,Manchester City,Leeds United,17.0,27,23,1.8179263977694269,1.1117120223437797,0.197462437871454,0.1289855157602747,0.8278987364547038,0.11413501205791844,0.04969555217129122,0.5656628680733605,0.06029336114773147
2021-12-14,Norwich City,Aston Villa,17.0,32,2,1.005005944539846,1.1526725633758519,0.197462437871454,0.1289855157602747,0.33649917144604735,0.26851330493290165,0.39488055888966334,0.26747113120823895,0.30245277348666516
2021-12-15,Crystal Palace,Southampton,17.0,16,40,1.1362474593034633,1.0949405794483362,0.197462437871454,0.1289855157602747,0.45160816177547514,0.2627602870695174,0.2854808509395456,0.3356222885526317,0.23586234520475105
2021-12-15,Brighton and Hove Albion,Wolverhampton,17.0,8,49,1.1092181639134753,1.2309903367027493,0.197462437871454,0.1289855157602747,0.3516247287152403,0.2691426266381893,0.37913011704048166,0.27663900339691505,0.29311610304611013
2021-12-15,Arsenal,West Ham United,17.0,1,47,1.420974103550392,1.21200640440418,0.197462437871454,0.1289855157602747,0.5584184573733134,0.23890748381140148,0.20226825555636838,0.3971135987991938,0.18119818931239193
2021-12-16,Liverpool,Newcastle,17.0,25,31,1.6996797697806656,1.1048197584944908,0.197462437871454,0.1289855157602747,0.7799789233602824,0.14362512746281653,0.07202249192825912,0.5315442921627898,0.08105924730905092
2021-12-16,Chelsea,Everton,17.0,14,18,1.536825455944825,1.2213159698725626,0.197462437871454,0.1289855157602747,0.6251639518106251,0.21644399633951544,0.1575953974836869,0.43577336959161045,0.14953879242684068
2021-12-18,Leeds United,Arsenal,18.0,23,1,1.1004601479188751,1.4246742829420707,0.19786526758289227,0.1287348709210187,0.24129802580604598,0.2526334714856073,0.5058254361230966,0.20743144103685293,0.36691629956812016
2021-12-19,Tottenham Hotspur,Liverpool,18.0,44,25,1.521212235442763,1.7010484486693924,0.19786526758289227,0.1287348709210187,0.31818632162110033,0.2671241982099059,0.4145724674463769,0.2562742418545834,0.3140607966941347
2021-12-19,Wolverhampton,Chelsea,18.0,49,14,1.234406850680356,1.5360054168789312,0.19786526758289227,0.1287348709210187,0.2526563849004083,0.2557462174155191,0.49138497092982286,0.21485703379519644,0.35861103760963486
2021-12-19,Newcastle,Manchester City,18.0,31,27,1.1057954886950894,1.827393012231326,0.19786526758289227,0.1287348709210187,0.08955821199098574,0.16290481402375911,0.7446622319793864,0.09628668396356288,0.5083627032396167
2021-12-26,West Ham United,Southampton,19.0,47,40,1.211543113753229,1.0975449093185798,0.19699393781980729,0.12924485772860325,0.49766965614183506,0.2544175527146532,0.24768755060526254,0.3621932685036658,0.21159384287582042
2021-12-26,Aston Villa,Chelsea,19.0,2,14,1.1575662494591135,1.5355320301190611,0.19699393781980729,0.12924485772860325,0.21520962113358116,0.24400162976184267,0.5404489772650656,0.19001359611520957,0.3867716430069264
2021-12-26,Tottenham Hotspur,Crystal Palace,19.0,44,16,1.5221138172764062,1.1375345510179768,0.19699393781980729,0.12924485772860325,0.6667108807607801,0.19975713091254718,0.13230551858058825,0.4602971569967571,0.13059458957111159
2021-12-26,Brighton and Hove Albion,Brentford,19.0,8,7,1.1089580854430858,1.1199178862482326,0.19699393781980729,0.12924485772860325,0.4186990093651028,0.26673740166158627,0.31444375171649014,0.31644636678736576,0.25393696014169087
2021-12-26,Manchester City,Leicester City,19.0,27,24,1.8318256699205226,1.3054802964240524,0.19699393781980729,0.12924485772860325,0.7458101931217381,0.16230031141870455,0.08897578727342105,0.5090628260933313,0.09578000956776644
2021-12-26,Norwich City,Arsenal,19.0,32,1,1.0005019972730915,1.4298955053176676,0.19699393781980729,0.12924485772860325,0.19197533948240386,0.23442548939645644,0.5731291071162288,0.17407043874317157,0.40557369066324056
2021-12-27,Newcastle,Manchester United,19.0,31,28,1.1009709250221125,1.4901826467545012,0.19699393781980729,0.12924485772860325,0.20999984025087595,0.2420182375051023,0.5476172811346439,0.1864783541418531,0.39089078968805085
2021-12-28,Watford,West Ham United,20.0,45,47,1.069486091095127,1.2102881846482616,0.1964479268602717,0.13048768992514265,0.3402532532862638,0.2685521045588639,0.3910883428025552,0.2693636150821921,0.29979648359418204
2021-12-28,Leicester City,Liverpool,20.0,24,25,1.3044795694925118,1.7023431151874946,0.1964479268602717,0.13048768992514265,0.20590894871795845,0.2402357301692848,0.5534671346779827,0.1833901095366991,0.39380039240530756
2021-12-28,Southampton,Tottenham Hotspur,20.0,40,44,1.102376601806215,1.5267343617341929,0.1964479268602717,0.13048768992514265,0.19405031868805983,0.23520051297783687,0.5702901969303158,0.17522631899958485,0.4034805706862607
2021-12-28,Crystal Palace,Norwich City,20.0,16,32,1.1360318032304926,0.9905824150227908,0.1964479268602717,0.13048768992514265,0.5177432680901792,0.2497146186611482,0.23226833457473647,0.37328455224522883,0.2011259492467228
2021-12-29,Brentford,Manchester City,20.0,7,27,1.1148996936393103,1.8351348255952478,0.1964479268602717,0.13048768992514265,0.0896834576902828,0.1628969750573198,0.7445380957075651,0.09619872278650633,0.5077776415806793
2021-12-29,Chelsea,Brighton and Hove Albion,20.0,14,8,1.5391936883215218,1.1149000173109904,0.1964479268602717,0.13048768992514265,0.6899090793002114,0.1894751784525396,0.11904072046762303,0.4737876069216689,0.1200790213864122
2021-12-30,Manchester United,Burnley,20.0,28,10,1.4901454638058118,1.1163625166073223,0.1964479268602717,0.13048768992514265,0.6603423115099046,0.20235891549065294,0.13614704015310383,0.45603276770391626,0.13329347439350367
2022-01-01,Crystal Palace,West Ham United,21.0,16,47,1.1411590639350089,1.2164260051111744,0.19689594323414428,0.13017823751905208,0.37929344821465694,0.26899661723502555,0.35160674649209445,0.2928392561194694,0.27626590035437415
2022-01-01,Watford,Tottenham Hotspur,21.0,45,44,1.064250713936939,1.5257937826304941,0.19689594323414428,0.13017823751905208,0.17818980484273395,0.2276574605574102,0.5935729098700037,0.16412938815052364,0.41696367773810233
2022-01-01,Arsenal,Manchester City,21.0,1,27,1.4398809284595389,1.8346722245125142,0.19689594323414428,0.13017823751905208,0.20741312365415324,0.2408528989484043,0.5513539865657983,0.18444321099867828,0.3926256967319103
2022-01-02,Chelsea,Liverpool,21.0,14,25,1.537305857256184,1.699853365533736,0.19689594323414428,0.13017823751905208,0.3278141268772484,0.2677913907963684,0.4042826902237877,0.26181741913573486,0.3076125824286557
2022-01-02,Everton,Brighton and Hove Albion,21.0,18,8,1.2275180279946412,1.1186648061805673,0.19689594323414428,0.13017823751905208,0.494484091209201,0.2549756295401772,0.25032057448318035,0.35996019617594677,0.21301164271630185
2022-01-02,Leeds United,Burnley,21.0,23,10,1.0944955111135737,1.1153919518305324,0.19689594323414428,0.13017823751905208,0.41259580237588633,0.2671502695845536,0.32013745866524923,0.3124939278384844,0.25710944134210756
2022-01-02,Brentford,Aston Villa,21.0,7,2,1.115975075440589,1.1550195014361138,0.19689594323414428,0.13017823751905208,0.40139137987984685,0.2679867921390203,0.3305114474799554,0.3059111875183853,0.2634660532318196
2022-01-03,Manchester United,Wolverhampton,21.0,28,49,1.492215607953907,1.237658747592651,0.19689594323414428,0.13017823751905208,0.5872362705635847,0.22977927378653457,0.18244055980607887,0.41329846118782915,0.1671342145570056
2022-01-11,Southampton,Brentford,21.0,40,7,1.1045978059370831,1.115975075440589,0.19689594323414428,0.13017823751905208,0.41850469445682886,0.2666240122464454,0.3147509318076886,0.31595452451209344,0.2537914464287965
2022-01-12,West Ham United,Norwich City,21.0,47,32,1.2164260051111744,0.9848673029349451,0.19689594323414428,0.13017823751905208,0.5727263996100486,0.23445145937057482,0.192352030591898,0.4049245816879622,0.17407209635371498
2022-01-14,Brighton and Hove Albion,Crystal Palace,22.0,8,16,1.1226745965317515,1.1396587615602736,0.19721783650331243,0.13088414888179364,0.4152137302089764,0.2667947037289126,0.31787278807940045,0.3136586735567458,0.2553860086116741
2022-01-18,Brighton and Hove Albion,Chelsea,22.0,8,14,1.1226745965317515,1.5377223383854135,0.19721783650331243,0.13088414888179364,0.19833392415358603,0.236949398346491,0.5642828269094673,0.17795549671981362,0.3996543361249412
2022-01-15,Manchester City,Chelsea,22.0,27,14,1.835153845969817,1.5377223383854135,0.19721783650331243,0.13088414888179364,0.6142806957227955,0.2202942308369196,0.1647068113182705,0.4285713051367299,0.15423991269566253
2022-01-15,Newcastle,Watford,22.0,31,45,1.1057185544203607,1.0642795096769306,0.19721783650331243,0.13088414888179364,0.4518378622875996,0.26247402064483955,0.285535584453636,0.3349746126281085,0.23525397331111056
2022-01-15,Aston Villa,Manchester United,22.0,2,28,1.1531453180061693,1.4887336394064588,0.19721783650331243,0.13088414888179364,0.23554286599795723,0.2506075029776614,0.5135854837650246,0.20303643646495362,0.3705391832512321
2022-01-19,Brentford,Manchester United,22.0,7,28,1.1114245659172661,1.4887336394064588,0.19721783650331243,0.13088414888179364,0.21556300771184753,0.24384204101654852,0.5402529010929766,0.18970362133077578,0.38584526354472126
2022-01-15,Norwich City,Everton,22.0,32,18,0.9820857949947527,1.2249610779015725,0.19721783650331243,0.13088414888179364,0.2832616753269938,0.2620769809034503,0.45450553761039547,0.23381939852582118,0.3365188940535829
2022-01-15,Wolverhampton,Southampton,22.0,49,40,1.242709466200034,1.110542451251022,0.19721783650331243,0.13088414888179364,0.5096179361048219,0.25153234581615397,0.23859536152626576,0.36826142856103583,0.2050481775999619
2022-01-16,Liverpool,Brentford,22.0,25,7,1.6996460455304605,1.1114245659172661,0.19721783650331243,0.13088414888179364,0.7771133022597947,0.145146138850176,0.07349268660220923,0.5287585702619371,0.08207825160001617
2022-01-16,West Ham United,Leeds United,22.0,47,23,1.2212291368496575,1.098517300583701,0.19721783650331243,0.13088414888179364,0.5035717545645765,0.25290018357421834,0.2432878275565546,0.3647893566245021,0.2081284390233017
2022-01-19,Leicester City,Tottenham Hotspur,22.0,24,44,1.308878229730354,1.5260458946062534,0.19721783650331243,0.13088414888179364,0.29724968314942646,0.26432054620145284,0.43829207692350153,0.24260320010930722,0.32711719989730537
2022-01-21,Watford,Norwich City,23.0,45,32,1.0647498720229707,0.9852408323777518,0.19733757745768288,0.13145398965732913,0.4761214610375334,0.2583791039552273,0.2653118051933393,0.34871839153577555,0.22217851394173355
2022-01-22,Manchester United,West Ham United,23.0,28,47,1.489638659049179,1.2179826174759985,0.19733757745768288,0.13145398965732913,0.5983848165094784,0.22585377222249545,0.1751485392218981,0.4190387371089202,0.16155036542296497
2022-01-22,Southampton,Manchester City,23.0,40,27,1.1076253704691834,1.8344609667107235,0.19733757745768288,0.13145398965732913,0.08798451611663716,0.1609752007296965,0.7480255766969565,0.09450309141163407,0.5093340713768959
2022-01-22,Brentford,Wolverhampton,23.0,7,49,1.1062714820866935,1.2460921644955298,0.19733757745768288,0.13145398965732913,0.34117526840237933,0.26836926056350374,0.39034842332127273,0.26936875062784843,0.298772128992468
2022-01-22,Leeds United,Newcastle,23.0,23,31,1.1020287022709296,1.1048074650665718,0.19733757745768288,0.13145398965732913,0.4241635771401592,0.26584484648437273,0.3098658850718844,0.31861932303061724,0.2502087894024047
2022-01-22,Everton,Aston Villa,23.0,18,2,1.2220655505809555,1.154485321301636,0.19733757745768288,0.13145398965732913,0.4685306819261949,0.2597254874713002,0.27156816225415087,0.3443428764378268,0.2261768678075663
2022-01-23,Crystal Palace,Liverpool,23.0,16,25,1.1398140849225653,1.701032637876684,0.19733757745768288,0.13145398965732913,0.139468015965609,0.20445468730045002,0.654981922089221,0.13546352471119275,0.45216791356604363
2022-01-23,Arsenal,Burnley,23.0,1,10,1.4391769465910957,1.1121798654749984,0.19733757745768288,0.13145398965732913,0.6326463861671998,0.21335461909867928,0.15312973317931225,0.43900036360961303,0.14563323843621245
2022-01-23,Leicester City,Brighton and Hove Albion,23.0,24,8,1.3071901250205358,1.123846898701763,0.19733757745768288,0.13145398965732913,0.5424729085239017,0.24316029415363855,0.21401612661093353,0.3868270128564039,0.18846233250310387
2022-01-23,Chelsea,Tottenham Hotspur,23.0,14,44,1.5358499119297901,1.5269150018642494,0.19733757745768288,0.13145398965732913,0.43149021163240103,0.26504701262043273,0.3033309601613916,0.322888521660584,0.24615806727485576
2022-02-08,West Ham United,Watford,24.0,47,45,1.2178151920631326,1.0581958513048246,0.19624554041620887,0.13135353320228146,0.5268606052840408,0.24736014129066072,0.2254791292518352,0.378166114096066,0.19636296322125993
2022-02-08,Burnley,Manchester United,24.0,10,28,1.1142257342455588,1.4899106871213588,0.19624554041620887,0.13135353320228146,0.21609515867609919,0.24404160608752207,0.5395236514725797,0.19006788569645924,0.3854343851628697
2022-02-08,Newcastle,Everton,24.0,31,18,1.1075112726877971,1.219271217929755,0.19624554041620887,0.13135353320228146,0.3573092015552433,0.26898115169500286,0.3736066919381701,0.2793583323254764,0.2891068181526109
2022-02-09,Manchester City,Brentford,24.0,27,7,1.8320211082071367,1.1045515008000668,0.19624554041620887,0.13135353320228146,0.8359107695517255,0.10859633245039493,0.04612208647507464,0.571002215617176,0.05657587959901648
2022-02-09,Tottenham Hotspur,Southampton,24.0,44,40,1.5237703798992146,1.1107583596966837,0.19624554041620887,0.13135353320228146,0.6835003857534439,0.19229089992236226,0.1227334913244218,0.46953788152506815,0.12279756954967005
2022-02-09,Norwich City,Crystal Palace,24.0,32,16,0.9931373232902678,1.138205596685467,0.19624554041620887,0.13135353320228146,0.33776342087802386,0.26829909773918176,0.39382967577983935,0.26755211971663545,0.30109727416984233
2022-02-09,Aston Villa,Leeds United,24.0,2,23,1.1580595694320557,1.0994078594431127,0.19624554041620887,0.13135353320228146,0.4624279880927049,0.26083653365640835,0.2765692475211488,0.3411070536444319,0.2295875589547606
2022-02-10,Liverpool,Leicester City,24.0,25,24,1.7026792691141384,1.3058247793956144,0.19624554041620887,0.13135353320228146,0.6740787386611292,0.19643517886399395,0.12815119821230259,0.4638676608262615,0.1269953677442066
2022-02-10,Wolverhampton,Arsenal,24.0,49,1,1.2485452289107226,1.4372079669537938,0.19624554041620887,0.13135353320228146,0.3128390851687821,0.2662820951774534,0.4207562055002828,0.2522896364656259,0.31690721745408573
2022-02-12,Norwich City,Manchester City,25.0,32,27,0.9933346870908886,1.8313241351607845,0.1962365749687144,0.13154630465622305,0.06191115887310561,0.1308470371564234,0.8014594835115765,0.07159569510744201,0.5454356722620418
2022-02-12,Everton,Leeds United,25.0,18,23,1.2152239095697477,1.1003250087727423,0.1962365749687144,0.13154630465622305,0.4982895094703801,0.2540311882992722,0.24745044571474206,0.3616768704757294,0.21079095635439898
2022-02-12,Watford,Brighton and Hove Albion,25.0,45,8,1.0574103165069135,1.1253006379342512,0.1962365749687144,0.13154630465622305,0.38365493398771056,0.2687052418894777,0.3475349917048518,0.2950005554026145,0.2733964353132771
2022-02-12,Manchester United,Southampton,25.0,28,40,1.4884412455975915,1.1151049184290631,0.1962365749687144,0.13154630465622305,0.6602091843676425,0.20232833629700955,0.1363078415611438,0.45549317102589315,0.13318587579132873
2022-02-12,Brentford,Crystal Palace,25.0,7,16,1.1052294348429854,1.1378230427846583,0.1962365749687144,0.13154630465622305,0.4052659310554338,0.2675645502914163,0.327056472549513,0.3077524228504516,0.26095346475429826
2022-02-13,Tottenham Hotspur,Wolverhampton,25.0,44,49,1.5192543421007878,1.246542693480332,0.1962365749687144,0.13154630465622305,0.598613889692451,0.22582373974720762,0.1749493410876937,0.4193894893465399,0.16153655228224645
2022-02-13,Leicester City,West Ham United,25.0,24,47,1.3043299249142175,1.2183377095588226,0.1962365749687144,0.13154630465622305,0.47983762829595267,0.257751537914846,0.262217418542135,0.35106394833648297,0.22035154411227326
2022-02-13,Newcastle,Aston Villa,25.0,31,2,1.1119791420745662,1.1570224738946673,0.1962365749687144,0.13154630465622305,0.397604323006615,0.26806237302015345,0.3342238696381255,0.30324467947910067,0.26532624570216035
2022-02-13,Burnley,Liverpool,25.0,10,25,1.1155156380169835,1.703749607212985,0.1962365749687144,0.13154630465622305,0.12980428479416192,0.19763757427707387,0.6712613923879382,0.12822311988295546,0.4620880230153204
2022-02-19,Southampton,Everton,26.0,40,18,1.1187816860480928,1.2212561914239548,0.1952930477645514,0.13142062380155536,0.3625140539307833,0.269100817439467,0.3682828510125847,0.28264561264398763,0.2860973580105622
2022-02-19,Aston Villa,Watford,26.0,2,45,1.15550939410494,1.054266444302601,0.1952930477645514,0.13142062380155536,0.4891785002039663,0.2560086358020572,0.254603123410282,0.35670909253763433,0.21564273763815245
2022-02-19,Liverpool,Norwich City,26.0,25,32,1.7048774404385556,0.9887996166353737,0.1952930477645514,0.13142062380155536,0.8314528905540035,0.11166973045813669,0.0481250763866812,0.5677423578148042,0.05859382666815343
2022-02-19,Arsenal,Brentford,26.0,1,7,1.4399783977181975,1.104382382997943,0.1952930477645514,0.13142062380155536,0.6370589867108367,0.21174500048081615,0.1502904105655455,0.4420983026673635,0.14380909090633526
2022-02-19,Crystal Palace,Chelsea,26.0,16,14,1.139422184171907,1.5406692996571705,0.1952930477645514,0.13142062380155536,0.20410730875694327,0.23944440119403207,0.5560493550213496,0.18204949438594992,0.3951185499804609
2022-02-19,West Ham United,Newcastle,26.0,47,31,1.2205189730265498,1.1152645605538458,0.1952930477645514,0.13142062380155536,0.49173915547545927,0.2554868236350517,0.2525593018722525,0.3581820332043462,0.21431716114276086
2022-02-19,Brighton and Hove Albion,Burnley,26.0,8,10,1.1314455986132554,1.1173422690848653,0.1952930477645514,0.13142062380155536,0.433967276047649,0.2649116245186849,0.30098788306419005,0.3247869339091013,0.24509254823398746
2022-02-19,Manchester City,Tottenham Hotspur,26.0,27,44,1.8362423571715187,1.5152913254117213,0.1952930477645514,0.13142062380155536,0.6281067894978783,0.21519575312269493,0.1558715710124842,0.4368474771961506,0.14792123970094237
2022-02-20,Wolverhampton,Leicester City,26.0,49,24,1.254901146241019,1.304879821618446,0.1952930477645514,0.13142062380155536,0.39423307266390634,0.26834077195882877,0.3373184878769311,0.3015061903946992,0.26744172775731534
2022-02-20,Leeds United,Manchester United,26.0,23,28,1.094795573099619,1.4876536314660735,0.1952930477645514,0.13142062380155536,0.20792781239963976,0.24098452147536728,0.5507092855273447,0.18465864563086076,0.3920492637773164
2022-02-25,Southampton,Norwich City,27.0,40,32,1.122836777114831,0.9893844447304778,0.1938856208288212,0.13262150922158236,0.5093853947703498,0.2515766884707205,0.23878402731951323,0.3680953560164988,0.2051487484901936
2022-02-26,Brighton and Hove Albion,Aston Villa,27.0,8,2,1.1242580966408617,1.1519608605643368,0.1938856208288212,0.13262150922158236,0.40754989080878645,0.26741181680690196,0.32492409184132515,0.30913600664806357,0.2596871699246963
2022-02-26,Leeds United,Tottenham Hotspur,27.0,23,44,1.091862889949083,1.519273189608147,0.1938856208288212,0.13262150922158236,0.1921370990968275,0.23420069240732377,0.573187845709738,0.17364658558427562,0.40474822731252136
2022-02-26,Everton,Manchester City,27.0,18,27,1.2175451844832585,1.8327670639975173,0.1938856208288212,0.13262150922158236,0.12038342349039179,0.1904256593948358,0.6876483898212518,0.12094242671845452,0.47200375335329986
2022-02-26,Manchester United,Watford,27.0,28,45,1.4901438913125573,1.0572841743824917,0.1938856208288212,0.13262150922158236,0.6942604173175754,0.18742196929273622,0.11666174006125776,0.47601883651296273,0.11801731136170313
2022-02-26,Brentford,Newcastle,27.0,7,31,1.1044124875408232,1.1165853179005407,0.1938856208288212,0.13262150922158236,0.4171753095715971,0.2666075922698662,0.31609695324263326,0.31477615094166406,0.25426559643550584
2022-02-26,Crystal Palace,Burnley,27.0,16,10,1.1391924089605012,1.1239718721135072,0.1938856208288212,0.13262150922158236,0.43428452532702083,0.26480135210197947,0.30078021370586233,0.32475615311271117,0.24477876599065213
