id,first_name,second_name,team,Top_100_in,Top_1K_in,Top_10K_in,Top_50K_in,Top_100K_in,Top_250K_in,Top_500K_in,Top_100_out,Top_1K_out,Top_10K_out,Top_50K_out,Top_100K_out,Top_250K_out,Top_500K_out
1,Bernd,Leno,1,0.0,0.0,0.0,0.0,0.02,0.03333333333333333,0.012,0.0,0.0,0.05,0.025,0.04,0.03333333333333333,0.068
2,Rúnar Alex,Rúnarsson,1,0.0,0.0,0.0,0.0,0.0,0.0,0.0,0.0,0.0,0.05,0.025,0.1,0.06,0.055999999999999994
3,Willian,Borges Da Silva,1,0.0,0.0,0.0,0.0,0.0,0.0,0.0,0.0,0.0,0.0,0.0,0.0,0.0,0.0
4,Pierre-Emerick,Aubameyang,1,4.0,0.0,0.15,0.27499999999999997,0.3,0.5133333333333333,0.516,0.0,0.2,0.5,0.27499999999999997,0.44,0.36,0.348
5,Cédric,Soares,1,0.0,0.0,0.0,0.0,0.0,0.0,0.0,0.0,0.0,0.0,0.0,0.0,0.006666666666666667,0.008
6,Alexandre,Lacazette,1,0.0,0.0,0.0,0.0,0.0,0.0,0.0,0.0,0.0,0.0,0.0,0.0,0.013333333333333334,0.004
7,Granit,Xhaka,1,0.0,0.0,0.0,0.0,0.0,0.0,0.0,0.0,0.0,0.0,0.0,0.0,0.0,0.02
8,Pablo,Marí,1,0.0,0.0,0.0,0.0,0.0,0.0,0.0,0.0,0.0,0.0,0.0,0.0,0.0,0.0
9,Héctor,Bellerín,1,0.0,0.0,0.0,0.0,0.0,0.0,0.0,0.0,0.0,0.0,0.0,0.0,0.0,0.004
10,Calum,Chambers,1,0.0,0.0,0.0,0.0,0.0,0.006666666666666667,0.004,0.0,0.2,0.0,0.025,0.0,0.02,0.036000000000000004
11,Sead,Kolasinac,1,0.0,0.0,0.0,0.0,0.0,0.0,0.008,0.0,0.0,0.0,0.0,0.0,0.0,0.008
12,Mohamed Naser,El Sayed Elneny,1,0.0,0.0,0.0,0.0,0.0,0.0,0.0,0.0,0.0,0.0,0.025,0.0,0.013333333333333334,0.012
13,Ainsley,Maitland-Niles,1,0.0,0.0,0.0,0.0,0.0,0.006666666666666667,0.0,0.0,0.0,0.0,0.0,0.0,0.006666666666666667,0.004
14,Rob,Holding,1,0.0,0.0,0.0,0.0,0.02,0.006666666666666667,0.012,0.0,0.0,0.0,0.025,0.0,0.02,0.044000000000000004
15,Thomas,Partey,1,0.0,0.0,0.0,0.025,0.04,0.006666666666666667,0.012,0.0,0.0,0.0,0.0,0.02,0.006666666666666667,0.0
16,Kieran,Tierney,1,0.0,2.0,1.55,1.4500000000000002,1.66,2.0,1.92,0.0,0.2,0.75,0.95,0.96,0.96,0.936
17,Nicolas,Pépé,1,0.0,0.2,0.0,0.075,0.04,0.03333333333333333,0.048,0.0,0.2,0.2,0.22499999999999998,0.24,0.23333333333333336,0.28400000000000003
18,Lucas,Torreira,1,0.0,0.0,0.0,0.0,0.0,0.0,0.0,0.0,0.0,0.0,0.0,0.0,0.006666666666666667,0.004
20,Edward,Nketiah,1,0.0,0.0,0.0,0.0,0.0,0.0,0.0,0.0,0.0,0.0,0.0,0.0,0.0,0.0
21,Emile,Smith Rowe,1,0.0,3.0,3.6999999999999997,5.325,5.12,6.066666666666666,4.9799999999999995,0.0,0.2,1.15,1.7500000000000002,1.4200000000000002,1.633333333333333,1.3599999999999999
22,Bukayo,Saka,1,9.333333333333334,11.4,11.700000000000001,11.475,11.64,11.546666666666667,11.888,0.0,0.6,1.4000000000000001,1.7500000000000002,1.5599999999999998,1.6133333333333333,1.3639999999999999
23,Gabriel,Magalhães,1,0.0,0.0,0.15,0.2,0.2,0.13999999999999999,0.156,0.0,0.0,0.1,0.025,0.0,0.02666666666666667,0.052
24,Konstantinos,Mavropanos,1,0.0,0.0,0.0,0.0,0.0,0.0,0.0,0.0,0.0,0.0,0.0,0.0,0.0,0.0
25,Mattéo,Guendouzi,1,0.0,0.0,0.0,0.0,0.0,0.0,0.0,0.0,0.0,0.0,0.0,0.0,0.0,0.0
26,Gabriel Teodoro,Martinelli Silva,1,0.0,0.0,0.0,0.0,0.0,0.0,0.0,0.0,0.0,0.0,0.0,0.0,0.0,0.004
27,William,Saliba,1,0.0,0.0,0.0,0.0,0.0,0.0,0.0,0.0,0.0,0.0,0.0,0.0,0.0,0.0
67,Ben,White,1,0.0,0.4,1.9,2.75,2.58,2.82,2.544,0.0,0.8,2.3,3.45,2.86,3.5000000000000004,2.34
466,Nuno,Varela Tavares,1,0.0,0.0,0.0,0.0,0.0,0.013333333333333334,0.004,0.0,0.0,0.0,0.0,0.0,0.006666666666666667,0.004
478,Albert,Sambi Lokonga,1,0.0,0.0,0.0,0.0,0.0,0.0,0.008,0.0,0.0,0.0,0.0,0.0,0.006666666666666667,0.0
530,Folarin,Balogun,1,0.0,0.0,0.0,0.0,0.02,0.0,0.0,0.0,0.0,0.0,0.05,0.0,0.0,0.016
531,Reiss,Nelson,1,0.0,0.0,0.0,0.0,0.0,0.0,0.0,0.0,0.0,0.0,0.0,0.0,0.0,0.0
532,Karl,Hein,1,0.0,0.0,0.05,0.0,0.02,0.006666666666666667,0.02,0.0,0.0,0.0,0.0,0.0,0.0,0.008
558,Martin,Ødegaard,1,0.0,1.2,0.4,0.9249999999999999,0.58,0.8133333333333332,0.764,0.0,0.4,0.1,0.5,0.4,0.5599999999999999,0.536
559,Aaron,Ramsdale,1,1.3333333333333335,2.6,6.65,8.200000000000001,8.92,9.3,9.124,0.0,0.6,0.2,0.675,0.7000000000000001,0.7466666666666667,0.632
572,Arthur,Okonkwo,1,0.0,0.0,0.0,0.0,0.0,0.0,0.004,0.0,0.0,0.0,0.025,0.0,0.0,0.004
590,Takehiro,Tomiyasu,1,2.666666666666667,0.4,1.35,1.8499999999999999,1.78,2.046666666666667,1.952,0.0,0.4,0.2,0.7000000000000001,0.6799999999999999,0.66,0.532
28,Jed,Steer,2,0.0,0.0,0.3,0.025,0.06,0.08,0.06,0.0,0.2,0.35000000000000003,0.1,0.16,0.12,0.192
29,Conor,Hourihane,2,0.0,0.0,0.0,0.0,0.0,0.0,0.0,0.0,0.0,0.0,0.0,0.0,0.0,0.0
30,Emiliano,Martínez,2,0.0,0.2,0.05,0.25,0.26,0.13333333333333333,0.304,1.3333333333333335,0.0,0.1,0.35000000000000003,0.48,0.37333333333333335,0.528
31,Björn,Engels,2,0.0,0.0,0.0,0.0,0.0,0.0,0.0,0.0,0.0,0.0,0.0,0.0,0.0,0.0
32,Bertrand,Traoré,2,0.0,0.0,0.0,0.0,0.0,0.0,0.0,0.0,0.0,0.0,0.0,0.0,0.006666666666666667,0.012
34,Morgan,Sanson,2,0.0,0.0,0.0,0.0,0.0,0.0,0.0,0.0,0.0,0.0,0.0,0.0,0.0,0.0
35,John,McGinn,2,0.0,0.0,0.0,0.025,0.0,0.0,0.0,0.0,0.0,0.0,0.025,0.0,0.006666666666666667,0.012
36,Kortney,Hause,2,0.0,0.0,0.0,0.17500000000000002,0.0,0.14666666666666667,0.132,0.0,0.0,0.0,0.125,0.0,0.07333333333333333,0.055999999999999994
37,Mahmoud Ahmed,Ibrahim Hassan,2,0.0,0.0,0.0,0.0,0.0,0.0,0.0,0.0,0.0,0.0,0.0,0.0,0.0,0.0
38,Tyrone,Mings,2,0.0,0.0,0.0,0.1,0.13999999999999999,0.16,0.20400000000000001,1.3333333333333335,0.0,0.05,0.15,0.13999999999999999,0.10666666666666667,0.14400000000000002
39,Matt,Targett,2,0.0,0.2,0.15,0.0,0.02,0.04666666666666667,0.12,0.0,0.0,0.0,0.1,0.06,0.16,0.22799999999999998
40,Ollie,Watkins,2,0.0,0.0,0.1,0.1,0.04,0.07333333333333333,0.06,0.0,0.0,0.05,0.1,0.04,0.06666666666666667,0.07200000000000001
41,Marvelous,Nakamba,2,0.0,0.0,0.0,0.0,0.0,0.0,0.0,0.0,0.0,0.0,0.0,0.0,0.02,0.004
42,Anwar,El Ghazi,2,0.0,0.0,0.0,0.0,0.0,0.0,0.0,0.0,0.0,0.0,0.025,0.02,0.04,0.055999999999999994
43,Emiliano,Buendía Stati,2,0.0,0.0,0.0,0.0,0.04,0.02,0.032,0.0,0.0,0.0,0.125,0.1,0.08666666666666667,0.136
44,Matthew,Cash,2,0.0,0.4,0.5499999999999999,0.975,0.9199999999999999,1.2466666666666666,1.484,0.0,0.0,0.25,0.5,0.45999999999999996,0.5066666666666666,0.5599999999999999
45,Ezri,Konsa Ngoyo,2,0.0,0.0,0.0,0.025,0.1,0.02666666666666667,0.055999999999999994,0.0,0.0,0.05,0.05,0.06,0.02,0.024
46,Frédéric,Guilbert,2,0.0,0.0,0.0,0.0,0.0,0.0,0.0,0.0,0.0,0.0,0.0,0.0,0.0,0.0
47,Wesley,Moraes,2,0.0,0.0,0.0,0.0,0.0,0.0,0.0,0.0,0.0,0.0,0.0,0.0,0.0,0.008
48,Mbwana Ally,Samatta,2,0.0,0.0,0.0,0.0,0.0,0.0,0.0,0.0,0.0,0.0,0.0,0.0,0.0,0.0
49,Keinan,Davis,2,0.0,0.0,0.2,0.15,0.16,0.15333333333333335,0.152,0.0,0.2,0.1,0.15,0.02,0.19333333333333333,0.216
50,Douglas Luiz,Soares de Paulo,2,0.0,2.1999999999999997,2.9000000000000004,4.65,4.74,5.406666666666666,6.088,0.0,0.0,0.7000000000000001,1.05,1.18,1.1666666666666667,1.048
51,Jacob,Ramsey,2,0.0,0.0,0.05,0.125,0.1,0.1,0.084,0.0,0.0,0.0,0.15,0.04,0.04666666666666667,0.055999999999999994
52,Ashley,Young,2,0.0,0.0,0.0,0.0,0.02,0.0,0.0,0.0,0.2,0.0,0.0,0.0,0.006666666666666667,0.055999999999999994
283,Axel,Tuanzebe,2,0.0,0.2,0.0,0.0,0.02,0.006666666666666667,0.012,0.0,0.2,0.0,0.0,0.0,0.006666666666666667,0.016
337,Danny,Ings,2,0.0,0.0,0.05,0.2,0.18,0.26,0.28400000000000003,2.666666666666667,0.6,0.95,0.95,1.66,2.4,3.016
492,Leon,Bailey,2,0.0,0.0,0.0,0.025,0.0,0.006666666666666667,0.008,0.0,0.2,0.0,0.025,0.02,0.04,0.036000000000000004
496,Aaron,Ramsey,2,0.0,0.0,0.0,0.0,0.0,0.0,0.008,0.0,0.0,0.0,0.0,0.0,0.0,0.004
497,Jaden,Philogene-Bidace,2,0.0,0.0,0.0,0.0,0.0,0.0,0.0,0.0,0.0,0.0,0.0,0.0,0.0,0.004
526,Carney,Chukwuemeka,2,0.0,0.0,0.0,0.025,0.0,0.0,0.0,0.0,0.0,0.0,0.0,0.0,0.0,0.004
568,Cameron,Archer,2,0.0,0.0,0.44999999999999996,0.1,0.3,0.5133333333333333,0.344,0.0,0.0,0.35000000000000003,0.1,0.22,0.33333333333333337,0.23600000000000002
596,Viljami,Sinisalo,2,0.0,0.0,0.0,0.0,0.0,0.0,0.004,0.0,0.0,0.0,0.0,0.0,0.0,0.004
610,Lamare,Bogarde,2,0.0,0.0,0.0,0.0,0.0,0.006666666666666667,0.012,0.0,0.0,0.0,0.0,0.0,0.0,0.004
76,Pontus,Jansson,3,0.0,0.2,0.1,0.15,0.26,0.37333333333333335,0.488,0.0,0.0,0.1,0.17500000000000002,0.27999999999999997,0.24666666666666665,0.292
77,Christian,Nørgaard,3,0.0,0.0,0.0,0.0,0.0,0.02,0.02,0.0,0.0,0.0,0.05,0.02,0.02,0.04
78,Ivan,Toney,3,0.0,1.6,1.7999999999999998,1.625,2.42,2.533333333333333,3.672,0.0,1.0,1.55,3.675,3.8600000000000003,3.92,4.192
79,Tariqe,Fosu-Henry,3,0.0,0.0,0.0,0.0,0.0,0.0,0.0,0.0,0.0,0.0,0.0,0.02,0.0,0.0
80,David,Raya Martin,3,0.0,0.2,0.05,0.5499999999999999,0.5599999999999999,0.47333333333333333,0.5519999999999999,0.0,0.4,0.15,0.4,0.42,0.45333333333333337,0.424
81,Sergi,Canós,3,0.0,0.0,0.0,0.0,0.02,0.0,0.02,0.0,0.0,0.05,0.0,0.04,0.03333333333333333,0.076
82,Pelenda Joshua,Dasilva,3,0.0,0.0,0.0,0.0,0.0,0.0,0.0,0.0,0.0,0.0,0.0,0.0,0.0,0.0
83,Rico,Henry,3,0.0,0.2,0.0,0.05,0.02,0.08,0.064,0.0,0.0,0.0,0.05,0.1,0.16666666666666669,0.068
84,Vitaly,Janelt,3,0.0,0.0,0.15,0.2,0.04,0.12,0.196,0.0,0.0,0.0,0.125,0.0,0.03333333333333333,0.04
85,Saman,Ghoddos,3,0.0,0.0,0.0,0.0,0.0,0.0,0.0,0.0,0.0,0.0,0.0,0.0,0.0,0.0
86,Mathias,Jensen,3,0.0,0.0,0.0,0.0,0.0,0.0,0.0,0.0,0.0,0.0,0.0,0.0,0.0,0.0
87,Charlie,Goode,3,0.0,0.2,0.15,0.125,0.16,0.20666666666666667,0.188,0.0,0.0,0.1,0.125,0.1,0.15333333333333335,0.148
88,Marcus,Forss,3,0.0,0.0,0.0,0.0,0.0,0.0,0.0,0.0,0.0,0.0,0.0,0.0,0.0,0.004
89,Mads,Roerslev Rasmussen,3,0.0,0.0,0.0,0.0,0.0,0.0,0.0,0.0,0.0,0.0,0.0,0.0,0.0,0.0
90,Mads,Bech Sørensen,3,0.0,0.0,0.0,0.0,0.0,0.0,0.0,0.0,0.0,0.0,0.0,0.0,0.0,0.0
91,Ethan,Pinnock,3,0.0,0.0,0.2,0.35000000000000003,0.32,0.5066666666666666,0.716,0.0,0.0,0.05,0.15,0.12,0.26,0.332
92,Ellery,Balcombe,3,0.0,0.0,0.0,0.0,0.0,0.0,0.0,0.0,0.0,0.0,0.0,0.0,0.0,0.0
93,Jan,Zamburek,3,0.0,0.0,0.0,0.0,0.02,0.0,0.012,0.0,0.0,0.0,0.025,0.02,0.02666666666666667,0.027999999999999997
94,Patrik,Gunnarsson,3,0.0,0.0,0.0,0.0,0.0,0.0,0.0,0.0,0.0,0.05,0.0,0.0,0.08,0.08
95,Halil,Dervişoğlu,3,0.0,0.0,0.0,0.0,0.0,0.0,0.0,0.0,0.0,0.0,0.0,0.0,0.0,0.0
96,Bryan,Mbeumo,3,0.0,1.0,1.05,1.425,1.66,1.82,2.7640000000000002,0.0,0.4,0.3,0.5,0.66,0.6,0.58
97,Mads,Bidstrup,3,0.0,0.0,0.0,0.0,0.0,0.0,0.0,0.0,0.0,0.0,0.0,0.0,0.0,0.0
479,Frank,Onyeka,3,0.0,0.0,0.0,0.0,0.0,0.0,0.0,0.0,0.0,0.0,0.0,0.0,0.006666666666666667,0.004
483,Kristoffer,Ajer,3,0.0,0.0,0.1,0.0,0.06,0.1,0.092,0.0,0.0,0.0,0.0,0.08,0.06,0.06
498,Dominic,Thompson,3,0.0,0.0,0.0,0.0,0.0,0.0,0.0,0.0,0.0,0.0,0.0,0.0,0.0,0.0
499,Shandon,Baptiste,3,0.0,0.0,0.0,0.0,0.0,0.0,0.0,0.0,0.0,0.0,0.0,0.0,0.0,0.0
524,Yoane,Wissa,3,0.0,0.0,0.0,0.0,0.0,0.0,0.0,0.0,0.0,0.0,0.0,0.0,0.0,0.0
556,Álvaro,Fernández,3,0.0,0.0,0.0,0.0,0.0,0.0,0.004,0.0,0.0,0.0,0.0,0.0,0.0,0.004
569,Finley,Stevens,3,0.0,0.0,0.0,0.025,0.0,0.006666666666666667,0.004,0.0,0.0,0.0,0.025,0.0,0.013333333333333334,0.016
594,Mathias,Jorgensen,3,0.0,0.0,0.0,0.0,0.0,0.0,0.0,0.0,0.0,0.0,0.0,0.0,0.0,0.0
53,Adam,Lallana,4,0.0,0.0,0.0,0.0,0.0,0.0,0.004,0.0,0.0,0.0,0.0,0.0,0.0,0.0
54,Jason,Steele,4,0.0,0.0,0.1,0.125,0.08,0.16,0.12,0.0,0.2,1.6,2.1999999999999997,1.8800000000000001,2.2066666666666666,2.524
55,Pascal,Groß,4,0.0,0.0,0.05,0.0,0.0,0.0,0.0,0.0,0.0,0.0,0.0,0.0,0.0,0.012
56,Shane,Duffy,4,0.0,1.4000000000000001,1.15,1.775,2.1999999999999997,2.82,2.8320000000000003,2.666666666666667,2.0,2.8000000000000003,3.05,2.64,2.3266666666666667,1.8319999999999999
57,Davy,Pröpper,4,0.0,0.0,0.0,0.0,0.0,0.0,0.0,0.0,0.0,0.0,0.0,0.0,0.0,0.0
58,Dan,Burn,4,0.0,0.0,0.0,0.0,0.0,0.0,0.0,0.0,0.0,0.0,0.0,0.0,0.0,0.0
59,Lewis,Dunk,4,0.0,0.0,0.0,0.025,0.04,0.05333333333333334,0.084,0.0,0.2,0.1,0.125,0.22,0.31333333333333335,0.3
60,Solomon,March,4,0.0,0.0,0.0,0.0,0.0,0.0,0.0,0.0,0.0,0.0,0.0,0.0,0.0,0.0
61,Adam,Webster,4,0.0,0.0,0.0,0.0,0.0,0.0,0.0,0.0,0.0,0.0,0.1,0.1,0.11333333333333334,0.07200000000000001
62,Joël,Veltman,4,0.0,0.4,0.15,0.3,0.3,0.38,0.364,2.666666666666667,1.2,1.05,1.3,1.8599999999999999,1.3933333333333333,0.8999999999999999
63,Neal,Maupay,4,0.0,0.4,0.1,0.22499999999999998,0.42,0.32666666666666666,0.428,0.0,0.6,0.1,0.25,0.36,0.38666666666666666,0.392
64,Leandro,Trossard,4,0.0,0.0,0.1,0.17500000000000002,0.1,0.07333333333333333,0.108,0.0,0.0,0.05,0.075,0.16,0.12,0.136
65,Mathew,Ryan,4,0.0,0.0,0.0,0.0,0.0,0.0,0.0,0.0,0.0,0.0,0.0,0.0,0.0,0.0
66,Alireza,Jahanbakhsh,4,0.0,0.0,0.0,0.0,0.0,0.0,0.0,0.0,0.0,0.0,0.0,0.0,0.0,0.0
68,Bernardo,Fernandes Da Silva Junior,4,0.0,0.0,0.0,0.0,0.0,0.0,0.0,0.0,0.0,0.0,0.0,0.0,0.0,0.0
69,Robert,Sánchez,4,0.0,0.8,0.35000000000000003,0.22499999999999998,0.32,0.3,0.512,5.333333333333334,2.1999999999999997,6.35,7.75,8.32,8.333333333333332,8.692
70,Yves,Bissouma,4,0.0,0.2,0.1,0.25,0.2,0.33333333333333337,0.248,0.0,1.2,1.2,1.575,2.18,2.7199999999999998,3.2800000000000002
71,Tariq,Lamptey,4,0.0,0.4,0.0,0.05,0.06,0.1,0.076,0.0,0.2,0.0,0.0,0.08,0.06,0.068
72,Aaron,Connolly,4,0.0,0.0,0.0,0.0,0.0,0.0,0.008,0.0,0.0,0.0,0.0,0.02,0.0,0.004
73,Steven,Alzate,4,0.0,0.0,0.0,0.025,0.0,0.0,0.0,0.0,0.0,0.0,0.025,0.0,0.0,0.0
74,Alexis,Mac Allister,4,0.0,0.0,0.0,0.0,0.0,0.0,0.0,0.0,0.0,0.0,0.0,0.0,0.0,0.008
75,Jakub,Moder,4,0.0,0.0,0.0,0.0,0.0,0.013333333333333334,0.004,0.0,0.0,0.05,0.025,0.02,0.07333333333333333,0.032
447,Danny,Welbeck,4,0.0,0.0,0.05,0.0,0.0,0.006666666666666667,0.004,0.0,0.0,0.0,0.0,0.02,0.02,0.044000000000000004
462,Enock,Mwepu,4,0.0,0.0,0.0,0.0,0.0,0.006666666666666667,0.0,0.0,0.0,0.0,0.0,0.0,0.006666666666666667,0.0
476,Kjell,Scherpen,4,0.0,0.0,0.0,0.0,0.0,0.0,0.0,0.0,0.0,0.0,0.0,0.0,0.0,0.0
500,Florin,Andone,4,0.0,0.0,0.0,0.0,0.0,0.0,0.0,0.0,0.0,0.0,0.0,0.0,0.0,0.0
535,Andi,Zeqiri,4,0.0,0.0,0.0,0.0,0.0,0.0,0.0,0.0,0.0,0.0,0.0,0.0,0.013333333333333334,0.032
536,Michal,Karbownik,4,0.0,0.0,0.0,0.0,0.0,0.0,0.0,0.0,0.0,0.0,0.0,0.0,0.0,0.0
537,Taylor,Richards,4,0.0,0.0,0.0,0.0,0.0,0.0,0.0,0.0,0.0,0.0,0.0,0.0,0.0,0.0
538,Moisés,Caicedo,4,0.0,0.0,0.0,0.0,0.0,0.0,0.0,0.0,0.0,0.0,0.0,0.0,0.0,0.0
560,Haydon,Roberts,4,0.0,0.0,0.0,0.0,0.0,0.0,0.004,0.0,0.0,0.0,0.0,0.0,0.0,0.004
584,Marc,Cucurella,4,0.0,0.0,0.0,0.05,0.08,0.02,0.052,0.0,0.2,0.0,0.125,0.1,0.04,0.06
595,Jürgen,Locadia,4,0.0,0.2,0.0,0.075,0.06,0.07333333333333333,0.032,0.0,0.2,0.0,0.05,0.08,0.11333333333333334,0.08800000000000001
98,James,Tarkowski,5,0.0,1.6,0.15,0.27499999999999997,0.27999999999999997,0.31333333333333335,0.252,0.0,0.2,0.05,0.05,0.08,0.05333333333333334,0.06
99,Phil,Bardsley,5,0.0,0.0,0.0,0.0,0.0,0.006666666666666667,0.0,0.0,0.0,0.05,0.025,0.04,0.006666666666666667,0.02
100,Erik,Pieters,5,0.0,0.0,0.0,0.0,0.0,0.0,0.0,0.0,0.0,0.0,0.0,0.0,0.0,0.0
101,Jack,Cork,5,0.0,0.0,0.0,0.0,0.0,0.0,0.0,0.0,0.0,0.0,0.0,0.0,0.006666666666666667,0.004
102,Dale,Stephens,5,0.0,0.0,0.0,0.0,0.0,0.0,0.0,0.0,0.0,0.0,0.0,0.0,0.0,0.0
103,Kevin,Long,5,0.0,0.0,0.0,0.0,0.0,0.006666666666666667,0.008,0.0,0.0,0.0,0.0,0.0,0.006666666666666667,0.004
104,Jay,Rodriguez,5,0.0,0.0,0.0,0.0,0.0,0.0,0.004,0.0,0.0,0.0,0.0,0.0,0.006666666666666667,0.008
105,Ashley,Barnes,5,0.0,0.0,0.0,0.0,0.0,0.02,0.036000000000000004,0.0,0.0,0.05,0.0,0.04,0.04666666666666667,0.092
106,Ben,Mee,5,0.0,0.0,0.35000000000000003,0.525,0.64,0.7000000000000001,0.72,0.0,0.0,0.05,0.05,0.04,0.09333333333333334,0.136
107,Ashley,Westwood,5,0.0,0.0,0.0,0.1,0.06,0.07333333333333333,0.07200000000000001,0.0,0.0,0.0,0.025,0.02,0.05333333333333334,0.02
108,Johann Berg,Gudmundsson,5,0.0,0.0,0.0,0.05,0.02,0.0,0.008,0.0,0.0,0.0,0.05,0.0,0.0,0.004
109,Chris,Wood,5,0.0,1.6,0.8500000000000001,1.05,0.74,1.0,0.9039999999999999,0.0,0.0,0.1,0.075,0.16,0.15333333333333335,0.18
110,Matthew,Lowton,5,0.0,0.6,0.5,0.8999999999999999,0.9400000000000001,0.9266666666666666,0.928,0.0,0.0,0.0,0.1,0.18,0.24,0.196
111,Matej,Vydra,5,0.0,0.0,0.0,0.0,0.0,0.02666666666666667,0.012,0.0,0.0,0.0,0.0,0.0,0.0,0.024
112,Nick,Pope,5,0.0,1.6,0.25,0.075,0.16,0.21333333333333335,0.196,0.0,0.0,0.0,0.025,0.12,0.05333333333333334,0.076
113,Charlie,Taylor,5,0.0,0.2,0.25,0.1,0.13999999999999999,0.12,0.14400000000000002,0.0,0.2,0.15,0.025,0.02,0.06666666666666667,0.064
114,Will,Norris,5,0.0,0.0,0.0,0.0,0.0,0.0,0.0,0.0,0.0,0.0,0.0,0.0,0.006666666666666667,0.0
115,Josh,Brownhill,5,4.0,1.0,2.55,3.5000000000000004,4.2,3.9733333333333336,3.392,0.0,0.4,1.9,2.75,2.54,2.78,3.6319999999999997
116,Josh,Benson,5,0.0,0.0,0.0,0.0,0.0,0.0,0.0,0.0,0.0,0.0,0.0,0.0,0.0,0.0
117,Bailey,Peacock-Farrell,5,0.0,0.0,0.0,0.0,0.0,0.0,0.0,0.0,0.0,0.0,0.0,0.0,0.0,0.0
118,Dwight,McNeil,5,2.666666666666667,0.4,0.25,0.025,0.1,0.06,0.076,0.0,0.0,0.0,0.0,0.04,0.006666666666666667,0.052
451,Nathan,Collins,5,0.0,0.0,0.0,0.0,0.0,0.0,0.0,0.0,0.0,0.0,0.0,0.0,0.0,0.0
480,Wayne,Hennessey,5,0.0,0.0,0.0,0.0,0.0,0.0,0.0,0.0,0.0,0.0,0.0,0.0,0.006666666666666667,0.0
533,Lewis,Richardson,5,0.0,0.0,0.0,0.025,0.06,0.013333333333333334,0.024,0.0,0.0,0.05,0.1,0.1,0.12,0.116
534,Bobby,Thomas,5,0.0,0.0,0.0,0.0,0.0,0.0,0.004,0.0,0.0,0.0,0.0,0.0,0.0,0.004
565,Owen,Dodgson,5,0.0,0.0,0.0,0.0,0.0,0.006666666666666667,0.0,0.0,0.0,0.0,0.0,0.0,0.0,0.0
575,Aaron,Lennon,5,0.0,0.0,0.0,0.0,0.0,0.0,0.0,0.0,0.0,0.0,0.0,0.0,0.0,0.0
578,Maxwel,Cornet,5,0.0,0.0,0.0,0.0,0.0,0.013333333333333334,0.016,0.0,0.0,0.0,0.0,0.0,0.0,0.008
585,Connor,Roberts,5,0.0,0.0,0.0,0.0,0.0,0.0,0.0,0.0,0.0,0.0,0.0,0.0,0.0,0.0
119,César,Azpilicueta,6,13.333333333333334,8.799999999999999,12.85,12.275,10.38,9.073333333333334,7.692,0.0,0.4,0.75,0.9249999999999999,1.22,0.98,0.76
120,Olivier,Giroud,6,0.0,0.0,0.0,0.0,0.0,0.0,0.0,0.0,0.0,0.0,0.0,0.0,0.0,0.0
121,Thiago,Emiliano da Silva,6,0.0,0.6,0.44999999999999996,0.8,1.26,1.3,1.496,0.0,0.4,0.25,0.075,0.2,0.2,0.27999999999999997
122,Marcos,Alonso,6,16.0,20.599999999999998,24.2,26.200000000000003,25.3,24.913333333333334,23.376,0.0,0.4,2.45,3.6249999999999996,4.26,3.52,2.78
123,Jorge Luiz,Frello Filho,6,0.0,0.0,0.0,0.0,0.02,0.02,0.027999999999999997,0.0,0.0,0.0,0.0,0.02,0.02,0.096
124,Ross,Barkley,6,0.0,0.0,0.0,0.0,0.0,0.0,0.0,0.0,0.0,0.0,0.0,0.0,0.0,0.0
125,Mateo,Kovacic,6,2.666666666666667,1.4000000000000001,1.35,1.7500000000000002,1.96,2.58,2.796,0.0,0.2,0.3,0.325,0.64,0.72,0.624
126,Michy,Batshuayi,6,0.0,0.0,0.0,0.0,0.0,0.0,0.0,0.0,0.0,0.0,0.0,0.0,0.0,0.0
127,Antonio,Rüdiger,6,20.0,29.2,37.25,43.45,43.64,39.22,32.612,0.0,0.2,0.8500000000000001,0.375,0.7799999999999999,0.7799999999999999,0.848
129,Kepa,Arrizabalaga,6,0.0,0.0,0.0,0.0,0.0,0.013333333333333334,0.0,0.0,0.0,0.0,0.0,0.0,0.006666666666666667,0.004
130,N'Golo,Kanté,6,0.0,0.0,0.1,0.0,0.06,0.013333333333333334,0.008,0.0,0.2,0.1,0.125,0.02,0.08,0.084
131,Hakim,Ziyech,6,0.0,0.0,0.0,0.0,0.0,0.02,0.024,0.0,0.0,0.0,0.0,0.0,0.013333333333333334,0.008
132,Ruben,Loftus-Cheek,6,0.0,0.0,0.0,0.0,0.0,0.0,0.0,0.0,0.0,0.0,0.0,0.0,0.0,0.0
133,Andreas,Christensen,6,4.0,4.0,4.8,5.375,5.52,5.113333333333333,4.456,0.0,0.2,0.6,1.15,0.96,0.88,0.84
134,Timo,Werner,6,0.0,0.0,0.0,0.025,0.04,0.006666666666666667,0.024,0.0,0.0,0.0,0.0,0.0,0.013333333333333334,0.024
135,Benjamin,Chilwell,6,0.0,0.8,0.7000000000000001,0.5499999999999999,0.58,0.5666666666666667,0.42,0.0,0.0,0.1,0.1,0.12,0.15333333333333335,0.18
136,Tammy,Abraham,6,0.0,0.0,0.0,0.0,0.0,0.0,0.0,0.0,0.0,0.0,0.0,0.0,0.0,0.0
137,Christian,Pulisic,6,0.0,0.0,0.0,0.0,0.0,0.0,0.0,0.0,0.0,0.0,0.0,0.0,0.0,0.0
138,Mason,Mount,6,0.0,1.2,0.75,0.675,0.64,0.6933333333333334,0.6479999999999999,0.0,0.2,0.1,0.22499999999999998,0.42,0.4266666666666667,0.7040000000000001
139,Ethan,Ampadu,6,0.0,0.0,0.0,0.0,0.0,0.0,0.0,0.0,0.0,0.0,0.0,0.0,0.0,0.0
140,Callum,Hudson-Odoi,6,0.0,0.0,0.05,0.0,0.0,0.0,0.0,0.0,0.0,0.0,0.0,0.0,0.0,0.004
141,Kai,Havertz,6,0.0,1.4000000000000001,0.2,0.525,0.33999999999999997,0.5066666666666666,0.52,0.0,0.4,0.0,0.075,0.04,0.16,0.3
142,Reece,James,6,0.0,0.4,0.2,0.3,0.24,0.23333333333333336,0.208,6.666666666666667,5.2,3.95,2.85,2.5,2.54,2.704
143,Edouard,Mendy,6,4.0,0.8,1.4000000000000001,1.6,1.52,1.7399999999999998,2.1239999999999997,1.3333333333333335,0.4,0.25,0.525,0.42,0.36,0.536
501,Malang,Sarr,6,0.0,0.0,0.0,0.0,0.02,0.0,0.0,0.0,0.0,0.0,0.0,0.0,0.0,0.0
527,Trevoh,Chalobah,6,0.0,0.0,0.05,0.05,0.0,0.02666666666666667,0.036000000000000004,0.0,0.0,0.0,0.0,0.04,0.08,0.084
529,Romelu,Lukaku,6,29.333333333333332,26.400000000000002,25.35,26.450000000000003,24.5,24.033333333333335,22.400000000000002,0.0,0.0,0.15,0.3,0.16,0.32,0.4
539,Emerson,Palmieri dos Santos,6,0.0,0.0,0.0,0.0,0.0,0.0,0.0,0.0,0.0,0.0,0.0,0.0,0.0,0.0
592,Saúl,Ñíguez,6,0.0,0.0,0.0,0.0,0.0,0.0,0.008,0.0,0.0,0.0,0.0,0.02,0.0,0.004
606,Marcus,Bettinelli,6,0.0,0.0,0.0,0.0,0.02,0.0,0.0,0.0,0.0,0.0,0.0,0.02,0.0,0.0
144,Conor,Gallagher,7,5.333333333333334,2.6,3.45,3.875,3.8,3.4666666666666663,2.856,0.0,1.2,0.75,1.325,1.28,1.2,1.248
146,Vicente,Guaita,7,0.0,0.0,0.25,0.42500000000000004,0.62,0.38,0.496,0.0,0.8,0.1,0.375,0.48,0.29333333333333333,0.428
147,James,Tomkins,7,0.0,0.0,0.0,0.025,0.0,0.0,0.0,0.0,0.0,0.0,0.025,0.0,0.006666666666666667,0.0
148,James,McArthur,7,0.0,0.0,0.05,0.15,0.02,0.11333333333333334,0.16,0.0,0.2,0.1,0.2,0.27999999999999997,0.33999999999999997,0.292
149,Christian,Benteke,7,0.0,0.0,0.0,0.0,0.0,0.0,0.004,0.0,0.0,0.0,0.0,0.0,0.0,0.02
150,Cheikhou,Kouyaté,7,0.0,0.0,0.0,0.0,0.0,0.006666666666666667,0.004,0.0,0.0,0.0,0.0,0.0,0.0,0.024
151,Martin,Kelly,7,0.0,0.8,0.1,0.1,0.12,0.08,0.092,0.0,0.0,0.0,0.025,0.04,0.02666666666666667,0.036000000000000004
152,Luka,Milivojevic,7,0.0,0.0,0.0,0.0,0.0,0.0,0.0,0.0,0.0,0.0,0.0,0.0,0.0,0.0
153,Jordan,Ayew,7,0.0,0.0,0.0,0.0,0.0,0.0,0.0,0.0,0.0,0.0,0.0,0.0,0.0,0.004
154,Wilfried,Zaha,7,0.0,1.6,0.8,0.8999999999999999,1.18,1.0066666666666666,0.8959999999999999,0.0,0.4,0.4,0.5499999999999999,0.54,0.54,0.428
155,Jeffrey,Schlupp,7,0.0,0.0,0.0,0.0,0.0,0.0,0.0,0.0,0.0,0.0,0.0,0.0,0.0,0.0
156,Jack,Butland,7,0.0,0.0,0.0,0.0,0.0,0.0,0.0,0.0,0.0,0.0,0.0,0.0,0.0,0.008
157,Jairo,Riedewald,7,0.0,0.0,0.0,0.0,0.0,0.0,0.0,0.0,0.0,0.0,0.0,0.0,0.0,0.0
158,Jarosław,Jach,7,0.0,0.0,0.0,0.0,0.0,0.0,0.0,0.0,0.0,0.0,0.0,0.0,0.0,0.0
159,Jean-Philippe,Mateta,7,0.0,0.0,0.0,0.0,0.0,0.0,0.0,0.0,0.0,0.0,0.0,0.0,0.0,0.004
160,Eberechi,Eze,7,0.0,0.0,0.0,0.0,0.0,0.0,0.0,0.0,0.0,0.0,0.0,0.0,0.0,0.0
161,Nathan,Ferguson,7,0.0,0.0,0.0,0.0,0.0,0.0,0.0,0.0,0.0,0.0,0.0,0.0,0.0,0.0
162,Tyrick,Mitchell,7,0.0,0.0,0.0,0.025,0.06,0.02,0.052,0.0,0.0,0.0,0.025,0.04,0.04666666666666667,0.048
386,Will,Hughes,7,0.0,0.0,0.0,0.0,0.0,0.0,0.0,0.0,0.0,0.0,0.0,0.0,0.0,0.0
464,Michael,Olise,7,0.0,0.0,0.0,0.0,0.0,0.0,0.0,0.0,0.0,0.0,0.0,0.0,0.0,0.0
474,Joel,Ward,7,0.0,0.0,0.0,0.0,0.0,0.0,0.0,0.0,0.0,0.0,0.0,0.0,0.0,0.004
477,Marc,Guéhi,7,0.0,0.0,0.0,0.0,0.06,0.006666666666666667,0.004,0.0,0.0,0.0,0.0,0.06,0.006666666666666667,0.004
488,Joachim,Andersen,7,0.0,0.0,0.05,0.05,0.02,0.03333333333333333,0.032,0.0,0.0,0.0,0.025,0.02,0.02,0.012
493,Nathaniel,Clyne,7,0.0,0.0,0.0,0.0,0.0,0.0,0.0,0.0,0.0,0.0,0.0,0.0,0.0,0.0
540,Reece,Hannam,7,0.0,0.0,0.0,0.0,0.0,0.006666666666666667,0.0,0.0,0.0,0.0,0.0,0.0,0.0,0.0
541,Jesurun,Rak-Sakyi,7,0.0,0.0,0.0,0.0,0.0,0.006666666666666667,0.004,0.0,0.0,0.0,0.0,0.0,0.006666666666666667,0.0
542,Robert,Street,7,2.666666666666667,0.2,0.1,0.1,0.08,0.1,0.116,2.666666666666667,0.2,0.15,0.15,0.24,0.16666666666666669,0.216
543,Scott,Banks,7,0.0,0.0,0.0,0.0,0.0,0.006666666666666667,0.008,0.0,0.0,0.0,0.0,0.0,0.006666666666666667,0.0
561,Remi,Matthews,7,0.0,0.0,0.0,0.0,0.0,0.0,0.012,0.0,0.0,0.0,0.0,0.0,0.006666666666666667,0.016
586,Odsonne,Edouard,7,2.666666666666667,0.0,0.05,0.05,0.04,0.013333333333333334,0.076,0.0,0.0,0.1,0.1,0.06,0.27999999999999997,0.348
163,Fabian,Delph,8,2.666666666666667,0.0,0.25,0.2,0.18,0.12,0.11199999999999999,0.0,0.0,0.2,0.1,0.1,0.07333333333333333,0.084
164,Gylfi,Sigurdsson,8,0.0,0.0,0.0,0.0,0.0,0.006666666666666667,0.0,0.0,0.0,0.0,0.0,0.0,0.006666666666666667,0.004
165,Seamus,Coleman,8,0.0,0.0,0.0,0.0,0.0,0.0,0.0,0.0,0.0,0.15,0.025,0.12,0.04666666666666667,0.084
166,James,Rodríguez,8,0.0,0.0,0.0,0.0,0.0,0.0,0.0,0.0,0.0,0.0,0.0,0.0,0.0,0.0
167,Bernard,Anício Caldeira Duarte,8,0.0,0.0,0.0,0.0,0.0,0.0,0.0,0.0,0.0,0.0,0.0,0.0,0.0,0.0
168,Lucas,Digne,8,0.0,0.0,0.0,0.025,0.02,0.06666666666666667,0.084,1.3333333333333335,2.0,1.95,2.725,3.16,3.5000000000000004,5.584
169,Michael,Keane,8,0.0,0.0,0.0,0.0,0.08,0.06,0.096,1.3333333333333335,0.4,0.0,0.375,0.33999999999999997,0.27999999999999997,0.33999999999999997
170,Jordan,Pickford,8,0.0,0.0,0.0,0.0,0.04,0.0,0.012,0.0,0.0,0.05,0.17500000000000002,0.26,0.22666666666666668,0.3
171,Allan,Marques Loureiro,8,0.0,1.2,0.5,0.8250000000000001,0.9199999999999999,0.7933333333333334,0.872,0.0,1.4000000000000001,0.4,0.975,1.04,0.7466666666666667,0.744
172,André Filipe,Tavares Gomes,8,0.0,0.0,0.0,0.0,0.0,0.0,0.0,0.0,0.0,0.0,0.0,0.0,0.0,0.0
173,Abdoulaye,Doucouré,8,1.3333333333333335,0.0,0.75,1.4500000000000002,1.8800000000000001,1.7266666666666666,1.68,1.3333333333333335,1.0,0.5499999999999999,0.8,1.18,1.1533333333333333,0.868
174,Alex,Iwobi,8,0.0,0.0,0.0,0.0,0.0,0.0,0.0,0.0,0.0,0.0,0.0,0.0,0.0,0.0
175,Yerry,Mina,8,0.0,0.0,0.0,0.0,0.0,0.0,0.0,0.0,0.0,0.0,0.025,0.0,0.013333333333333334,0.008
176,Tom,Davies,8,0.0,0.0,0.0,0.0,0.0,0.006666666666666667,0.0,0.0,0.0,0.0,0.0,0.0,0.013333333333333334,0.0
177,Dominic,Calvert-Lewin,8,0.0,0.0,0.1,0.1,0.04,0.02,0.024,1.3333333333333335,0.4,0.7000000000000001,0.4,0.32,0.5533333333333333,0.47600000000000003
178,Mason,Holgate,8,0.0,0.0,0.0,0.0,0.0,0.0,0.004,0.0,0.0,0.15,0.05,0.18,0.12,0.16
179,Ben,Godfrey,8,0.0,0.0,0.0,0.0,0.02,0.006666666666666667,0.0,0.0,0.0,0.0,0.0,0.02,0.02666666666666667,0.004
180,Richarlison,de Andrade,8,0.0,0.0,0.0,0.025,0.0,0.0,0.0,0.0,1.0,0.25,0.25,0.54,0.42,0.712
181,João,Virgínia,8,0.0,0.0,0.0,0.0,0.0,0.0,0.0,0.0,0.0,0.0,0.05,0.08,0.10666666666666667,0.124
481,Asmir,Begović,8,0.0,0.0,0.0,0.075,0.06,0.07333333333333333,0.08800000000000001,0.0,0.0,0.05,0.25,0.3,0.22666666666666668,0.184
482,Andros,Townsend,8,1.3333333333333335,0.0,0.7000000000000001,1.0999999999999999,1.3599999999999999,1.4066666666666667,1.5,0.0,1.4000000000000001,0.8500000000000001,1.0,1.26,1.08,0.88
484,Demarai,Gray,8,0.0,0.8,0.6,1.3,1.1199999999999999,1.3533333333333333,1.384,2.666666666666667,4.3999999999999995,3.2,3.85,3.82,4.126666666666667,3.688
502,Jonjoe,Kenny,8,0.0,0.0,0.0,0.0,0.0,0.0,0.0,0.0,0.0,0.0,0.0,0.0,0.0,0.004
503,Anthony,Gordon,8,0.0,0.0,0.0,0.0,0.0,0.0,0.0,0.0,0.0,0.0,0.025,0.0,0.006666666666666667,0.0
504,Jean-Philippe,Gbamin,8,0.0,0.0,0.0,0.0,0.0,0.0,0.0,0.0,0.0,0.0,0.0,0.0,0.0,0.004
544,Jarrad,Branthwaite,8,0.0,0.0,0.0,0.0,0.0,0.0,0.0,0.0,0.0,0.0,0.0,0.0,0.006666666666666667,0.0
545,Nathan,Broadhead,8,0.0,0.0,0.0,0.0,0.0,0.0,0.0,0.0,0.0,0.0,0.0,0.0,0.0,0.0
564,Moise,Kean,8,0.0,0.0,0.0,0.0,0.0,0.0,0.0,0.0,0.0,0.0,0.0,0.0,0.0,0.0
570,Niels,Nkounkou,8,0.0,0.0,0.0,0.0,0.0,0.0,0.0,0.0,0.0,0.0,0.0,0.0,0.0,0.0
571,Andy,Lonergan,8,0.0,0.0,0.0,0.0,0.0,0.0,0.0,0.0,0.0,0.0,0.0,0.0,0.0,0.0
591,Salomón,Rondón,8,0.0,0.0,0.0,0.0,0.0,0.0,0.0,0.0,0.0,0.0,0.025,0.16,0.13999999999999999,0.2
602,Ellis,Simms,8,0.0,0.0,0.0,0.05,0.08,0.013333333333333334,0.02,0.0,0.0,0.0,0.025,0.04,0.013333333333333334,0.004
607,Lewis,Dobbin,8,0.0,0.0,0.05,0.15,0.12,0.11333333333333334,0.128,0.0,0.0,0.05,0.1,0.08,0.08,0.06
200,Kasper,Schmeichel,9,0.0,0.0,0.05,0.075,0.13999999999999999,0.08666666666666667,0.116,0.0,0.2,0.5,0.3,0.5,0.6466666666666666,0.776
201,Jonny,Evans,9,0.0,0.0,0.0,0.0,0.0,0.0,0.0,0.0,0.0,0.0,0.0,0.0,0.0,0.0
202,Marc,Albrighton,9,0.0,0.0,0.0,0.0,0.0,0.0,0.0,0.0,0.0,0.0,0.0,0.0,0.006666666666666667,0.02
203,Nampalys,Mendy,9,2.666666666666667,0.2,0.35000000000000003,0.325,0.26,0.22666666666666668,0.264,0.0,0.2,0.1,0.2,0.3,0.26,0.28400000000000003
204,Danny,Ward,9,2.666666666666667,0.0,0.0,0.075,0.04,0.02,0.096,0.0,0.0,0.05,0.075,0.06,0.12666666666666665,0.12
205,Jamie,Vardy,9,0.0,2.1999999999999997,1.4000000000000001,1.7999999999999998,1.5599999999999998,2.0933333333333337,1.932,2.666666666666667,2.0,1.25,1.4000000000000001,1.54,1.2133333333333334,1.188
206,Dennis,Praet,9,0.0,0.0,0.0,0.0,0.0,0.0,0.0,0.0,0.0,0.0,0.0,0.0,0.0,0.0
207,Ricardo Domingos,Barbosa Pereira,9,0.0,0.0,0.15,0.075,0.13999999999999999,0.11333333333333334,0.2,0.0,0.8,0.3,0.25,0.3,0.26,0.40800000000000003
208,Daniel,Amartey,9,0.0,0.0,0.05,0.15,0.04,0.13333333333333333,0.22,0.0,1.6,3.55,4.175,4.9,5.566666666666667,5.776
209,Timothy,Castagne,9,0.0,0.0,0.0,0.0,0.02,0.006666666666666667,0.012,0.0,0.0,0.2,0.025,0.02,0.08666666666666667,0.06
210,Youri,Tielemans,9,0.0,0.0,0.05,0.25,0.12,0.23333333333333336,0.24,0.0,0.2,0.0,0.125,0.12,0.16,0.124
211,Ayoze,Pérez,9,0.0,0.0,0.0,0.0,0.0,0.0,0.0,0.0,0.0,0.0,0.0,0.0,0.0,0.0
212,James,Maddison,9,0.0,0.0,0.0,0.025,0.0,0.04,0.008,0.0,0.0,0.0,0.075,0.12,0.10666666666666667,0.17600000000000002
213,Kelechi,Iheanacho,9,0.0,0.0,0.0,0.0,0.0,0.0,0.012,0.0,0.0,0.05,0.025,0.0,0.02666666666666667,0.07200000000000001
214,Hamza,Choudhury,9,0.0,0.0,0.0,0.0,0.02,0.0,0.0,0.0,0.0,0.0,0.0,0.0,0.0,0.004
215,Harvey,Barnes,9,0.0,1.6,0.1,0.17500000000000002,0.32,0.1,0.132,0.0,1.7999999999999998,0.25,0.44999999999999996,0.66,0.7933333333333334,1.1079999999999999
216,Wilfred,Ndidi,9,0.0,0.0,0.0,0.0,0.0,0.013333333333333334,0.008,0.0,0.0,0.0,0.025,0.02,0.006666666666666667,0.048
217,Çaglar,Söyüncü,9,0.0,0.0,0.0,0.025,0.0,0.013333333333333334,0.016,0.0,0.2,0.05,0.0,0.02,0.11333333333333334,0.052
218,James,Justin,9,0.0,0.0,0.0,0.0,0.0,0.0,0.0,0.0,0.0,0.0,0.0,0.0,0.0,0.0
219,Luke,Thomas,9,0.0,0.0,0.0,0.0,0.0,0.006666666666666667,0.0,0.0,0.0,0.0,0.025,0.02,0.06666666666666667,0.055999999999999994
220,Wesley,Fofana,9,0.0,0.0,0.0,0.0,0.0,0.0,0.0,0.0,0.0,0.0,0.0,0.0,0.0,0.0
340,Jannik,Vestergaard,9,0.0,0.0,0.0,0.05,0.02,0.02,0.036000000000000004,0.0,0.0,0.0,0.05,0.06,0.06666666666666667,0.084
455,Patson,Daka,9,0.0,0.0,0.0,0.0,0.0,0.0,0.0,0.0,0.0,0.05,0.0,0.0,0.0,0.0
458,Boubakary,Soumaré,9,0.0,0.0,0.0,0.0,0.0,0.006666666666666667,0.0,0.0,0.0,0.0,0.0,0.0,0.0,0.004
473,Ryan,Bertrand,9,0.0,0.0,0.0,0.0,0.04,0.02,0.004,0.0,0.0,0.15,0.0,0.06,0.10666666666666667,0.08
505,Kiernan,Dewsbury-Hall,9,0.0,0.0,0.0,0.0,0.0,0.0,0.0,0.0,0.0,0.05,0.0,0.0,0.006666666666666667,0.016
573,Eldin,Jakupovic,9,0.0,0.0,0.0,0.0,0.02,0.0,0.0,0.0,0.0,0.0,0.0,0.0,0.0,0.0
587,Ademola,Lookman,9,0.0,0.2,0.0,0.025,0.0,0.006666666666666667,0.02,0.0,0.0,0.0,0.0,0.0,0.0,0.008
182,Pablo,Hernández Domínguez,10,0.0,0.0,0.0,0.0,0.0,0.0,0.0,0.0,0.0,0.0,0.0,0.0,0.0,0.0
183,Francisco,Casilla Cortés,10,0.0,0.0,0.0,0.0,0.0,0.0,0.0,0.0,0.0,0.0,0.0,0.0,0.0,0.0
184,Liam,Cooper,10,0.0,0.4,0.15,0.0,0.08,0.18666666666666668,0.152,0.0,0.2,0.0,0.0,0.0,0.08,0.07200000000000001
185,Luke,Ayling,10,0.0,0.0,0.0,0.0,0.0,0.05333333333333334,0.044000000000000004,5.333333333333334,3.8,12.6,13.3,11.26,9.953333333333333,7.5
186,Mateusz,Klich,10,0.0,1.2,0.1,0.15,0.18,0.15333333333333335,0.216,0.0,0.0,0.0,0.025,0.04,0.06666666666666667,0.084
187,Rodrigo,Moreno,10,0.0,0.4,0.15,0.1,0.13999999999999999,0.16666666666666669,0.244,0.0,0.2,0.05,0.025,0.1,0.09333333333333334,0.068
188,Stuart,Dallas,10,0.0,0.0,0.0,0.05,0.12,0.09333333333333334,0.136,0.0,0.0,0.15,0.15,0.24,0.33999999999999997,0.5640000000000001
189,Patrick,Bamford,10,0.0,0.0,0.0,0.025,0.04,0.07333333333333333,0.044000000000000004,5.333333333333334,14.6,9.6,8.799999999999999,7.48,7.6866666666666665,6.715999999999999
190,Diego,Llorente,10,0.0,0.0,0.0,0.0,0.0,0.013333333333333334,0.02,0.0,0.0,0.0,0.025,0.0,0.0,0.0
191,Kalvin,Phillips,10,0.0,0.0,0.0,0.05,0.04,0.03333333333333333,0.044000000000000004,0.0,0.0,0.0,0.025,0.02,0.04666666666666667,0.048
192,Hélder Wander,Sousa de Azevedo e Costa,10,0.0,0.0,0.0,0.0,0.0,0.0,0.0,0.0,0.0,0.0,0.0,0.0,0.0,0.0
193,Tyler,Roberts,10,0.0,0.0,0.0,0.0,0.0,0.0,0.0,0.0,0.0,0.0,0.0,0.0,0.0,0.0
194,Robin,Koch,10,0.0,0.0,0.0,0.0,0.02,0.006666666666666667,0.008,0.0,0.0,0.0,0.0,0.0,0.013333333333333334,0.004
195,Ian Carlo,Poveda-Ocampo,10,0.0,0.0,0.0,0.0,0.0,0.0,0.0,0.0,0.0,0.05,0.0,0.02,0.0,0.0
196,Raphael,Dias Belloli,10,26.666666666666668,16.2,22.5,19.25,17.26,17.566666666666666,17.336,2.666666666666667,0.8,0.5,0.7000000000000001,0.9199999999999999,0.9933333333333334,0.9119999999999999
197,Jamie,Shackleton,10,0.0,0.0,0.0,0.0,0.0,0.013333333333333334,0.012,0.0,0.0,0.0,0.025,0.0,0.0,0.008
198,Pascal,Struijk,10,0.0,0.0,0.0,0.0,0.02,0.06,0.008,0.0,0.0,0.0,0.0,0.02,0.02,0.008
199,Illan,Meslier,10,0.0,0.0,0.15,0.15,0.1,0.19333333333333333,0.22799999999999998,0.0,0.0,0.2,0.15,0.16,0.18666666666666668,0.20400000000000001
267,Jack,Harrison,10,0.0,0.4,0.15,0.1,0.06,0.03333333333333333,0.048,0.0,0.4,0.1,0.05,0.1,0.07333333333333333,0.152
287,Daniel,James,10,0.0,0.2,0.0,0.0,0.0,0.02666666666666667,0.04,0.0,0.2,0.0,0.025,0.0,0.06666666666666667,0.068
463,Héctor Junior,Firpo Adames,10,0.0,0.0,0.1,0.05,0.06,0.12,0.08,0.0,0.0,0.1,0.0,0.02,0.06666666666666667,0.044000000000000004
490,Kristoffer,Klaesson,10,0.0,0.0,0.0,0.0,0.0,0.0,0.0,0.0,0.0,0.0,0.0,0.0,0.0,0.0
550,Sam,Greenwood,10,0.0,0.0,0.05,0.1,0.04,0.05333333333333334,0.044000000000000004,0.0,0.2,0.0,0.15,0.2,0.18,0.172
551,Crysencio,Summerville,10,0.0,0.0,0.0,0.0,0.0,0.0,0.0,0.0,0.0,0.0,0.0,0.0,0.0,0.0
552,Adam,Forshaw,10,0.0,0.0,0.0,0.0,0.0,0.0,0.004,0.0,0.0,0.0,0.0,0.0,0.0,0.0
562,Cody,Drameh,10,0.0,0.0,0.0,0.0,0.0,0.0,0.0,0.0,0.0,0.0,0.0,0.0,0.0,0.0
563,Charlie,Cresswell,10,0.0,0.0,0.05,0.1,0.08,0.06666666666666667,0.12,0.0,0.0,0.05,0.025,0.02,0.02666666666666667,0.06
576,Liam,McCarron,10,0.0,0.0,0.0,0.0,0.0,0.0,0.0,0.0,0.0,0.0,0.0,0.0,0.0,0.0
577,Joe,Gelhardt,10,0.0,0.0,0.05,0.0,0.02,0.02666666666666667,0.008,0.0,0.0,0.0,0.0,0.1,0.04,0.044000000000000004
600,Nohan,Kenneh,10,0.0,0.0,0.0,0.0,0.0,0.0,0.0,0.0,0.0,0.0,0.0,0.0,0.0,0.0
601,Stuart,McKinstry,10,0.0,0.0,0.0,0.0,0.0,0.0,0.0,0.0,0.0,0.0,0.0,0.0,0.0,0.0
608,Leo Fuhr,Hjelde,10,0.0,0.0,0.0,0.0,0.0,0.0,0.0,0.0,0.0,0.0,0.0,0.0,0.0,0.0
221,James,Milner,11,0.0,0.0,0.0,0.0,0.02,0.03333333333333333,0.027999999999999997,0.0,0.0,0.0,0.0,0.02,0.013333333333333334,0.016
222,Jordan,Henderson,11,0.0,0.2,0.0,0.0,0.02,0.04666666666666667,0.048,0.0,0.0,0.0,0.0,0.02,0.03333333333333333,0.036000000000000004
223,Adrián,San Miguel del Castillo,11,0.0,0.0,0.0,0.0,0.0,0.006666666666666667,0.0,0.0,0.0,0.0,0.0,0.0,0.0,0.0
224,Joel,Matip,11,0.0,0.0,0.05,0.075,0.12,0.17333333333333334,0.2,0.0,0.6,0.6,0.675,0.58,0.7133333333333334,0.756
225,Thiago,Alcántara do Nascimento,11,0.0,0.0,0.0,0.0,0.0,0.0,0.0,0.0,0.0,0.0,0.0,0.0,0.006666666666666667,0.008
226,Xherdan,Shaqiri,11,0.0,0.0,0.0,0.0,0.0,0.0,0.0,0.0,0.0,0.0,0.0,0.0,0.0,0.0
227,Alex,Oxlade-Chamberlain,11,0.0,0.0,0.0,0.0,0.0,0.0,0.004,0.0,0.0,0.0,0.0,0.0,0.0,0.008
228,Roberto,Firmino,11,0.0,0.0,0.0,0.0,0.02,0.006666666666666667,0.016,0.0,0.0,0.0,0.0,0.0,0.0,0.008
229,Virgil,van Dijk,11,4.0,0.4,0.25,0.35000000000000003,0.4,0.5533333333333333,0.736,1.3333333333333335,0.8,0.5499999999999999,0.35000000000000003,0.27999999999999997,0.44,0.6
230,Sadio,Mané,11,0.0,0.0,0.0,0.025,0.04,0.013333333333333334,0.036000000000000004,0.0,0.2,0.0,0.125,0.1,0.10666666666666667,0.184
231,Alisson,Ramses Becker,11,0.0,0.0,0.0,0.0,0.04,0.04666666666666667,0.064,0.0,0.0,0.2,0.15,0.22,0.2533333333333333,0.38
232,Fabio Henrique,Tavares,11,0.0,0.0,0.0,0.0,0.02,0.013333333333333334,0.004,0.0,0.0,0.0,0.0,0.0,0.006666666666666667,0.008
233,Mohamed,Salah,11,0.0,0.2,0.1,0.1,0.13999999999999999,0.20666666666666667,0.376,1.3333333333333335,0.8,0.8999999999999999,1.125,1.04,1.0999999999999999,1.252
234,Andrew,Robertson,11,0.0,0.0,0.15,0.17500000000000002,0.18,0.4066666666666666,0.5720000000000001,0.0,0.2,0.1,0.27499999999999997,0.18,0.29333333333333333,0.292
235,Divock,Origi,11,0.0,0.0,0.0,0.025,0.0,0.0,0.0,0.0,0.2,0.0,0.025,0.0,0.006666666666666667,0.016
236,Takumi,Minamino,11,0.0,0.0,0.0,0.0,0.0,0.0,0.0,0.0,0.0,0.0,0.0,0.0,0.0,0.0
237,Trent,Alexander-Arnold,11,1.3333333333333335,0.4,0.3,0.95,0.58,0.7866666666666666,0.544,36.0,33.4,36.1,39.475,39.06,37.49333333333333,32.928000000000004
238,Joseph,Gomez,11,0.0,0.0,0.0,0.0,0.0,0.0,0.0,0.0,0.0,0.0,0.0,0.0,0.006666666666666667,0.0
239,Naby,Keita,11,0.0,0.0,0.0,0.0,0.02,0.013333333333333334,0.0,0.0,0.0,0.0,0.0,0.02,0.02666666666666667,0.004
240,Diogo,Jota,11,0.0,0.0,0.15,0.22499999999999998,0.36,0.5866666666666667,0.616,32.0,31.6,28.249999999999996,22.975,17.0,15.573333333333334,13.236
241,Nathaniel,Phillips,11,0.0,0.0,0.0,0.0,0.0,0.0,0.0,0.0,0.0,0.05,0.0,0.0,0.0,0.0
242,Caoimhin,Kelleher,11,0.0,0.0,0.0,0.0,0.0,0.0,0.0,0.0,0.0,0.0,0.0,0.0,0.0,0.0
243,Ibrahima,Konaté,11,0.0,0.0,0.0,0.0,0.0,0.0,0.0,0.0,0.0,0.0,0.0,0.0,0.013333333333333334,0.008
244,Curtis,Jones,11,0.0,0.0,0.0,0.15,0.06,0.12666666666666665,0.17600000000000002,0.0,0.0,0.0,0.05,0.0,0.04,0.068
245,Konstantinos,Tsimikas,11,0.0,0.2,0.25,0.6,0.36,0.5933333333333333,0.8,2.666666666666667,0.8,2.4,3.9,4.12,4.273333333333333,3.968
246,Neco,Williams,11,0.0,0.8,0.05,0.05,0.12,0.18666666666666668,0.24,0.0,0.0,0.05,0.025,0.02,0.1,0.076
247,Rhys,Williams,11,0.0,0.0,0.0,0.0,0.0,0.0,0.0,0.0,0.0,0.0,0.0,0.0,0.0,0.0
248,Ben,Davies,11,0.0,0.0,0.0,0.0,0.0,0.0,0.0,0.0,0.0,0.0,0.0,0.0,0.006666666666666667,0.004
506,Harvey,Elliott,11,0.0,0.0,0.0,0.0,0.0,0.0,0.0,0.0,0.0,0.0,0.0,0.02,0.006666666666666667,0.008
553,Ben,Woodburn,11,0.0,0.0,0.0,0.0,0.0,0.0,0.0,0.0,0.0,0.0,0.0,0.0,0.0,0.0
33,Jack,Grealish,12,0.0,0.8,1.9,2.675,3.36,3.733333333333334,3.872,0.0,0.2,1.05,1.55,2.02,2.513333333333333,2.88
249,Kyle,Walker,12,0.0,0.2,0.1,0.4,0.88,0.6,0.84,0.0,0.8,0.25,0.2,0.4,0.37333333333333335,0.376
250,Ilkay,Gündogan,12,0.0,0.0,0.0,0.0,0.0,0.0,0.0,0.0,0.0,0.25,0.3,0.27999999999999997,0.41333333333333333,0.612
251,Kevin,De Bruyne,12,1.3333333333333335,0.0,0.0,0.1,0.24,0.12666666666666665,0.124,0.0,0.0,0.0,0.05,0.13999999999999999,0.08666666666666667,0.08
252,John,Stones,12,0.0,0.0,0.0,0.0,0.0,0.0,0.008,0.0,0.0,0.0,0.025,0.04,0.04,0.064
253,Benjamin,Mendy,12,0.0,0.0,0.0,0.0,0.0,0.0,0.0,0.0,0.0,0.0,0.0,0.0,0.0,0.0
254,Riyad,Mahrez,12,0.0,0.0,0.0,0.0,0.0,0.04,0.027999999999999997,0.0,0.0,0.05,0.025,0.1,0.13999999999999999,0.22399999999999998
255,Raheem,Sterling,12,0.0,0.0,0.0,0.0,0.0,0.006666666666666667,0.012,0.0,0.0,0.0,0.0,0.0,0.013333333333333334,0.008
256,João Pedro Cavaco,Cancelo,12,8.0,4.3999999999999995,9.5,12.1,13.18,13.186666666666666,12.864,0.0,1.2,1.0,1.075,1.18,1.38,1.1159999999999999
257,Ederson,Santana de Moraes,12,1.3333333333333335,0.4,0.3,0.25,0.52,0.5733333333333334,0.48,1.3333333333333335,0.8,0.4,0.22499999999999998,0.45999999999999996,0.45999999999999996,0.436
258,Nathan,Aké,12,0.0,0.0,0.0,0.0,0.0,0.0,0.0,0.0,0.0,0.05,0.17500000000000002,0.1,0.06,0.096
259,Aymeric,Laporte,12,0.0,0.2,0.15,0.575,0.38,0.5466666666666666,0.376,0.0,0.2,0.05,0.3,0.16,0.26,0.164
260,Zack,Steffen,12,0.0,0.0,0.0,0.0,0.0,0.0,0.0,0.0,0.0,0.0,0.0,0.0,0.0,0.008
261,Bernardo Mota,Veiga de Carvalho e Silva,12,0.0,0.0,0.05,0.05,0.1,0.16666666666666669,0.116,0.0,0.0,0.0,0.05,0.06,0.08666666666666667,0.076
262,Rúben Santos,Gato Alves Dias,12,1.3333333333333335,1.0,2.75,4.025,4.42,4.966666666666667,5.212,0.0,1.2,1.05,2.225,1.7000000000000002,1.8533333333333333,1.72
263,Gabriel Fernando,de Jesus,12,0.0,0.2,0.25,0.375,0.45999999999999996,0.5,0.5760000000000001,2.666666666666667,0.0,0.35000000000000003,0.575,0.58,0.6066666666666667,0.812
264,Oleksandr,Zinchenko,12,0.0,0.0,0.0,0.0,0.0,0.0,0.0,0.0,0.0,0.0,0.025,0.0,0.006666666666666667,0.004
265,Phil,Foden,12,0.0,0.2,0.05,0.22499999999999998,0.13999999999999999,0.24666666666666665,0.156,0.0,0.0,0.05,0.15,0.06,0.13333333333333333,0.092
266,Rodrigo,Hernandez,12,0.0,0.0,0.0,0.0,0.0,0.0,0.004,0.0,0.0,0.05,0.0,0.0,0.006666666666666667,0.008
268,Ferran,Torres,12,0.0,0.0,0.05,0.1,0.16,0.12666666666666665,0.196,14.666666666666666,4.0,5.35,5.6000000000000005,6.819999999999999,8.326666666666666,8.852
453,Fernando,Luiz Rosa,12,0.0,0.0,0.0,0.0,0.0,0.0,0.0,0.0,0.0,0.0,0.0,0.0,0.0,0.008
507,Cole,Palmer,12,0.0,0.0,0.0,0.0,0.0,0.0,0.0,0.0,0.0,0.0,0.0,0.0,0.0,0.0
508,Samuel,Edozie,12,0.0,0.0,0.0,0.0,0.0,0.0,0.0,0.0,0.0,0.0,0.0,0.0,0.0,0.0
566,Tommy,Doyle,12,0.0,0.0,0.0,0.0,0.0,0.0,0.0,0.0,0.0,0.0,0.0,0.0,0.0,0.0
593,Scott,Carson,12,0.0,0.0,0.0,0.0,0.0,0.02,0.008,0.0,0.0,0.05,0.025,0.02,0.04,0.02
603,Luke,Mbete,12,0.0,0.0,0.0,0.0,0.02,0.0,0.004,0.0,0.0,0.0,0.0,0.02,0.0,0.0
604,Joshua,Wilson-Esbrand,12,0.0,0.0,0.0,0.0,0.0,0.0,0.0,0.0,0.0,0.0,0.0,0.0,0.0,0.0
605,Romeo,Lavia,12,0.0,0.0,0.05,0.0,0.0,0.0,0.0,0.0,0.0,0.0,0.0,0.0,0.0,0.0
269,Edinson,Cavani,13,0.0,0.0,0.0,0.0,0.02,0.006666666666666667,0.02,0.0,0.0,0.0,0.0,0.0,0.013333333333333334,0.004
270,David,de Gea,13,0.0,0.0,0.1,0.25,0.24,0.15333333333333335,0.17600000000000002,0.0,0.0,0.4,0.3,0.27999999999999997,0.31333333333333335,0.356
271,Nemanja,Matic,13,0.0,0.0,0.0,0.0,0.0,0.006666666666666667,0.0,0.0,0.0,0.0,0.0,0.02,0.0,0.008
272,Paul,Pogba,13,0.0,0.4,0.44999999999999996,0.2,0.27999999999999997,0.38,0.516,0.0,0.4,0.44999999999999996,0.625,0.7799999999999999,0.96,1.572
273,Harry,Maguire,13,0.0,0.0,0.0,0.0,0.04,0.006666666666666667,0.008,0.0,0.4,0.2,0.475,0.54,0.54,0.76
274,Frederico,Rodrigues de Paula Santos,13,0.0,0.0,0.0,0.0,0.0,0.006666666666666667,0.004,0.0,0.0,0.0,0.0,0.0,0.0,0.012
275,Luke,Shaw,13,0.0,0.0,0.15,0.05,0.04,0.07333333333333333,0.08800000000000001,9.333333333333334,15.6,25.0,31.0,32.28,32.03333333333334,29.768
276,Jesse,Lingard,13,0.0,0.0,0.1,0.0,0.04,0.02,0.016,0.0,0.0,0.05,0.0,0.04,0.02,0.027999999999999997
277,Bruno Miguel,Borges Fernandes,13,0.0,0.2,0.35000000000000003,0.3,0.3,0.16,0.332,0.0,0.4,0.95,1.6,2.54,3.733333333333334,4.128
278,Anthony,Martial,13,0.0,0.0,0.0,0.0,0.0,0.0,0.0,0.0,0.0,0.0,0.0,0.0,0.0,0.004
279,Alex Nicolao,Telles,13,0.0,0.0,0.05,0.05,0.0,0.03333333333333333,0.07200000000000001,0.0,0.0,0.05,0.05,0.0,0.013333333333333334,0.027999999999999997
280,Dean,Henderson,13,0.0,0.0,0.0,0.0,0.0,0.0,0.0,0.0,0.0,0.0,0.025,0.02,0.006666666666666667,0.004
281,Marcus,Rashford,13,0.0,0.0,0.0,0.0,0.0,0.0,0.004,0.0,0.0,0.0,0.0,0.0,0.0,0.004
282,Donny,van de Beek,13,0.0,0.0,0.0,0.0,0.0,0.0,0.0,0.0,0.0,0.0,0.0,0.0,0.0,0.0
284,Victor,Lindelöf,13,0.0,0.0,0.0,0.075,0.04,0.02,0.036000000000000004,0.0,0.0,0.0,0.0,0.02,0.013333333333333334,0.004
285,Scott,McTominay,13,0.0,0.0,0.0,0.0,0.0,0.0,0.0,0.0,0.0,0.0,0.0,0.0,0.0,0.004
286,Eric,Bailly,13,0.0,0.0,0.0,0.0,0.0,0.0,0.0,0.0,0.0,0.0,0.0,0.0,0.0,0.0
288,Aaron,Wan-Bissaka,13,0.0,0.0,0.25,0.125,0.06,0.10666666666666667,0.164,0.0,0.0,0.15,0.125,0.2,0.19333333333333333,0.336
289,Mason,Greenwood,13,0.0,1.4000000000000001,0.4,0.375,0.44,0.7266666666666667,0.692,1.3333333333333335,2.6,6.7,8.55,8.94,8.98,8.752
459,Juan,Mata,13,0.0,0.0,0.0,0.0,0.0,0.006666666666666667,0.0,0.0,0.0,0.0,0.0,0.0,0.006666666666666667,0.0
485,Jadon,Sancho,13,0.0,0.0,0.0,0.025,0.04,0.0,0.012,0.0,0.0,0.0,0.025,0.04,0.006666666666666667,0.032
509,Tom,Heaton,13,0.0,0.0,0.0,0.0,0.02,0.02,0.008,0.0,0.0,0.0,0.0,0.0,0.02666666666666667,0.008
510,José Diogo,Dalot Teixeira,13,0.0,0.0,0.0,0.0,0.0,0.006666666666666667,0.012,0.0,0.0,0.0,0.0,0.0,0.006666666666666667,0.004
511,Andreas,Pereira,13,0.0,0.0,0.0,0.0,0.0,0.0,0.0,0.0,0.0,0.0,0.0,0.0,0.0,0.0
512,Anthony,Elanga,13,0.0,0.0,0.0,0.0,0.0,0.0,0.0,0.0,0.0,0.0,0.0,0.0,0.006666666666666667,0.0
555,Raphaël,Varane,13,0.0,0.6,0.15,0.15,0.18,0.15333333333333335,0.232,0.0,0.0,0.0,0.15,0.12,0.11333333333333334,0.152
579,Cristiano Ronaldo,dos Santos Aveiro,13,2.666666666666667,0.6,1.0,0.8250000000000001,1.24,1.3,1.456,21.333333333333336,17.8,17.95,16.7,15.18,13.54,12.6
19,Joseph,Willock,14,0.0,0.0,0.05,0.0,0.0,0.02666666666666667,0.024,0.0,0.0,0.0,0.0,0.02,0.05333333333333334,0.06
291,Jonjo,Shelvey,14,0.0,0.0,0.0,0.0,0.0,0.0,0.0,0.0,0.0,0.0,0.0,0.0,0.0,0.0
292,Matt,Ritchie,14,0.0,0.0,0.0,0.025,0.0,0.0,0.012,0.0,0.0,0.0,0.025,0.0,0.013333333333333334,0.008
293,Ciaran,Clark,14,0.0,0.0,0.0,0.0,0.0,0.006666666666666667,0.0,0.0,0.0,0.0,0.0,0.0,0.013333333333333334,0.0
294,Karl,Darlow,14,0.0,0.2,0.05,0.1,0.08,0.02666666666666667,0.052,0.0,0.2,0.0,0.025,0.06,0.02666666666666667,0.044000000000000004
295,Martin,Dubravka,14,0.0,0.0,0.0,0.0,0.0,0.0,0.0,0.0,0.0,0.0,0.0,0.0,0.0,0.0
296,Callum,Wilson,14,0.0,0.0,0.0,0.0,0.0,0.0,0.0,0.0,0.0,0.0,0.025,0.08,0.10666666666666667,0.108
297,Jeff,Hendrick,14,0.0,0.0,0.0,0.0,0.0,0.0,0.0,0.0,0.0,0.0,0.0,0.0,0.006666666666666667,0.0
298,Ryan,Fraser,14,0.0,0.0,0.0,0.0,0.0,0.0,0.0,0.0,0.0,0.0,0.0,0.02,0.0,0.0
299,Jamaal,Lascelles,14,0.0,0.0,0.0,0.0,0.0,0.0,0.0,0.0,0.0,0.0,0.0,0.04,0.013333333333333334,0.016
300,Dwight,Gayle,14,0.0,0.0,0.0,0.0,0.0,0.0,0.0,0.0,0.0,0.0,0.0,0.0,0.006666666666666667,0.004
301,Paul,Dummett,14,0.0,0.0,0.0,0.0,0.0,0.0,0.0,0.0,0.0,0.0,0.0,0.0,0.0,0.0
302,Javier,Manquillo,14,0.0,1.2,0.65,1.55,1.52,1.9,2.08,0.0,0.8,0.5,0.8999999999999999,0.76,0.9933333333333334,1.1480000000000001
303,Emil,Krafth,14,0.0,0.0,0.0,0.0,0.0,0.006666666666666667,0.004,0.0,0.0,0.0,0.0,0.0,0.0,0.0
304,Jacob,Murphy,14,0.0,0.0,0.0,0.0,0.0,0.0,0.036000000000000004,0.0,0.0,0.05,0.05,0.08,0.04,0.132
305,Fabian,Schär,14,0.0,0.0,0.0,0.0,0.0,0.0,0.0,0.0,0.0,0.0,0.0,0.02,0.0,0.008
306,Isaac,Hayden,14,0.0,0.0,0.0,0.0,0.0,0.006666666666666667,0.0,0.0,0.0,0.0,0.0,0.0,0.006666666666666667,0.008
307,Allan,Saint-Maximin,14,0.0,1.7999999999999998,2.35,2.9499999999999997,3.32,3.4066666666666667,3.508,0.0,1.4000000000000001,1.8499999999999999,3.0,2.46,2.3866666666666667,2.416
308,Miguel,Almirón,14,0.0,0.0,0.0,0.0,0.0,0.013333333333333334,0.016,2.666666666666667,0.0,0.0,0.0,0.0,0.02,0.02
309,Sean,Longstaff,14,0.0,0.2,0.15,0.44999999999999996,0.36,0.4333333333333333,0.396,0.0,0.0,0.1,0.3,0.18,0.22666666666666668,0.128
310,Joelinton Cássio,Apolinário de Lira,14,0.0,0.0,0.0,0.0,0.0,0.013333333333333334,0.008,0.0,0.0,0.0,0.0,0.0,0.013333333333333334,0.008
311,Jamal,Lewis,14,0.0,0.0,0.0,0.0,0.0,0.0,0.004,0.0,0.0,0.0,0.0,0.0,0.0,0.004
312,Matthew,Longstaff,14,0.0,0.0,0.0,0.0,0.0,0.0,0.0,0.0,0.0,0.0,0.0,0.0,0.0,0.004
465,Federico,Fernández,14,0.0,0.0,0.0,0.0,0.0,0.0,0.0,0.0,0.0,0.0,0.0,0.0,0.006666666666666667,0.004
513,Freddie,Woodman,14,0.0,0.0,0.0,0.0,0.0,0.0,0.0,0.0,0.0,0.1,0.05,0.0,0.03333333333333333,0.008
514,Mark,Gillespie,14,0.0,0.0,0.0,0.0,0.0,0.0,0.012,0.0,0.0,0.0,0.1,0.04,0.02,0.036000000000000004
599,Joe,White,14,0.0,0.0,0.05,0.025,0.02,0.006666666666666667,0.012,0.0,0.0,0.0,0.0,0.0,0.0,0.008
609,Elliot,Anderson,14,0.0,0.0,0.0,0.0,0.0,0.0,0.0,0.0,0.0,0.0,0.0,0.0,0.0,0.0
145,Billy,Gilmour,15,0.0,0.0,0.15,0.05,0.22,0.14666666666666667,0.16,0.0,0.2,1.3,1.325,1.9,2.3066666666666666,2.032
290,Brandon,Williams,15,0.0,0.4,0.35000000000000003,0.7250000000000001,1.0999999999999999,0.7799999999999999,0.936,2.666666666666667,1.0,2.1999999999999997,1.875,1.8599999999999999,1.54,1.464
313,Michael,McGovern,15,0.0,0.0,0.0,0.0,0.0,0.006666666666666667,0.004,0.0,0.0,0.0,0.05,0.08,0.11333333333333334,0.1
314,Tim,Krul,15,0.0,0.0,0.0,0.0,0.0,0.0,0.016,0.0,0.0,0.0,0.0,0.02,0.02666666666666667,0.024
315,Teemu,Pukki,15,0.0,0.4,0.1,0.25,0.22,0.18666666666666668,0.38,0.0,0.0,0.6,0.675,0.44,0.7266666666666667,0.8160000000000001
316,Marco,Stiepermann,15,0.0,0.0,0.0,0.0,0.0,0.0,0.0,0.0,0.0,0.0,0.0,0.0,0.0,0.0
317,Lukas,Rupp,15,0.0,0.0,0.0,0.0,0.0,0.006666666666666667,0.0,0.0,0.0,0.0,0.0,0.0,0.013333333333333334,0.016
318,Kenny,McLean,15,0.0,0.0,0.0,0.0,0.0,0.0,0.0,0.0,0.0,0.0,0.0,0.0,0.0,0.004
319,Grant,Hanley,15,0.0,0.0,0.0,0.0,0.0,0.0,0.0,0.0,0.0,0.0,0.0,0.0,0.0,0.004
320,Onel,Hernández,15,0.0,0.0,0.0,0.0,0.0,0.0,0.0,0.0,0.0,0.0,0.0,0.0,0.0,0.0
321,Sam,Byram,15,0.0,0.0,0.0,0.0,0.0,0.0,0.0,0.0,0.0,0.0,0.0,0.0,0.0,0.0
322,Jordan,Hugill,15,0.0,0.0,0.0,0.0,0.0,0.0,0.0,0.0,0.0,0.0,0.0,0.0,0.0,0.0
323,Kieran,Dowell,15,0.0,0.0,0.0,0.0,0.0,0.0,0.0,0.0,0.0,0.0,0.0,0.0,0.0,0.008
324,Christoph,Zimmermann,15,0.0,0.0,0.0,0.0,0.0,0.0,0.0,0.0,0.0,0.0,0.0,0.0,0.0,0.0
325,Todd,Cantwell,15,0.0,0.0,0.0,0.0,0.0,0.0,0.0,0.0,0.0,0.05,0.0,0.02,0.02,0.055999999999999994
326,Max,Aarons,15,0.0,0.0,0.0,0.0,0.02,0.04666666666666667,0.016,0.0,0.0,0.0,0.025,0.04,0.08,0.064
327,Jacob,Sørensen,15,0.0,0.0,0.0,0.0,0.0,0.0,0.0,0.0,0.0,0.0,0.0,0.0,0.0,0.0
328,Przemyslaw,Placheta,15,0.0,0.0,0.0,0.0,0.0,0.0,0.0,0.0,0.0,0.0,0.0,0.0,0.0,0.0
329,Adam,Idah,15,0.0,0.0,0.0,0.0,0.0,0.02,0.008,0.0,0.0,0.0,0.0,0.0,0.04,0.02
330,Josh,Martin,15,0.0,0.0,0.0,0.0,0.0,0.0,0.0,0.0,0.0,0.0,0.0,0.0,0.0,0.0
331,Andrew,Omobamidele,15,0.0,1.7999999999999998,1.0,1.175,1.2,1.1733333333333333,1.22,0.0,0.8,1.8499999999999999,1.575,1.34,1.1333333333333333,1.1400000000000001
448,Angus,Gunn,15,0.0,0.0,0.0,0.075,0.04,0.05333333333333334,0.048,0.0,0.0,0.0,0.25,0.24,0.32666666666666666,0.22
449,Milot,Rashica,15,0.0,0.0,0.0,0.0,0.0,0.0,0.004,0.0,0.0,0.0,0.0,0.0,0.0,0.02
456,Ben,Gibson,15,0.0,0.0,0.0,0.0,0.0,0.0,0.0,0.0,0.0,0.0,0.0,0.0,0.0,0.0
457,Dimitris,Giannoulis,15,0.0,0.0,0.0,0.0,0.0,0.0,0.0,0.0,0.0,0.0,0.0,0.0,0.0,0.0
471,Pierre,Lees-Melou,15,0.0,0.0,0.0,0.0,0.0,0.0,0.0,0.0,0.0,0.0,0.0,0.0,0.0,0.004
515,Bali,Mumba,15,0.0,0.0,0.0,0.0,0.0,0.0,0.0,0.0,0.0,0.0,0.0,0.0,0.0,0.004
516,Joshua,Sargent,15,0.0,0.0,0.0,0.0,0.0,0.0,0.008,0.0,0.0,0.0,0.0,0.0,0.006666666666666667,0.0
528,Christos,Tzolis,15,0.0,0.0,0.0,0.0,0.0,0.0,0.004,0.0,0.0,0.0,0.0,0.0,0.0,0.004
580,Ozan,Kabak,15,0.0,0.0,0.0,0.0,0.0,0.0,0.004,0.0,0.0,0.0,0.0,0.0,0.0,0.0
581,Mathias,Normann,15,0.0,0.0,0.0,0.1,0.1,0.02666666666666667,0.068,0.0,0.0,0.0,0.025,0.02,0.006666666666666667,0.036000000000000004
332,Theo,Walcott,16,0.0,0.0,0.0,0.0,0.0,0.0,0.0,0.0,0.0,0.0,0.0,0.0,0.0,0.0
333,Fraser,Forster,16,0.0,0.0,0.1,0.025,0.0,0.05333333333333334,0.108,0.0,0.0,0.05,0.05,0.06,0.10666666666666667,0.1
334,Alex,McCarthy,16,0.0,0.2,0.05,0.25,0.42,0.20666666666666667,0.28800000000000003,0.0,0.6,0.0,0.1,0.33999999999999997,0.15333333333333335,0.13999999999999999
335,Oriol,Romeu Vidal,16,0.0,0.0,0.0,0.05,0.04,0.02,0.02,0.0,0.0,0.0,0.1,0.04,0.05333333333333334,0.044000000000000004
336,Nathan,Redmond,16,0.0,0.0,0.0,0.0,0.0,0.0,0.0,0.0,0.0,0.0,0.0,0.0,0.0,0.0
338,Jack,Stephens,16,0.0,0.0,0.0,0.0,0.0,0.0,0.0,0.0,0.0,0.0,0.0,0.0,0.006666666666666667,0.0
339,Stuart,Armstrong,16,0.0,0.0,0.0,0.0,0.0,0.0,0.0,0.0,0.0,0.0,0.0,0.0,0.0,0.0
341,James,Ward-Prowse,16,0.0,0.0,0.0,0.075,0.02,0.12666666666666665,0.07200000000000001,0.0,0.2,0.0,0.05,0.06,0.12,0.104
342,Kyle,Walker-Peters,16,0.0,0.0,0.0,0.0,0.0,0.0,0.0,0.0,0.0,0.0,0.025,0.0,0.006666666666666667,0.0
343,Jan,Bednarek,16,0.0,0.0,0.0,0.0,0.0,0.006666666666666667,0.008,0.0,0.0,0.0,0.0,0.0,0.013333333333333334,0.02
344,Daniel,N'Lundulu,16,0.0,0.0,0.0,0.0,0.0,0.0,0.0,0.0,0.0,0.0,0.0,0.0,0.0,0.0
345,Che,Adams,16,0.0,0.0,0.0,0.0,0.0,0.0,0.004,0.0,0.0,0.0,0.025,0.0,0.03333333333333333,0.032
346,Nathan,Tella,16,0.0,0.0,0.0,0.0,0.0,0.0,0.0,0.0,0.0,0.0,0.0,0.0,0.02,0.0
347,William,Smallbone,16,0.0,0.0,0.0,0.0,0.0,0.0,0.0,0.0,0.0,0.0,0.0,0.0,0.0,0.0
348,Michael,Obafemi,16,0.0,0.0,0.0,0.0,0.0,0.0,0.0,0.0,0.2,1.4000000000000001,2.1999999999999997,2.8000000000000003,3.2066666666666666,3.512
349,Ibrahima,Diallo,16,0.0,0.0,0.0,0.0,0.02,0.0,0.004,0.0,0.0,0.0,0.0,0.02,0.0,0.012
350,Moussa,Djenepo,16,0.0,0.0,0.0,0.0,0.0,0.0,0.0,0.0,0.0,0.0,0.0,0.0,0.0,0.0
351,Mohammed,Salisu,16,0.0,0.0,0.0,0.0,0.0,0.006666666666666667,0.008,0.0,0.0,0.0,0.0,0.0,0.006666666666666667,0.004
460,Romain,Perraud,16,0.0,0.0,0.0,0.0,0.0,0.0,0.0,0.0,0.0,0.0,0.0,0.0,0.0,0.0
491,Tino,Livramento,16,0.0,0.8,4.3,5.575,6.1,6.666666666666667,7.335999999999999,0.0,1.7999999999999998,0.95,1.7000000000000002,1.9,1.4933333333333334,1.348
517,Mohamed,Elyounoussi,16,0.0,0.0,0.4,0.525,0.27999999999999997,0.16,0.136,0.0,0.0,0.15,0.2,0.13999999999999999,0.06,0.084
518,Armando,Broja,16,0.0,0.0,0.0,0.025,0.0,0.0,0.012,0.0,0.0,0.05,0.025,0.02,0.04666666666666667,0.068
519,Shane,Long,16,0.0,0.0,0.0,0.0,0.0,0.0,0.0,0.0,0.0,0.0,0.0,0.0,0.0,0.0
525,Adam,Armstrong,16,0.0,0.0,0.5,0.65,0.6,0.6133333333333334,0.484,0.0,0.4,0.5,0.8750000000000001,0.72,0.9466666666666667,0.8920000000000001
546,Yan,Valery,16,0.0,0.0,0.0,0.0,0.0,0.006666666666666667,0.008,0.0,0.0,0.0,0.0,0.02,0.0,0.004
567,Lyanco Evangelista,Silveira Neves Vojnovic,16,0.0,0.0,0.0,0.0,0.0,0.0,0.0,0.0,0.0,0.0,0.0,0.0,0.0,0.0
352,Joe,Hart,17,0.0,0.0,0.0,0.0,0.0,0.0,0.0,0.0,0.0,0.0,0.0,0.0,0.0,0.0
353,Hugo,Lloris,17,0.0,0.0,0.05,0.075,0.1,0.03333333333333333,0.055999999999999994,0.0,0.0,0.25,0.125,0.27999999999999997,0.22666666666666668,0.376
355,Toby,Alderweireld,17,0.0,0.0,0.0,0.0,0.0,0.0,0.0,0.0,0.0,0.0,0.0,0.0,0.0,0.0
356,Erik,Lamela,17,0.0,0.0,0.0,0.0,0.0,0.0,0.0,0.0,0.0,0.0,0.0,0.0,0.0,0.0
357,Harry,Kane,17,0.0,1.0,0.15,0.2,0.18,0.16666666666666669,0.23600000000000002,0.0,0.2,0.05,0.15,0.13999999999999999,0.15333333333333335,0.212
358,Serge,Aurier,17,0.0,0.0,0.0,0.0,0.0,0.0,0.0,0.0,0.0,0.0,0.0,0.0,0.0,0.0
359,Heung-Min,Son,17,0.0,4.0,3.05,2.0500000000000003,2.74,2.046666666666667,2.104,0.0,1.2,0.7000000000000001,0.5499999999999999,0.8,0.7533333333333334,0.744
360,Matt,Doherty,17,0.0,0.0,0.0,0.0,0.0,0.0,0.004,0.0,0.0,0.0,0.0,0.0,0.006666666666666667,0.008
361,Eric,Dier,17,0.0,0.0,0.1,0.05,0.08,0.19333333333333333,0.164,0.0,1.0,0.44999999999999996,0.575,0.8200000000000001,0.8999999999999999,0.792
362,Lucas,Rodrigues Moura da Silva,17,0.0,0.0,0.05,0.025,0.0,0.013333333333333334,0.012,0.0,0.0,0.0,0.0,0.02,0.006666666666666667,0.004
363,Bamidele,Alli,17,0.0,0.0,0.0,0.025,0.02,0.04666666666666667,0.036000000000000004,0.0,0.2,0.2,0.1,0.13999999999999999,0.19333333333333333,0.244
364,Ben,Davies,17,0.0,0.0,0.0,0.0,0.0,0.0,0.0,0.0,0.0,0.0,0.0,0.0,0.006666666666666667,0.004
365,Pierre-Emile,Højbjerg,17,0.0,0.0,0.0,0.025,0.0,0.006666666666666667,0.016,0.0,0.0,0.0,0.025,0.04,0.05333333333333334,0.08
366,Harry,Winks,17,0.0,0.0,0.0,0.025,0.0,0.0,0.02,0.0,0.0,0.0,0.025,0.0,0.02666666666666667,0.04
367,Davinson,Sánchez,17,0.0,0.0,0.05,0.05,0.12,0.06,0.08,0.0,0.0,0.1,0.075,0.1,0.13333333333333333,0.164
368,Ryan,Sessegnon,17,0.0,0.0,0.0,0.0,0.0,0.0,0.0,0.0,0.0,0.0,0.0,0.0,0.0,0.0
369,Steven,Bergwijn,17,0.0,0.0,0.0,0.0,0.0,0.0,0.0,0.0,0.0,0.0,0.0,0.0,0.05333333333333334,0.055999999999999994
370,Sergio,Reguilón,17,0.0,0.2,0.44999999999999996,0.25,0.5,0.41333333333333333,0.7040000000000001,0.0,0.6,0.8999999999999999,1.0250000000000001,1.32,1.4333333333333333,1.252
371,Japhet,Tanganga,17,0.0,0.0,0.0,0.0,0.02,0.0,0.016,0.0,0.2,0.1,0.125,0.26,0.14666666666666667,0.22
372,Giovani,Lo Celso,17,0.0,0.0,0.0,0.0,0.0,0.0,0.0,0.0,0.0,0.0,0.0,0.0,0.0,0.0
373,Oliver,Skipp,17,0.0,0.0,0.0,0.025,0.08,0.006666666666666667,0.027999999999999997,0.0,0.0,0.0,0.05,0.06,0.07333333333333333,0.116
374,Joe,Rodon,17,0.0,0.0,0.0,0.0,0.0,0.0,0.0,0.0,0.0,0.0,0.0,0.0,0.0,0.004
375,Tanguy,Ndombele,17,0.0,0.0,0.0,0.0,0.0,0.0,0.0,0.0,0.0,0.05,0.0,0.0,0.0,0.0
486,Pierluigi,Gollini,17,0.0,0.0,0.0,0.0,0.0,0.0,0.0,0.0,0.0,0.0,0.0,0.0,0.0,0.0
487,Bryan,Gil Salvatierra,17,0.0,0.0,0.0,0.0,0.0,0.006666666666666667,0.0,0.0,0.0,0.0,0.0,0.0,0.006666666666666667,0.0
494,Cristian,Romero,17,0.0,0.0,0.0,0.0,0.0,0.013333333333333334,0.0,0.0,0.0,0.0,0.0,0.02,0.0,0.008
520,Dane,Scarlett,17,0.0,0.0,0.15,0.05,0.32,0.2533333333333333,0.18,0.0,0.2,0.7000000000000001,1.05,0.9199999999999999,1.2333333333333334,2.084
588,Emerson Aparecido,Leite de Souza Junior,17,0.0,0.0,0.0,0.0,0.0,0.013333333333333334,0.012,0.0,0.0,0.0,0.0,0.0,0.013333333333333334,0.036000000000000004
597,Dilan,Markanday,17,0.0,0.0,0.0,0.0,0.02,0.006666666666666667,0.0,0.0,0.0,0.0,0.0,0.0,0.006666666666666667,0.0
598,Tobi,Omole,17,0.0,0.0,0.0,0.0,0.02,0.0,0.0,0.0,0.0,0.0,0.0,0.0,0.0,0.0
354,Moussa,Sissoko,18,0.0,0.4,0.1,0.625,0.45999999999999996,0.4866666666666667,0.432,0.0,0.8,0.44999999999999996,0.775,0.64,0.7000000000000001,0.6
376,Ben,Foster,18,0.0,1.6,2.1999999999999997,3.4750000000000005,3.7600000000000002,4.046666666666667,4.08,0.0,0.2,1.2,1.05,1.1199999999999999,1.1533333333333333,1.032
377,Danny,Rose,18,0.0,0.0,0.0,0.0,0.02,0.0,0.016,0.0,0.0,0.0,0.0,0.0,0.006666666666666667,0.027999999999999997
378,Dan,Gosling,18,0.0,0.0,0.0,0.0,0.0,0.0,0.0,0.0,0.0,0.0,0.0,0.0,0.0,0.004
379,Craig,Cathcart,18,0.0,0.0,0.0,0.0,0.0,0.0,0.0,0.0,0.0,0.0,0.025,0.0,0.0,0.004
380,Troy,Deeney,18,0.0,0.0,0.0,0.0,0.0,0.0,0.0,0.0,0.2,0.05,0.0,0.04,0.04,0.032
381,Tom,Cleverley,18,0.0,0.0,0.0,0.0,0.0,0.0,0.0,0.0,0.0,0.0,0.0,0.0,0.006666666666666667,0.008
382,Francisco,Femenía Far,18,0.0,0.0,0.0,0.0,0.0,0.0,0.0,0.0,0.0,0.0,0.0,0.0,0.07333333333333333,0.012
383,Andre,Gray,18,0.0,0.0,0.0,0.0,0.0,0.0,0.0,0.0,0.0,0.0,0.0,0.0,0.0,0.008
384,Christian,Kabasele,18,0.0,0.0,0.0,0.0,0.0,0.0,0.0,0.0,0.0,0.0,0.0,0.0,0.0,0.0
385,Nathaniel,Chalobah,18,0.0,0.0,0.0,0.0,0.0,0.0,0.0,0.0,0.0,0.0,0.0,0.0,0.0,0.0
387,William,Troost-Ekong,18,0.0,0.0,0.0,0.0,0.0,0.0,0.0,0.0,0.0,0.0,0.0,0.0,0.013333333333333334,0.008
388,Stipe,Perica,18,0.0,0.0,0.0,0.0,0.0,0.0,0.0,0.0,0.0,0.5,0.8750000000000001,0.84,0.8333333333333334,0.532
389,Daniel,Bachmann,18,0.0,0.0,0.0,0.0,0.0,0.02,0.004,0.0,1.7999999999999998,0.1,0.675,0.66,0.9533333333333333,0.848
390,Adam,Masina,18,0.0,0.0,0.0,0.0,0.0,0.0,0.0,0.0,0.0,0.05,0.0,0.0,0.013333333333333334,0.0
391,Ken,Sema,18,0.0,0.0,0.0,0.0,0.0,0.0,0.0,0.0,0.0,0.0,0.0,0.0,0.0,0.0
392,Philip,Zinckernagel,18,0.0,0.0,0.0,0.0,0.0,0.0,0.0,0.0,0.0,0.0,0.0,0.0,0.0,0.0
393,Isaac,Success Ajayi,18,0.0,0.0,0.0,0.0,0.0,0.0,0.0,0.0,0.0,0.0,0.0,0.0,0.006666666666666667,0.008
394,Ayotomiwa,Dele-Bashiru,18,0.0,0.0,0.0,0.0,0.0,0.0,0.0,0.0,0.0,0.0,0.0,0.0,0.0,0.0
395,Ashley,Fletcher,18,0.0,0.0,0.0,0.0,0.0,0.0,0.0,0.0,0.0,0.0,0.0,0.0,0.013333333333333334,0.008
396,Francisco,Sierralta,18,0.0,0.0,0.0,0.0,0.0,0.0,0.0,0.0,0.0,0.0,0.0,0.02,0.013333333333333334,0.004
397,Domingos,Quina,18,0.0,0.0,0.0,0.0,0.0,0.0,0.0,0.0,0.0,0.0,0.0,0.0,0.0,0.004
398,Marc,Navarro,18,0.0,0.0,0.0,0.0,0.0,0.0,0.0,0.0,0.0,0.0,0.0,0.0,0.02666666666666667,0.0
399,Ismaila,Sarr,18,5.333333333333334,4.0,5.55,6.325,5.82,7.746666666666667,7.756,1.3333333333333335,0.8,3.8,3.9,3.74,3.286666666666667,2.6679999999999997
400,Jeremy,Ngakia,18,0.0,0.0,0.0,0.0,0.0,0.0,0.0,0.0,0.0,0.0,0.0,0.0,0.0,0.008
401,Ben,Wilmot,18,0.0,0.0,0.0,0.0,0.0,0.0,0.0,0.0,0.0,0.0,0.0,0.0,0.0,0.0
402,Joseph,Hungbo,18,0.0,0.0,0.0,0.0,0.0,0.0,0.0,0.0,0.0,0.0,0.0,0.02,0.0,0.0
403,Imrân,Louza,18,0.0,0.0,0.0,0.0,0.0,0.0,0.0,0.0,0.0,0.0,0.0,0.0,0.0,0.0
404,João Pedro,Junqueira de Jesus,18,0.0,0.0,0.0,0.0,0.0,0.0,0.004,0.0,0.0,0.0,0.0,0.0,0.0,0.008
405,Kwadwo,Baah,18,0.0,0.0,0.0,0.0,0.02,0.0,0.004,0.0,0.0,0.0,0.0,0.0,0.0,0.008
450,Emmanuel,Dennis,18,0.0,0.0,0.05,0.42500000000000004,0.6,0.5533333333333333,0.5680000000000001,0.0,0.6,1.4500000000000002,1.625,1.9800000000000002,2.3266666666666667,2.792
454,Matthew,Pollock,18,0.0,0.0,0.0,0.0,0.0,0.0,0.0,0.0,0.0,0.0,0.0,0.0,0.02,0.016
467,Oghenekaro Peter,Etebo,18,0.0,0.0,0.0,0.0,0.0,0.0,0.0,0.0,0.0,0.0,0.025,0.0,0.013333333333333334,0.008
468,Joshua,King,18,0.0,0.4,0.05,0.4,0.18,0.26,0.216,0.0,0.0,0.2,0.475,0.12,0.31333333333333335,0.2
469,Adedapo,Awokoya-Mebude,18,0.0,0.0,0.0,0.0,0.0,0.0,0.0,0.0,0.0,0.0,0.0,0.0,0.0,0.008
472,Juan Camilo,Hernández Suárez,18,0.0,0.0,0.0,0.0,0.02,0.006666666666666667,0.032,0.0,0.0,0.1,0.025,0.1,0.17333333333333334,0.156
495,Juraj,Kucka,18,0.0,0.0,0.0,0.0,0.0,0.0,0.0,0.0,0.0,0.0,0.0,0.0,0.0,0.0
557,Ozan,Tufan,18,0.0,0.0,0.0,0.0,0.0,0.0,0.0,0.0,0.0,0.0,0.0,0.0,0.0,0.0
574,Robert,Elliot,18,0.0,0.0,0.0,0.0,0.0,0.006666666666666667,0.02,0.0,0.0,0.0,0.025,0.0,0.013333333333333334,0.012
128,Kurt,Zouma,19,0.0,0.2,0.05,0.075,0.06,0.05333333333333334,0.048,0.0,0.0,0.0,0.025,0.02,0.04,0.016
406,Mark,Noble,19,0.0,0.0,0.0,0.0,0.0,0.006666666666666667,0.012,0.0,0.0,0.0,0.0,0.0,0.006666666666666667,0.027999999999999997
407,Darren,Randolph,19,0.0,0.2,0.0,0.0,0.0,0.0,0.0,0.0,0.0,0.0,0.0,0.0,0.006666666666666667,0.0
408,Lukasz,Fabianski,19,0.0,0.0,0.05,0.075,0.02,0.02666666666666667,0.068,0.0,0.0,0.1,0.05,0.0,0.02666666666666667,0.064
409,Angelo,Ogbonna,19,0.0,0.0,0.05,0.025,0.02,0.03333333333333333,0.02,0.0,0.0,0.05,0.0,0.0,0.02,0.012
410,Winston,Reid,19,0.0,0.0,0.0,0.0,0.02,0.0,0.004,0.0,0.0,0.0,0.025,0.04,0.02,0.036000000000000004
411,Aaron,Cresswell,19,0.0,0.4,0.8500000000000001,0.7000000000000001,1.02,1.2266666666666668,1.1520000000000001,0.0,0.2,0.44999999999999996,0.525,0.7799999999999999,1.0,1.164
412,Andriy,Yarmolenko,19,0.0,0.0,0.0,0.0,0.0,0.0,0.004,0.0,0.0,0.0,0.0,0.0,0.0,0.008
413,Michail,Antonio,19,4.0,1.4000000000000001,2.25,2.775,3.1199999999999997,3.9466666666666663,5.06,5.333333333333334,1.4000000000000001,1.8499999999999999,1.6,2.0,1.7933333333333332,1.752
414,Craig,Dawson,19,0.0,0.0,0.0,0.025,0.0,0.0,0.008,0.0,0.0,0.0,0.025,0.0,0.013333333333333334,0.012
415,Ryan,Fredericks,19,0.0,0.0,0.0,0.0,0.0,0.0,0.0,0.0,0.0,0.0,0.0,0.0,0.0,0.004
416,Manuel,Lanzini,19,0.0,0.0,0.0,0.0,0.0,0.006666666666666667,0.004,0.0,0.0,0.0,0.0,0.0,0.0,0.004
417,Arthur,Masuaku,19,0.0,0.0,0.05,0.0,0.0,0.0,0.0,0.0,0.0,0.0,0.0,0.0,0.006666666666666667,0.0
418,Vladimir,Coufal,19,0.0,0.0,0.0,0.15,0.12,0.19333333333333333,0.24,0.0,0.4,1.05,1.775,2.22,3.0733333333333333,5.064
419,Saïd,Benrahma,19,1.3333333333333335,3.4000000000000004,1.6500000000000001,2.725,2.52,2.986666666666667,3.5520000000000005,1.3333333333333335,3.0,2.7,4.324999999999999,4.78,5.266666666666667,6.248
420,Jarrod,Bowen,19,0.0,0.2,0.25,0.1,0.06,0.08666666666666667,0.128,0.0,0.2,0.0,0.05,0.02,0.07333333333333333,0.08800000000000001
421,Declan,Rice,19,0.0,0.0,0.05,0.075,0.13999999999999999,0.12666666666666665,0.184,0.0,0.0,0.0,0.025,0.1,0.08,0.108
422,Tomas,Soucek,19,0.0,0.0,0.0,0.05,0.04,0.04,0.052,0.0,0.4,0.0,0.075,0.1,0.16666666666666669,0.344
423,Pablo,Fornals,19,0.0,0.0,0.15,0.125,0.04,0.1,0.14400000000000002,0.0,0.0,0.0,0.125,0.13999999999999999,0.33333333333333337,0.432
424,Issa,Diop,19,0.0,0.0,0.0,0.0,0.0,0.0,0.0,0.0,0.0,0.0,0.0,0.0,0.0,0.0
425,Ben,Johnson,19,0.0,0.0,0.0,0.0,0.02,0.0,0.02,0.0,0.0,0.0,0.025,0.06,0.1,0.108
489,Alphonse,Areola,19,0.0,0.0,0.0,0.0,0.02,0.0,0.0,0.0,0.0,0.0,0.0,0.0,0.02,0.004
521,Frederik,Alves,19,0.0,0.0,0.0,0.0,0.0,0.0,0.0,0.0,0.0,0.0,0.0,0.0,0.0,0.0
522,Conor,Coventry,19,0.0,0.0,0.0,0.0,0.0,0.0,0.0,0.0,0.0,0.0,0.0,0.0,0.0,0.0
554,Jamal,Baptiste,19,0.0,0.0,0.0,0.025,0.02,0.0,0.004,0.0,0.0,0.0,0.0,0.0,0.0,0.0
582,Nikola,Vlasic,19,0.0,0.0,0.0,0.0,0.0,0.0,0.0,0.0,0.0,0.0,0.0,0.02,0.03333333333333333,0.004
589,Alex,Kral,19,0.0,0.0,0.0,0.0,0.0,0.0,0.004,0.0,0.0,0.0,0.0,0.0,0.0,0.004
426,João Filipe Iria,Santos Moutinho,20,0.0,0.0,0.0,0.05,0.06,0.02,0.04,0.0,0.0,0.15,0.025,0.06,0.06,0.068
427,Rui Pedro,dos Santos Patrício,20,0.0,0.0,0.0,0.0,0.0,0.0,0.0,0.0,0.0,0.0,0.0,0.0,0.0,0.0
428,Willy,Boly,20,0.0,0.0,0.0,0.0,0.0,0.0,0.016,0.0,0.0,0.0,0.0,0.0,0.0,0.012
429,Conor,Coady,20,0.0,0.0,0.15,0.5,0.38,0.5666666666666667,0.5680000000000001,0.0,0.0,0.44999999999999996,0.975,0.72,0.62,0.664
430,Raúl,Jiménez,20,4.0,6.4,7.35,8.1,7.4399999999999995,7.000000000000001,6.651999999999999,2.666666666666667,1.0,1.55,2.25,2.42,2.36,1.8159999999999998
431,Romain,Saïss,20,0.0,0.0,0.0,0.025,0.1,0.12,0.124,0.0,0.0,0.1,0.15,0.08,0.15333333333333335,0.108
432,Fernando,Marçal,20,0.0,2.1999999999999997,2.65,3.325,3.54,3.8666666666666667,4.295999999999999,0.0,4.3999999999999995,1.6500000000000001,2.1999999999999997,2.52,2.0933333333333337,2.024
433,Jonathan,Castro Otto,20,0.0,0.0,0.0,0.0,0.0,0.0,0.0,0.0,0.0,0.0,0.0,0.0,0.0,0.0
434,Leander,Dendoncker,20,0.0,0.0,0.0,0.0,0.0,0.02,0.004,0.0,0.0,0.0,0.0,0.0,0.006666666666666667,0.004
435,Adama,Traoré,20,0.0,0.2,0.05,0.15,0.16,0.18666666666666668,0.192,5.333333333333334,1.0,1.8499999999999999,2.15,2.18,2.013333333333333,1.9640000000000002
436,Rúben Diogo,da Silva Neves,20,0.0,0.0,0.0,0.0,0.0,0.0,0.0,0.0,0.0,0.0,0.0,0.0,0.02,0.032
437,Nélson,Cabral Semedo,20,2.666666666666667,0.8,1.55,2.3,2.1999999999999997,2.12,2.2640000000000002,2.666666666666667,2.1999999999999997,1.35,2.0,1.8800000000000001,1.7466666666666666,2.56
438,Daniel,Castelo Podence,20,0.0,0.0,0.0,0.0,0.02,0.03333333333333333,0.04,0.0,0.0,0.0,0.0,0.02,0.013333333333333334,0.024
439,Max,Kilman,20,4.0,0.0,0.0,0.025,0.02,0.06,0.1,1.3333333333333335,0.0,0.0,0.025,0.04,0.06666666666666667,0.076
440,Morgan,Gibbs-White,20,0.0,0.0,0.0,0.0,0.0,0.0,0.0,0.0,0.0,0.0,0.05,0.06,0.04,0.055999999999999994
441,Pedro,Lomba Neto,20,0.0,0.0,0.0,0.0,0.0,0.0,0.0,0.0,0.0,0.0,0.0,0.0,0.0,0.0
442,Owen,Otasowie,20,0.0,0.0,0.0,0.0,0.0,0.0,0.0,0.0,0.0,0.0,0.0,0.0,0.0,0.008
443,Ki-Jana,Hoever,20,0.0,0.0,0.0,0.0,0.04,0.02,0.02,0.0,0.0,0.0,0.15,0.13999999999999999,0.22,0.164
444,Andreas,Söndergaard,20,0.0,0.0,0.0,0.025,0.0,0.0,0.004,0.0,0.2,0.0,0.0,0.02,0.013333333333333334,0.068
445,Fabio,Silva,20,0.0,0.0,0.0,0.0,0.0,0.0,0.0,0.0,0.0,0.0,0.0,0.02,0.0,0.016
446,Yerson,Mosquera Valdelamar,20,0.0,0.0,0.0,0.0,0.0,0.0,0.0,0.0,0.0,0.0,0.0,0.0,0.0,0.0
452,John,Ruddy,20,0.0,0.0,0.0,0.0,0.0,0.0,0.012,0.0,0.0,0.0,0.0,0.0,0.0,0.008
461,Francisco,Machado Mota de Castro Trincão,20,0.0,0.0,0.05,0.025,0.0,0.006666666666666667,0.032,0.0,0.2,0.3,0.375,0.22,0.44,0.396
470,Rayan,Ait Nouri,20,0.0,0.0,0.0,0.0,0.0,0.006666666666666667,0.004,0.0,0.0,0.05,0.0,0.02,0.03333333333333333,0.012
475,José,Malheiro de Sá,20,0.0,1.0,0.7000000000000001,1.0,0.72,0.9733333333333334,1.196,0.0,1.0,0.35000000000000003,0.7000000000000001,0.54,0.5066666666666666,0.524
523,Patrick,Cutrone,20,0.0,0.0,0.0,0.0,0.0,0.0,0.0,0.0,0.0,0.0,0.0,0.0,0.0,0.016
547,Luke,Cundle,20,0.0,0.0,0.0,0.0,0.02,0.0,0.004,0.0,0.0,0.0,0.0,0.0,0.0,0.0
548,Chem,Campbell,20,0.0,0.0,0.0,0.0,0.02,0.006666666666666667,0.004,0.0,0.0,0.0,0.0,0.0,0.006666666666666667,0.0
549,Christian,Marques,20,0.0,0.0,0.0,0.0,0.0,0.0,0.0,0.0,0.0,0.0,0.0,0.0,0.0,0.004
583,Hee-Chan,Hwang,20,0.0,0.6,0.1,0.075,0.08,0.12666666666666665,0.164,2.666666666666667,0.8,0.0,0.22499999999999998,0.32,0.2866666666666667,0.36
611,Louie,Moulden,20,0.0,0.0,0.05,0.0,0.02,0.013333333333333334,0.032,0.0,0.0,0.0,0.0,0.0,0.006666666666666667,0.008
